distance_from_center,enclosed_mass,gravitational_field
0.001,2.31221e-05,1.54317e-09
0.001001,2.31916e-05,1.54471e-09
0.001002,2.32612e-05,1.54626e-09
0.001003,2.33311e-05,1.5478e-09
0.00100401,2.34011e-05,1.54935e-09
0.00100501,2.34714e-05,1.5509e-09
0.00100602,2.35419e-05,1.55245e-09
0.00100702,2.36126e-05,1.55401e-09
0.00100803,2.36835e-05,1.55556e-09
0.00100904,2.37546e-05,1.55711e-09
0.00101005,2.38259e-05,1.55867e-09
0.00101106,2.38975e-05,1.56023e-09
0.00101207,2.39693e-05,1.56179e-09
0.00101308,2.40412e-05,1.56335e-09
0.00101409,2.41134e-05,1.56492e-09
0.00101511,2.41858e-05,1.56648e-09
0.00101612,2.42585e-05,1.56805e-09
0.00101714,2.43313e-05,1.56962e-09
0.00101815,2.44044e-05,1.57118e-09
0.00101917,2.44777e-05,1.57276e-09
0.00102019,2.45512e-05,1.57433e-09
0.00102121,2.46249e-05,1.5759e-09
0.00102223,2.46989e-05,1.57748e-09
0.00102325,2.4773e-05,1.57906e-09
0.00102428,2.48474e-05,1.58064e-09
0.0010253,2.4922e-05,1.58222e-09
0.00102633,2.49969e-05,1.5838e-09
0.00102735,2.50719e-05,1.58538e-09
0.00102838,2.51472e-05,1.58697e-09
0.00102941,2.52227e-05,1.58855e-09
0.00103044,2.52985e-05,1.59014e-09
0.00103147,2.53745e-05,1.59173e-09
0.0010325,2.54507e-05,1.59332e-09
0.00103353,2.55271e-05,1.59492e-09
0.00103457,2.56038e-05,1.59651e-09
0.0010356,2.56806e-05,1.59811e-09
0.00103664,2.57578e-05,1.59971e-09
0.00103767,2.58351e-05,1.60131e-09
0.00103871,2.59127e-05,1.60291e-09
0.00103975,2.59905e-05,1.60451e-09
0.00104079,2.60686e-05,1.60612e-09
0.00104183,2.61468e-05,1.60772e-09
0.00104287,2.62254e-05,1.60933e-09
0.00104392,2.63041e-05,1.61094e-09
0.00104496,2.63831e-05,1.61255e-09
0.001046,2.64623e-05,1.61416e-09
0.00104705,2.65418e-05,1.61578e-09
0.0010481,2.66215e-05,1.61739e-09
0.00104915,2.67014e-05,1.61901e-09
0.00105019,2.67816e-05,1.62063e-09
0.00105124,2.68621e-05,1.62225e-09
0.0010523,2.69427e-05,1.62387e-09
0.00105335,2.70236e-05,1.6255e-09
0.0010544,2.71048e-05,1.62712e-09
0.00105546,2.71862e-05,1.62875e-09
0.00105651,2.72678e-05,1.63038e-09
0.00105757,2.73497e-05,1.63201e-09
0.00105863,2.74318e-05,1.63364e-09
0.00105968,2.75142e-05,1.63527e-09
0.00106074,2.75968e-05,1.63691e-09
0.0010618,2.76797e-05,1.63855e-09
0.00106287,2.77628e-05,1.64018e-09
0.00106393,2.78462e-05,1.64182e-09
0.00106499,2.79298e-05,1.64347e-09
0.00106606,2.80137e-05,1.64511e-09
0.00106712,2.80978e-05,1.64675e-09
0.00106819,2.81822e-05,1.6484e-09
0.00106926,2.82668e-05,1.65005e-09
0.00107033,2.83517e-05,1.6517e-09
0.0010714,2.84369e-05,1.65335e-09
0.00107247,2.85223e-05,1.65501e-09
0.00107354,2.86079e-05,1.65666e-09
0.00107462,2.86938e-05,1.65832e-09
0.00107569,2.878e-05,1.65997e-09
0.00107677,2.88664e-05,1.66163e-09
0.00107784,2.89531e-05,1.6633e-09
0.00107892,2.904e-05,1.66496e-09
0.00108,2.91273e-05,1.66662e-09
0.00108108,2.92147e-05,1.66829e-09
0.00108216,2.93025e-05,1.66996e-09
0.00108324,2.93905e-05,1.67163e-09
0.00108433,2.94787e-05,1.6733e-09
0.00108541,2.95672e-05,1.67497e-09
0.0010865,2.9656e-05,1.67665e-09
0.00108758,2.97451e-05,1.67833e-09
0.00108867,2.98344e-05,1.68e-09
0.00108976,2.9924e-05,1.68168e-09
0.00109085,3.00139e-05,1.68337e-09
0.00109194,3.0104e-05,1.68505e-09
0.00109303,3.01944e-05,1.68673e-09
0.00109413,3.02851e-05,1.68842e-09
0.00109522,3.0376e-05,1.69011e-09
0.00109631,3.04672e-05,1.6918e-09
0.00109741,3.05587e-05,1.69349e-09
0.00109851,3.06505e-05,1.69519e-09
0.00109961,3.07425e-05,1.69688e-09
0.00110071,3.08349e-05,1.69858e-09
0.00110181,3.09275e-05,1.70028e-09
0.00110291,3.10203e-05,1.70198e-09
0.00110401,3.11135e-05,1.70368e-09
0.00110512,3.12069e-05,1.70538e-09
0.00110622,3.13006e-05,1.70709e-09
0.00110733,3.13946e-05,1.70879e-09
0.00110843,3.14889e-05,1.7105e-09
0.00110954,3.15835e-05,1.71221e-09
0.00111065,3.16783e-05,1.71393e-09
0.00111176,3.17734e-05,1.71564e-09
0.00111287,3.18689e-05,1.71736e-09
0.00111399,3.19646e-05,1.71907e-09
0.0011151,3.20606e-05,1.72079e-09
0.00111622,3.21568e-05,1.72251e-09
0.00111733,3.22534e-05,1.72424e-09
0.00111845,3.23503e-05,1.72596e-09
0.00111957,3.24474e-05,1.72769e-09
0.00112069,3.25448e-05,1.72941e-09
0.00112181,3.26426e-05,1.73114e-09
0.00112293,3.27406e-05,1.73287e-09
0.00112405,3.28389e-05,1.73461e-09
0.00112518,3.29375e-05,1.73634e-09
0.0011263,3.30364e-05,1.73808e-09
0.00112743,3.31357e-05,1.73982e-09
0.00112856,3.32352e-05,1.74156e-09
0.00112969,3.3335e-05,1.7433e-09
0.00113081,3.34351e-05,1.74504e-09
0.00113195,3.35355e-05,1.74679e-09
0.00113308,3.36362e-05,1.74853e-09
0.00113421,3.37372e-05,1.75028e-09
0.00113534,3.38385e-05,1.75203e-09
0.00113648,3.39401e-05,1.75378e-09
0.00113762,3.4042e-05,1.75554e-09
0.00113875,3.41443e-05,1.75729e-09
0.00113989,3.42468e-05,1.75905e-09
0.00114103,3.43497e-05,1.76081e-09
0.00114217,3.44528e-05,1.76257e-09
0.00114332,3.45563e-05,1.76433e-09
0.00114446,3.466e-05,1.7661e-09
0.0011456,3.47641e-05,1.76786e-09
0.00114675,3.48685e-05,1.76963e-09
0.0011479,3.49732e-05,1.7714e-09
0.00114904,3.50783e-05,1.77317e-09
0.00115019,3.51836e-05,1.77494e-09
0.00115134,3.52893e-05,1.77672e-09
0.00115249,3.53952e-05,1.7785e-09
0.00115365,3.55015e-05,1.78027e-09
0.0011548,3.56081e-05,1.78205e-09
0.00115596,3.57151e-05,1.78384e-09
0.00115711,3.58223e-05,1.78562e-09
0.00115827,3.59299e-05,1.78741e-09
0.00115943,3.60378e-05,1.78919e-09
0.00116059,3.6146e-05,1.79098e-09
0.00116175,3.62546e-05,1.79277e-09
0.00116291,3.63634e-05,1.79457e-09
0.00116407,3.64726e-05,1.79636e-09
0.00116524,3.65822e-05,1.79816e-09
0.0011664,3.6692e-05,1.79996e-09
0.00116757,3.68022e-05,1.80176e-09
0.00116874,3.69127e-05,1.80356e-09
0.0011699,3.70236e-05,1.80536e-09
0.00117107,3.71347e-05,1.80717e-09
0.00117224,3.72463e-05,1.80897e-09
0.00117342,3.73581e-05,1.81078e-09
0.00117459,3.74703e-05,1.81259e-09
0.00117577,3.75828e-05,1.81441e-09
0.00117694,3.76957e-05,1.81622e-09
0.00117812,3.78089e-05,1.81804e-09
0.0011793,3.79224e-05,1.81985e-09
0.00118048,3.80363e-05,1.82167e-09
0.00118166,3.81505e-05,1.8235e-09
0.00118284,3.82651e-05,1.82532e-09
0.00118402,3.838e-05,1.82714e-09
0.0011852,3.84953e-05,1.82897e-09
0.00118639,3.86109e-05,1.8308e-09
0.00118758,3.87268e-05,1.83263e-09
0.00118876,3.88431e-05,1.83446e-09
0.00118995,3.89597e-05,1.8363e-09
0.00119114,3.90767e-05,1.83814e-09
0.00119233,3.91941e-05,1.83997e-09
0.00119353,3.93118e-05,1.84181e-09
0.00119472,3.94298e-05,1.84366e-09
0.00119591,3.95483e-05,1.8455e-09
0.00119711,3.9667e-05,1.84734e-09
0.00119831,3.97861e-05,1.84919e-09
0.00119951,3.99056e-05,1.85104e-09
0.0012007,4.00254e-05,1.85289e-09
0.00120191,4.01456e-05,1.85474e-09
0.00120311,4.02662e-05,1.8566e-09
0.00120431,4.03871e-05,1.85846e-09
0.00120551,4.05084e-05,1.86031e-09
0.00120672,4.06301e-05,1.86217e-09
0.00120793,4.07521e-05,1.86404e-09
0.00120913,4.08744e-05,1.8659e-09
0.00121034,4.09972e-05,1.86777e-09
0.00121155,4.11203e-05,1.86963e-09
0.00121277,4.12438e-05,1.8715e-09
0.00121398,4.13676e-05,1.87338e-09
0.00121519,4.14919e-05,1.87525e-09
0.00121641,4.16165e-05,1.87712e-09
0.00121762,4.17414e-05,1.879e-09
0.00121884,4.18668e-05,1.88088e-09
0.00122006,4.19925e-05,1.88276e-09
0.00122128,4.21186e-05,1.88464e-09
0.0012225,4.22451e-05,1.88653e-09
0.00122372,4.2372e-05,1.88842e-09
0.00122495,4.24992e-05,1.8903e-09
0.00122617,4.26268e-05,1.89219e-09
0.0012274,4.27548e-05,1.89409e-09
0.00122863,4.28832e-05,1.89598e-09
0.00122986,4.3012e-05,1.89788e-09
0.00123109,4.31412e-05,1.89977e-09
0.00123232,4.32707e-05,1.90167e-09
0.00123355,4.34007e-05,1.90358e-09
0.00123478,4.3531e-05,1.90548e-09
0.00123602,4.36617e-05,1.90738e-09
0.00123725,4.37928e-05,1.90929e-09
0.00123849,4.39244e-05,1.9112e-09
0.00123973,4.40563e-05,1.91311e-09
0.00124097,4.41886e-05,1.91503e-09
0.00124221,4.43213e-05,1.91694e-09
0.00124345,4.44544e-05,1.91886e-09
0.0012447,4.45879e-05,1.92078e-09
0.00124594,4.47218e-05,1.9227e-09
0.00124719,4.48561e-05,1.92462e-09
0.00124843,4.49908e-05,1.92654e-09
0.00124968,4.51259e-05,1.92847e-09
0.00125093,4.52614e-05,1.9304e-09
0.00125218,4.53973e-05,1.93233e-09
0.00125343,4.55336e-05,1.93426e-09
0.00125469,4.56704e-05,1.9362e-09
0.00125594,4.58075e-05,1.93813e-09
0.0012572,4.59451e-05,1.94007e-09
0.00125846,4.6083e-05,1.94201e-09
0.00125971,4.62214e-05,1.94395e-09
0.00126097,4.63602e-05,1.9459e-09
0.00126223,4.64995e-05,1.94784e-09
0.0012635,4.66391e-05,1.94979e-09
0.00126476,4.67791e-05,1.95174e-09
0.00126603,4.69196e-05,1.95369e-09
0.00126729,4.70605e-05,1.95565e-09
0.00126856,4.72018e-05,1.9576e-09
0.00126983,4.73436e-05,1.95956e-09
0.0012711,4.74858e-05,1.96152e-09
0.00127237,4.76284e-05,1.96348e-09
0.00127364,4.77714e-05,1.96544e-09
0.00127491,4.79149e-05,1.96741e-09
0.00127619,4.80587e-05,1.96938e-09
0.00127746,4.82031e-05,1.97135e-09
0.00127874,4.83478e-05,1.97332e-09
0.00128002,4.8493e-05,1.97529e-09
0.0012813,4.86386e-05,1.97727e-09
0.00128258,4.87847e-05,1.97924e-09
0.00128387,4.89312e-05,1.98122e-09
0.00128515,4.90781e-05,1.9832e-09
0.00128643,4.92255e-05,1.98519e-09
0.00128772,4.93733e-05,1.98717e-09
0.00128901,4.95216e-05,1.98916e-09
0.0012903,4.96703e-05,1.99115e-09
0.00129159,4.98195e-05,1.99314e-09
0.00129288,4.99691e-05,1.99513e-09
0.00129417,5.01191e-05,1.99713e-09
0.00129547,5.02697e-05,1.99913e-09
0.00129676,5.04206e-05,2.00112e-09
0.00129806,5.0572e-05,2.00313e-09
0.00129936,5.07239e-05,2.00513e-09
0.00130066,5.08762e-05,2.00713e-09
0.00130196,5.1029e-05,2.00914e-09
0.00130326,5.11822e-05,2.01115e-09
0.00130456,5.13359e-05,2.01316e-09
0.00130587,5.14901e-05,2.01517e-09
0.00130717,5.16447e-05,2.01719e-09
0.00130848,5.17998e-05,2.01921e-09
0.00130979,5.19554e-05,2.02123e-09
0.0013111,5.21114e-05,2.02325e-09
0.00131241,5.22679e-05,2.02527e-09
0.00131372,5.24248e-05,2.0273e-09
0.00131503,5.25823e-05,2.02932e-09
0.00131635,5.27402e-05,2.03135e-09
0.00131767,5.28986e-05,2.03338e-09
0.00131898,5.30574e-05,2.03542e-09
0.0013203,5.32167e-05,2.03745e-09
0.00132162,5.33766e-05,2.03949e-09
0.00132294,5.35368e-05,2.04153e-09
0.00132427,5.36976e-05,2.04357e-09
0.00132559,5.38589e-05,2.04561e-09
0.00132692,5.40206e-05,2.04766e-09
0.00132824,5.41828e-05,2.04971e-09
0.00132957,5.43455e-05,2.05176e-09
0.0013309,5.45087e-05,2.05381e-09
0.00133223,5.46724e-05,2.05586e-09
0.00133357,5.48366e-05,2.05792e-09
0.0013349,5.50013e-05,2.05998e-09
0.00133623,5.51665e-05,2.06204e-09
0.00133757,5.53321e-05,2.0641e-09
0.00133891,5.54983e-05,2.06616e-09
0.00134025,5.56649e-05,2.06823e-09
0.00134159,5.58321e-05,2.0703e-09
0.00134293,5.59998e-05,2.07237e-09
0.00134427,5.61679e-05,2.07444e-09
0.00134562,5.63366e-05,2.07651e-09
0.00134696,5.65058e-05,2.07859e-09
0.00134831,5.66755e-05,2.08067e-09
0.00134966,5.68457e-05,2.08275e-09
0.00135101,5.70164e-05,2.08483e-09
0.00135236,5.71876e-05,2.08692e-09
0.00135371,5.73593e-05,2.089e-09
0.00135506,5.75316e-05,2.09109e-09
0.00135642,5.77044e-05,2.09318e-09
0.00135777,5.78776e-05,2.09528e-09
0.00135913,5.80514e-05,2.09737e-09
0.00136049,5.82258e-05,2.09947e-09
0.00136185,5.84006e-05,2.10157e-09
0.00136321,5.8576e-05,2.10367e-09
0.00136458,5.87519e-05,2.10578e-09
0.00136594,5.89283e-05,2.10788e-09
0.00136731,5.91053e-05,2.10999e-09
0.00136867,5.92828e-05,2.1121e-09
0.00137004,5.94608e-05,2.11421e-09
0.00137141,5.96394e-05,2.11633e-09
0.00137279,5.98185e-05,2.11844e-09
0.00137416,5.99981e-05,2.12056e-09
0.00137553,6.01783e-05,2.12268e-09
0.00137691,6.0359e-05,2.1248e-09
0.00137828,6.05403e-05,2.12693e-09
0.00137966,6.07221e-05,2.12905e-09
0.00138104,6.09044e-05,2.13118e-09
0.00138242,6.10873e-05,2.13332e-09
0.00138381,6.12708e-05,2.13545e-09
0.00138519,6.14548e-05,2.13758e-09
0.00138657,6.16393e-05,2.13972e-09
0.00138796,6.18244e-05,2.14186e-09
0.00138935,6.20101e-05,2.144e-09
0.00139074,6.21963e-05,2.14615e-09
0.00139213,6.23831e-05,2.14829e-09
0.00139352,6.25704e-05,2.15044e-09
0.00139492,6.27583e-05,2.15259e-09
0.00139631,6.29468e-05,2.15474e-09
0.00139771,6.31358e-05,2.1569e-09
0.0013991,6.33254e-05,2.15906e-09
0.0014005,6.35155e-05,2.16122e-09
0.0014019,6.37063e-05,2.16338e-09
0.00140331,6.38976e-05,2.16554e-09
0.00140471,6.40895e-05,2.16771e-09
0.00140611,6.42819e-05,2.16987e-09
0.00140752,6.4475e-05,2.17204e-09
0.00140893,6.46686e-05,2.17421e-09
0.00141034,6.48628e-05,2.17639e-09
0.00141175,6.50576e-05,2.17857e-09
0.00141316,6.52529e-05,2.18074e-09
0.00141457,6.54489e-05,2.18292e-09
0.00141599,6.56454e-05,2.18511e-09
0.0014174,6.58426e-05,2.18729e-09
0.00141882,6.60403e-05,2.18948e-09
0.00142024,6.62386e-05,2.19167e-09
0.00142166,6.64375e-05,2.19386e-09
0.00142308,6.6637e-05,2.19606e-09
0.0014245,6.68372e-05,2.19825e-09
0.00142593,6.70379e-05,2.20045e-09
0.00142735,6.72392e-05,2.20265e-09
0.00142878,6.74411e-05,2.20485e-09
0.00143021,6.76436e-05,2.20706e-09
0.00143164,6.78468e-05,2.20926e-09
0.00143307,6.80505e-05,2.21147e-09
0.0014345,6.82549e-05,2.21369e-09
0.00143594,6.84598e-05,2.2159e-09
0.00143738,6.86654e-05,2.21811e-09
0.00143881,6.88716e-05,2.22033e-09
0.00144025,6.90784e-05,2.22255e-09
0.00144169,6.92859e-05,2.22478e-09
0.00144313,6.94939e-05,2.227e-09
0.00144458,6.97026e-05,2.22923e-09
0.00144602,6.9912e-05,2.23146e-09
0.00144747,7.01219e-05,2.23369e-09
0.00144891,7.03325e-05,2.23592e-09
0.00145036,7.05437e-05,2.23816e-09
0.00145181,7.07555e-05,2.2404e-09
0.00145327,7.0968e-05,2.24264e-09
0.00145472,7.11811e-05,2.24488e-09
0.00145617,7.13949e-05,2.24712e-09
0.00145763,7.16093e-05,2.24937e-09
0.00145909,7.18243e-05,2.25162e-09
0.00146055,7.204e-05,2.25387e-09
0.00146201,7.22563e-05,2.25613e-09
0.00146347,7.24733e-05,2.25838e-09
0.00146493,7.2691e-05,2.26064e-09
0.0014664,7.29093e-05,2.2629e-09
0.00146786,7.31282e-05,2.26516e-09
0.00146933,7.33478e-05,2.26743e-09
0.0014708,7.35681e-05,2.2697e-09
0.00147227,7.3789e-05,2.27197e-09
0.00147374,7.40106e-05,2.27424e-09
0.00147522,7.42328e-05,2.27651e-09
0.00147669,7.44558e-05,2.27879e-09
0.00147817,7.46794e-05,2.28107e-09
0.00147965,7.49036e-05,2.28335e-09
0.00148113,7.51286e-05,2.28563e-09
0.00148261,7.53542e-05,2.28792e-09
0.00148409,7.55805e-05,2.29021e-09
0.00148558,7.58074e-05,2.2925e-09
0.00148706,7.60351e-05,2.29479e-09
0.00148855,7.62634e-05,2.29708e-09
0.00149004,7.64924e-05,2.29938e-09
0.00149153,7.67221e-05,2.30168e-09
0.00149302,7.69525e-05,2.30398e-09
0.00149451,7.71836e-05,2.30629e-09
0.00149601,7.74154e-05,2.30859e-09
0.0014975,7.76479e-05,2.3109e-09
0.001499,7.78811e-05,2.31321e-09
0.0015005,7.81149e-05,2.31552e-09
0.001502,7.83495e-05,2.31784e-09
0.0015035,7.85848e-05,2.32016e-09
0.001505,7.88208e-05,2.32248e-09
0.00150651,7.90575e-05,2.3248e-09
0.00150802,7.92949e-05,2.32713e-09
0.00150952,7.9533e-05,2.32945e-09
0.00151103,7.97719e-05,2.33178e-09
0.00151254,8.00114e-05,2.33411e-09
0.00151406,8.02517e-05,2.33645e-09
0.00151557,8.04927e-05,2.33878e-09
0.00151709,8.07344e-05,2.34112e-09
0.0015186,8.09768e-05,2.34346e-09
0.00152012,8.122e-05,2.34581e-09
0.00152164,8.14639e-05,2.34815e-09
0.00152316,8.17086e-05,2.3505e-09
0.00152469,8.19539e-05,2.35285e-09
0.00152621,8.22e-05,2.3552e-09
0.00152774,8.24469e-05,2.35756e-09
0.00152927,8.26945e-05,2.35992e-09
0.00153079,8.29428e-05,2.36228e-09
0.00153233,8.31919e-05,2.36464e-09
0.00153386,8.34417e-05,2.367e-09
0.00153539,8.36923e-05,2.36937e-09
0.00153693,8.39436e-05,2.37174e-09
0.00153846,8.41957e-05,2.37411e-09
0.00154,8.44485e-05,2.37649e-09
0.00154154,8.47021e-05,2.37886e-09
0.00154308,8.49565e-05,2.38124e-09
0.00154463,8.52116e-05,2.38362e-09
0.00154617,8.54675e-05,2.38601e-09
0.00154772,8.57242e-05,2.38839e-09
0.00154927,8.59816e-05,2.39078e-09
0.00155082,8.62398e-05,2.39317e-09
0.00155237,8.64988e-05,2.39557e-09
0.00155392,8.67585e-05,2.39796e-09
0.00155547,8.70191e-05,2.40036e-09
0.00155703,8.72804e-05,2.40276e-09
0.00155858,8.75425e-05,2.40516e-09
0.00156014,8.78054e-05,2.40757e-09
0.0015617,8.80691e-05,2.40997e-09
0.00156327,8.83335e-05,2.41238e-09
0.00156483,8.85988e-05,2.4148e-09
0.00156639,8.88649e-05,2.41721e-09
0.00156796,8.91317e-05,2.41963e-09
0.00156953,8.93994e-05,2.42205e-09
0.0015711,8.96678e-05,2.42447e-09
0.00157267,8.99371e-05,2.4269e-09
0.00157424,9.02072e-05,2.42932e-09
0.00157582,9.04781e-05,2.43175e-09
0.00157739,9.07498e-05,2.43418e-09
0.00157897,9.10223e-05,2.43662e-09
0.00158055,9.12957e-05,2.43905e-09
0.00158213,9.15698e-05,2.44149e-09
0.00158371,9.18448e-05,2.44393e-09
0.00158529,9.21206e-05,2.44638e-09
0.00158688,9.23973e-05,2.44882e-09
0.00158847,9.26747e-05,2.45127e-09
0.00159005,9.2953e-05,2.45372e-09
0.00159164,9.32322e-05,2.45618e-09
0.00159324,9.35121e-05,2.45863e-09
0.00159483,9.3793e-05,2.46109e-09
0.00159642,9.40746e-05,2.46355e-09
0.00159802,9.43571e-05,2.46602e-09
0.00159962,9.46405e-05,2.46848e-09
0.00160122,9.49247e-05,2.47095e-09
0.00160282,9.52097e-05,2.47342e-09
0.00160442,9.54957e-05,2.4759e-09
0.00160603,9.57824e-05,2.47837e-09
0.00160763,9.60701e-05,2.48085e-09
0.00160924,9.63586e-05,2.48333e-09
0.00161085,9.66479e-05,2.48582e-09
0.00161246,9.69382e-05,2.4883e-09
0.00161407,9.72293e-05,2.49079e-09
0.00161569,9.75212e-05,2.49328e-09
0.0016173,9.78141e-05,2.49577e-09
0.00161892,9.81078e-05,2.49827e-09
0.00162054,9.84025e-05,2.50077e-09
0.00162216,9.8698e-05,2.50327e-09
0.00162378,9.89944e-05,2.50577e-09
0.00162541,9.92916e-05,2.50828e-09
0.00162703,9.95898e-05,2.51079e-09
0.00162866,9.98889e-05,2.5133e-09
0.00163029,0.000100189,2.51581e-09
0.00163192,0.00010049,2.51833e-09
0.00163355,0.000100791,2.52084e-09
0.00163518,0.000101094,2.52336e-09
0.00163682,0.000101398,2.52589e-09
0.00163845,0.000101702,2.52841e-09
0.00164009,0.000102008,2.53094e-09
0.00164173,0.000102314,2.53347e-09
0.00164337,0.000102621,2.53601e-09
0.00164502,0.000102929,2.53854e-09
0.00164666,0.000103238,2.54108e-09
0.00164831,0.000103549,2.54362e-09
0.00164996,0.000103859,2.54617e-09
0.00165161,0.000104171,2.54871e-09
0.00165326,0.000104484,2.55126e-09
0.00165491,0.000104798,2.55381e-09
0.00165657,0.000105113,2.55637e-09
0.00165822,0.000105428,2.55892e-09
0.00165988,0.000105745,2.56148e-09
0.00166154,0.000106062,2.56404e-09
0.0016632,0.000106381,2.56661e-09
0.00166487,0.0001067,2.56917e-09
0.00166653,0.000107021,2.57174e-09
0.0016682,0.000107342,2.57431e-09
0.00166987,0.000107665,2.57689e-09
0.00167154,0.000107988,2.57947e-09
0.00167321,0.000108312,2.58204e-09
0.00167488,0.000108637,2.58463e-09
0.00167656,0.000108964,2.58721e-09
0.00167823,0.000109291,2.5898e-09
0.00167991,0.000109619,2.59239e-09
0.00168159,0.000109948,2.59498e-09
0.00168327,0.000110278,2.59758e-09
0.00168496,0.00011061,2.60017e-09
0.00168664,0.000110942,2.60277e-09
0.00168833,0.000111275,2.60538e-09
0.00169002,0.000111609,2.60798e-09
0.00169171,0.000111944,2.61059e-09
0.0016934,0.00011228,2.6132e-09
0.00169509,0.000112618,2.61581e-09
0.00169679,0.000112956,2.61843e-09
0.00169848,0.000113295,2.62105e-09
0.00170018,0.000113635,2.62367e-09
0.00170188,0.000113977,2.62629e-09
0.00170358,0.000114319,2.62892e-09
0.00170529,0.000114662,2.63155e-09
0.00170699,0.000115006,2.63418e-09
0.0017087,0.000115352,2.63681e-09
0.00171041,0.000115698,2.63945e-09
0.00171212,0.000116046,2.64209e-09
0.00171383,0.000116394,2.64473e-09
0.00171554,0.000116744,2.64738e-09
0.00171726,0.000117094,2.65002e-09
0.00171898,0.000117446,2.65267e-09
0.0017207,0.000117799,2.65533e-09
0.00172242,0.000118152,2.65798e-09
0.00172414,0.000118507,2.66064e-09
0.00172586,0.000118863,2.6633e-09
0.00172759,0.00011922,2.66596e-09
0.00172932,0.000119578,2.66863e-09
0.00173105,0.000119937,2.6713e-09
0.00173278,0.000120297,2.67397e-09
0.00173451,0.000120658,2.67664e-09
0.00173624,0.000121021,2.67932e-09
0.00173798,0.000121384,2.682e-09
0.00173972,0.000121749,2.68468e-09
0.00174146,0.000122114,2.68737e-09
0.0017432,0.000122481,2.69005e-09
0.00174494,0.000122849,2.69274e-09
0.00174669,0.000123218,2.69544e-09
0.00174843,0.000123588,2.69813e-09
0.00175018,0.000123959,2.70083e-09
0.00175193,0.000124331,2.70353e-09
0.00175368,0.000124705,2.70623e-09
0.00175544,0.000125079,2.70894e-09
0.00175719,0.000125455,2.71165e-09
0.00175895,0.000125831,2.71436e-09
0.00176071,0.000126209,2.71708e-09
0.00176247,0.000126588,2.71979e-09
0.00176423,0.000126968,2.72251e-09
0.001766,0.00012735,2.72524e-09
0.00176776,0.000127732,2.72796e-09
0.00176953,0.000128116,2.73069e-09
0.0017713,0.0001285,2.73342e-09
0.00177307,0.000128886,2.73615e-09
0.00177485,0.000129273,2.73889e-09
0.00177662,0.000129662,2.74163e-09
0.0017784,0.000130051,2.74437e-09
0.00178018,0.000130442,2.74711e-09
0.00178196,0.000130833,2.74986e-09
0.00178374,0.000131226,2.75261e-09
0.00178552,0.00013162,2.75536e-09
0.00178731,0.000132015,2.75812e-09
0.00178909,0.000132412,2.76088e-09
0.00179088,0.00013281,2.76364e-09
0.00179267,0.000133208,2.7664e-09
0.00179447,0.000133608,2.76917e-09
0.00179626,0.00013401,2.77194e-09
0.00179806,0.000134412,2.77471e-09
0.00179986,0.000134816,2.77748e-09
0.00180166,0.000135221,2.78026e-09
0.00180346,0.000135627,2.78304e-09
0.00180526,0.000136034,2.78582e-09
0.00180707,0.000136442,2.78861e-09
0.00180887,0.000136852,2.7914e-09
0.00181068,0.000137263,2.79419e-09
0.00181249,0.000137675,2.79698e-09
0.0018143,0.000138089,2.79978e-09
0.00181612,0.000138503,2.80258e-09
0.00181793,0.000138919,2.80538e-09
0.00181975,0.000139337,2.80819e-09
0.00182157,0.000139755,2.811e-09
0.00182339,0.000140175,2.81381e-09
0.00182522,0.000140596,2.81662e-09
0.00182704,0.000141018,2.81944e-09
0.00182887,0.000141441,2.82226e-09
0.0018307,0.000141866,2.82508e-09
0.00183253,0.000142292,2.82791e-09
0.00183436,0.000142719,2.83073e-09
0.0018362,0.000143148,2.83356e-09
0.00183803,0.000143578,2.8364e-09
0.00183987,0.000144009,2.83923e-09
0.00184171,0.000144441,2.84207e-09
0.00184355,0.000144875,2.84492e-09
0.0018454,0.00014531,2.84776e-09
0.00184724,0.000145747,2.85061e-09
0.00184909,0.000146184,2.85346e-09
0.00185094,0.000146623,2.85631e-09
0.00185279,0.000147064,2.85917e-09
0.00185464,0.000147505,2.86203e-09
0.0018565,0.000147948,2.86489e-09
0.00185835,0.000148392,2.86775e-09
0.00186021,0.000148838,2.87062e-09
0.00186207,0.000149285,2.87349e-09
0.00186393,0.000149733,2.87637e-09
0.0018658,0.000150183,2.87924e-09
0.00186766,0.000150634,2.88212e-09
0.00186953,0.000151086,2.885e-09
0.0018714,0.00015154,2.88789e-09
0.00187327,0.000151995,2.89078e-09
0.00187514,0.000152452,2.89367e-09
0.00187702,0.000152909,2.89656e-09
0.0018789,0.000153369,2.89946e-09
0.00188078,0.000153829,2.90236e-09
0.00188266,0.000154291,2.90526e-09
0.00188454,0.000154754,2.90816e-09
0.00188642,0.000155219,2.91107e-09
0.00188831,0.000155685,2.91398e-09
0.0018902,0.000156153,2.9169e-09
0.00189209,0.000156622,2.91981e-09
0.00189398,0.000157092,2.92273e-09
0.00189587,0.000157564,2.92566e-09
0.00189777,0.000158037,2.92858e-09
0.00189967,0.000158512,2.93151e-09
0.00190157,0.000158988,2.93444e-09
0.00190347,0.000159465,2.93738e-09
0.00190537,0.000159944,2.94032e-09
0.00190728,0.000160424,2.94326e-09
0.00190919,0.000160906,2.9462e-09
0.00191109,0.000161389,2.94914e-09
0.00191301,0.000161874,2.95209e-09
0.00191492,0.00016236,2.95505e-09
0.00191683,0.000162847,2.958e-09
0.00191875,0.000163336,2.96096e-09
0.00192067,0.000163827,2.96392e-09
0.00192259,0.000164319,2.96688e-09
0.00192451,0.000164812,2.96985e-09
0.00192644,0.000165307,2.97282e-09
0.00192836,0.000165804,2.97579e-09
0.00193029,0.000166302,2.97877e-09
0.00193222,0.000166801,2.98175e-09
0.00193415,0.000167302,2.98473e-09
0.00193609,0.000167804,2.98771e-09
0.00193802,0.000168308,2.9907e-09
0.00193996,0.000168814,2.99369e-09
0.0019419,0.000169321,2.99669e-09
0.00194384,0.000169829,2.99968e-09
0.00194579,0.000170339,3.00268e-09
0.00194773,0.000170851,3.00569e-09
0.00194968,0.000171364,3.00869e-09
0.00195163,0.000171878,3.0117e-09
0.00195358,0.000172395,3.01471e-09
0.00195554,0.000172912,3.01773e-09
0.00195749,0.000173431,3.02074e-09
0.00195945,0.000173952,3.02376e-09
0.00196141,0.000174475,3.02679e-09
0.00196337,0.000174999,3.02982e-09
0.00196533,0.000175524,3.03285e-09
0.0019673,0.000176051,3.03588e-09
0.00196927,0.00017658,3.03891e-09
0.00197124,0.00017711,3.04195e-09
0.00197321,0.000177642,3.04499e-09
0.00197518,0.000178175,3.04804e-09
0.00197716,0.000178711,3.05109e-09
0.00197913,0.000179247,3.05414e-09
0.00198111,0.000179786,3.05719e-09
0.00198309,0.000180325,3.06025e-09
0.00198508,0.000180867,3.06331e-09
0.00198706,0.00018141,3.06637e-09
0.00198905,0.000181955,3.06944e-09
0.00199104,0.000182501,3.07251e-09
0.00199303,0.000183049,3.07558e-09
0.00199502,0.000183599,3.07866e-09
0.00199702,0.00018415,3.08174e-09
0.00199901,0.000184703,3.08482e-09
0.00200101,0.000185258,3.0879e-09
0.00200301,0.000185814,3.09099e-09
0.00200502,0.000186372,3.09408e-09
0.00200702,0.000186932,3.09718e-09
0.00200903,0.000187493,3.10027e-09
0.00201104,0.000188056,3.10337e-09
0.00201305,0.000188621,3.10648e-09
0.00201506,0.000189188,3.10958e-09
0.00201708,0.000189756,3.11269e-09
0.00201909,0.000190326,3.11581e-09
0.00202111,0.000190897,3.11892e-09
0.00202313,0.00019147,3.12204e-09
0.00202516,0.000192045,3.12516e-09
0.00202718,0.000192622,3.12829e-09
0.00202921,0.000193201,3.13142e-09
0.00203124,0.000193781,3.13455e-09
0.00203327,0.000194363,3.13768e-09
0.0020353,0.000194946,3.14082e-09
0.00203734,0.000195532,3.14396e-09
0.00203938,0.000196119,3.1471e-09
0.00204142,0.000196708,3.15025e-09
0.00204346,0.000197299,3.1534e-09
0.0020455,0.000197891,3.15656e-09
0.00204755,0.000198485,3.15971e-09
0.00204959,0.000199081,3.16287e-09
0.00205164,0.000199679,3.16603e-09
0.00205369,0.000200279,3.1692e-09
0.00205575,0.00020088,3.17237e-09
0.0020578,0.000201484,3.17554e-09
0.00205986,0.000202089,3.17872e-09
0.00206192,0.000202695,3.1819e-09
0.00206398,0.000203304,3.18508e-09
0.00206605,0.000203915,3.18826e-09
0.00206811,0.000204527,3.19145e-09
0.00207018,0.000205141,3.19464e-09
0.00207225,0.000205757,3.19784e-09
0.00207432,0.000206375,3.20104e-09
0.0020764,0.000206995,3.20424e-09
0.00207847,0.000207616,3.20744e-09
0.00208055,0.00020824,3.21065e-09
0.00208263,0.000208865,3.21386e-09
0.00208472,0.000209493,3.21707e-09
0.0020868,0.000210122,3.22029e-09
0.00208889,0.000210753,3.22351e-09
0.00209098,0.000211386,3.22673e-09
0.00209307,0.00021202,3.22996e-09
0.00209516,0.000212657,3.23319e-09
0.00209726,0.000213296,3.23642e-09
0.00209935,0.000213936,3.23966e-09
0.00210145,0.000214579,3.2429e-09
0.00210355,0.000215223,3.24614e-09
0.00210566,0.000215869,3.24939e-09
0.00210776,0.000216518,3.25264e-09
0.00210987,0.000217168,3.25589e-09
0.00211198,0.00021782,3.25915e-09
0.00211409,0.000218474,3.26241e-09
0.00211621,0.00021913,3.26567e-09
0.00211832,0.000219788,3.26893e-09
0.00212044,0.000220448,3.2722e-09
0.00212256,0.00022111,3.27547e-09
0.00212468,0.000221774,3.27875e-09
0.00212681,0.00022244,3.28203e-09
0.00212894,0.000223108,3.28531e-09
0.00213106,0.000223778,3.2886e-09
0.0021332,0.00022445,3.29188e-09
0.00213533,0.000225124,3.29518e-09
0.00213746,0.0002258,3.29847e-09
0.0021396,0.000226478,3.30177e-09
0.00214174,0.000227158,3.30507e-09
0.00214388,0.000227841,3.30838e-09
0.00214603,0.000228525,3.31169e-09
0.00214817,0.000229211,3.315e-09
0.00215032,0.000229899,3.31831e-09
0.00215247,0.00023059,3.32163e-09
0.00215462,0.000231282,3.32495e-09
0.00215678,0.000231977,3.32828e-09
0.00215894,0.000232673,3.33161e-09
0.00216109,0.000233372,3.33494e-09
0.00216326,0.000234073,3.33827e-09
0.00216542,0.000234776,3.34161e-09
0.00216758,0.000235481,3.34495e-09
0.00216975,0.000236188,3.3483e-09
0.00217192,0.000236897,3.35165e-09
0.00217409,0.000237609,3.355e-09
0.00217627,0.000238322,3.35835e-09
0.00217844,0.000239038,3.36171e-09
0.00218062,0.000239756,3.36507e-09
0.0021828,0.000240476,3.36844e-09
0.00218499,0.000241198,3.37181e-09
0.00218717,0.000241922,3.37518e-09
0.00218936,0.000242649,3.37855e-09
0.00219155,0.000243377,3.38193e-09
0.00219374,0.000244108,3.38531e-09
0.00219593,0.000244841,3.3887e-09
0.00219813,0.000245577,3.39209e-09
0.00220033,0.000246314,3.39548e-09
0.00220253,0.000247054,3.39887e-09
0.00220473,0.000247796,3.40227e-09
0.00220693,0.00024854,3.40568e-09
0.00220914,0.000249286,3.40908e-09
0.00221135,0.000250035,3.41249e-09
0.00221356,0.000250786,3.4159e-09
0.00221578,0.000251539,3.41932e-09
0.00221799,0.000252294,3.42274e-09
0.00222021,0.000253052,3.42616e-09
0.00222243,0.000253812,3.42959e-09
0.00222465,0.000254574,3.43302e-09
0.00222688,0.000255338,3.43645e-09
0.0022291,0.000256105,3.43989e-09
0.00223133,0.000256874,3.44333e-09
0.00223356,0.000257646,3.44677e-09
0.0022358,0.000258419,3.45022e-09
0.00223803,0.000259195,3.45367e-09
0.00224027,0.000259974,3.45712e-09
0.00224251,0.000260754,3.46058e-09
0.00224475,0.000261537,3.46404e-09
0.002247,0.000262323,3.4675e-09
0.00224925,0.000263111,3.47097e-09
0.00225149,0.000263901,3.47444e-09
0.00225375,0.000264693,3.47791e-09
0.002256,0.000265488,3.48139e-09
0.00225826,0.000266285,3.48487e-09
0.00226051,0.000267085,3.48836e-09
0.00226277,0.000267887,3.49185e-09
0.00226504,0.000268691,3.49534e-09
0.0022673,0.000269498,3.49883e-09
0.00226957,0.000270308,3.50233e-09
0.00227184,0.000271119,3.50584e-09
0.00227411,0.000271934,3.50934e-09
0.00227639,0.00027275,3.51285e-09
0.00227866,0.000273569,3.51636e-09
0.00228094,0.000274391,3.51988e-09
0.00228322,0.000275215,3.5234e-09
0.0022855,0.000276041,3.52692e-09
0.00228779,0.00027687,3.53045e-09
0.00229008,0.000277702,3.53398e-09
0.00229237,0.000278536,3.53751e-09
0.00229466,0.000279372,3.54105e-09
0.00229695,0.000280211,3.54459e-09
0.00229925,0.000281052,3.54814e-09
0.00230155,0.000281896,3.55169e-09
0.00230385,0.000282743,3.55524e-09
0.00230616,0.000283592,3.55879e-09
0.00230846,0.000284444,3.56235e-09
0.00231077,0.000285298,3.56591e-09
0.00231308,0.000286155,3.56948e-09
0.00231539,0.000287014,3.57305e-09
0.00231771,0.000287876,3.57662e-09
0.00232003,0.00028874,3.5802e-09
0.00232235,0.000289607,3.58378e-09
0.00232467,0.000290477,3.58736e-09
0.002327,0.000291349,3.59095e-09
0.00232932,0.000292224,3.59454e-09
0.00233165,0.000293102,3.59814e-09
0.00233398,0.000293982,3.60173e-09
0.00233632,0.000294865,3.60534e-09
0.00233865,0.00029575,3.60894e-09
0.00234099,0.000296638,3.61255e-09
0.00234333,0.000297529,3.61616e-09
0.00234568,0.000298423,3.61978e-09
0.00234802,0.000299319,3.6234e-09
0.00235037,0.000300218,3.62702e-09
0.00235272,0.000301119,3.63065e-09
0.00235507,0.000302024,3.63428e-09
0.00235743,0.000302931,3.63791e-09
0.00235979,0.00030384,3.64155e-09
0.00236215,0.000304753,3.64519e-09
0.00236451,0.000305668,3.64884e-09
0.00236687,0.000306586,3.65249e-09
0.00236924,0.000307506,3.65614e-09
0.00237161,0.00030843,3.6598e-09
0.00237398,0.000309356,3.66346e-09
0.00237635,0.000310285,3.66712e-09
0.00237873,0.000311217,3.67079e-09
0.00238111,0.000312152,3.67446e-09
0.00238349,0.000313089,3.67813e-09
0.00238587,0.000314029,3.68181e-09
0.00238826,0.000314972,3.68549e-09
0.00239065,0.000315918,3.68918e-09
0.00239304,0.000316867,3.69287e-09
0.00239543,0.000317818,3.69656e-09
0.00239783,0.000318773,3.70026e-09
0.00240022,0.00031973,3.70396e-09
0.00240262,0.00032069,3.70766e-09
0.00240503,0.000321653,3.71137e-09
0.00240743,0.000322619,3.71508e-09
0.00240984,0.000323588,3.71879e-09
0.00241225,0.00032456,3.72251e-09
0.00241466,0.000325534,3.72623e-09
0.00241708,0.000326512,3.72996e-09
0.00241949,0.000327492,3.73369e-09
0.00242191,0.000328476,3.73742e-09
0.00242434,0.000329462,3.74116e-09
0.00242676,0.000330452,3.7449e-09
0.00242919,0.000331444,3.74865e-09
0.00243162,0.000332439,3.7524e-09
0.00243405,0.000333438,3.75615e-09
0.00243648,0.000334439,3.75991e-09
0.00243892,0.000335443,3.76367e-09
0.00244136,0.000336451,3.76743e-09
0.0024438,0.000337461,3.7712e-09
0.00244624,0.000338474,3.77497e-09
0.00244869,0.000339491,3.77874e-09
0.00245114,0.00034051,3.78252e-09
0.00245359,0.000341533,3.7863e-09
0.00245604,0.000342558,3.79009e-09
0.0024585,0.000343587,3.79388e-09
0.00246096,0.000344619,3.79767e-09
0.00246342,0.000345654,3.80147e-09
0.00246588,0.000346692,3.80527e-09
0.00246835,0.000347733,3.80908e-09
0.00247081,0.000348777,3.81289e-09
0.00247329,0.000349825,3.8167e-09
0.00247576,0.000350875,3.82052e-09
0.00247823,0.000351929,3.82434e-09
0.00248071,0.000352986,3.82816e-09
0.00248319,0.000354046,3.83199e-09
0.00248568,0.000355109,3.83582e-09
0.00248816,0.000356175,3.83966e-09
0.00249065,0.000357245,3.8435e-09
0.00249314,0.000358318,3.84734e-09
0.00249563,0.000359394,3.85119e-09
0.00249813,0.000360473,3.85504e-09
0.00250063,0.000361555,3.85889e-09
0.00250313,0.000362641,3.86275e-09
0.00250563,0.00036373,3.86662e-09
0.00250814,0.000364822,3.87048e-09
0.00251065,0.000365918,3.87435e-09
0.00251316,0.000367017,3.87823e-09
0.00251567,0.000368119,3.88211e-09
0.00251818,0.000369224,3.88599e-09
0.0025207,0.000370333,3.88987e-09
0.00252322,0.000371445,3.89376e-09
0.00252575,0.000372561,3.89766e-09
0.00252827,0.00037368,3.90156e-09
0.0025308,0.000374802,3.90546e-09
0.00253333,0.000375927,3.90936e-09
0.00253587,0.000377056,3.91327e-09
0.0025384,0.000378189,3.91719e-09
0.00254094,0.000379324,3.9211e-09
0.00254348,0.000380463,3.92502e-09
0.00254602,0.000381606,3.92895e-09
0.00254857,0.000382752,3.93288e-09
0.00255112,0.000383901,3.93681e-09
0.00255367,0.000385054,3.94075e-09
0.00255622,0.00038621,3.94469e-09
0.00255878,0.00038737,3.94863e-09
0.00256134,0.000388533,3.95258e-09
0.0025639,0.0003897,3.95653e-09
0.00256646,0.00039087,3.96049e-09
0.00256903,0.000392044,3.96445e-09
0.0025716,0.000393222,3.96842e-09
0.00257417,0.000394402,3.97238e-09
0.00257674,0.000395587,3.97636e-09
0.00257932,0.000396775,3.98033e-09
0.0025819,0.000397966,3.98431e-09
0.00258448,0.000399161,3.9883e-09
0.00258707,0.00040036,3.99229e-09
0.00258965,0.000401562,3.99628e-09
0.00259224,0.000402768,4.00027e-09
0.00259484,0.000403978,4.00427e-09
0.00259743,0.000405191,4.00828e-09
0.00260003,0.000406408,4.01229e-09
0.00260263,0.000407628,4.0163e-09
0.00260523,0.000408852,4.02032e-09
0.00260784,0.00041008,4.02434e-09
0.00261044,0.000411311,4.02836e-09
0.00261305,0.000412547,4.03239e-09
0.00261567,0.000413786,4.03642e-09
0.00261828,0.000415028,4.04046e-09
0.0026209,0.000416274,4.0445e-09
0.00262352,0.000417525,4.04854e-09
0.00262615,0.000418778,4.05259e-09
0.00262877,0.000420036,4.05664e-09
0.0026314,0.000421297,4.0607e-09
0.00263403,0.000422562,4.06476e-09
0.00263667,0.000423831,4.06883e-09
0.0026393,0.000425104,4.07289e-09
0.00264194,0.000426381,4.07697e-09
0.00264458,0.000427661,4.08104e-09
0.00264723,0.000428945,4.08513e-09
0.00264988,0.000430234,4.08921e-09
0.00265253,0.000431526,4.0933e-09
0.00265518,0.000432821,4.09739e-09
0.00265783,0.000434121,4.10149e-09
0.00266049,0.000435425,4.10559e-09
0.00266315,0.000436732,4.1097e-09
0.00266581,0.000438044,4.11381e-09
0.00266848,0.000439359,4.11792e-09
0.00267115,0.000440679,4.12204e-09
0.00267382,0.000442002,4.12616e-09
0.00267649,0.00044333,4.13029e-09
0.00267917,0.000444661,4.13442e-09
0.00268185,0.000445996,4.13855e-09
0.00268453,0.000447335,4.14269e-09
0.00268722,0.000448679,4.14683e-09
0.0026899,0.000450026,4.15098e-09
0.00269259,0.000451378,4.15513e-09
0.00269529,0.000452733,4.15929e-09
0.00269798,0.000454093,4.16344e-09
0.00270068,0.000455456,4.16761e-09
0.00270338,0.000456824,4.17178e-09
0.00270608,0.000458196,4.17595e-09
0.00270879,0.000459572,4.18012e-09
0.0027115,0.000460952,4.1843e-09
0.00271421,0.000462336,4.18849e-09
0.00271692,0.000463725,4.19268e-09
0.00271964,0.000465117,4.19687e-09
0.00272236,0.000466514,4.20107e-09
0.00272508,0.000467915,4.20527e-09
0.00272781,0.00046932,4.20947e-09
0.00273054,0.000470729,4.21368e-09
0.00273327,0.000472143,4.2179e-09
0.002736,0.000473561,4.22211e-09
0.00273874,0.000474983,4.22634e-09
0.00274147,0.000476409,4.23056e-09
0.00274422,0.00047784,4.23479e-09
0.00274696,0.000479275,4.23903e-09
0.00274971,0.000480714,4.24327e-09
0.00275246,0.000482158,4.24751e-09
0.00275521,0.000483606,4.25176e-09
0.00275796,0.000485058,4.25601e-09
0.00276072,0.000486515,4.26026e-09
0.00276348,0.000487976,4.26453e-09
0.00276625,0.000489441,4.26879e-09
0.00276901,0.000490911,4.27306e-09
0.00277178,0.000492385,4.27733e-09
0.00277455,0.000493864,4.28161e-09
0.00277733,0.000495347,4.28589e-09
0.00278011,0.000496834,4.29018e-09
0.00278289,0.000498326,4.29447e-09
0.00278567,0.000499823,4.29876e-09
0.00278845,0.000501324,4.30306e-09
0.00279124,0.000502829,4.30736e-09
0.00279403,0.000504339,4.31167e-09
0.00279683,0.000505854,4.31598e-09
0.00279962,0.000507373,4.3203e-09
0.00280242,0.000508896,4.32462e-09
0.00280523,0.000510425,4.32894e-09
0.00280803,0.000511957,4.33327e-09
0.00281084,0.000513495,4.33761e-09
0.00281365,0.000515037,4.34194e-09
0.00281646,0.000516583,4.34628e-09
0.00281928,0.000518135,4.35063e-09
0.0028221,0.000519691,4.35498e-09
0.00282492,0.000521251,4.35934e-09
0.00282775,0.000522817,4.3637e-09
0.00283057,0.000524387,4.36806e-09
0.00283341,0.000525961,4.37243e-09
0.00283624,0.000527541,4.3768e-09
0.00283908,0.000529125,4.38118e-09
0.00284191,0.000530714,4.38556e-09
0.00284476,0.000532308,4.38994e-09
0.0028476,0.000533906,4.39433e-09
0.00285045,0.00053551,4.39873e-09
0.0028533,0.000537118,4.40313e-09
0.00285615,0.000538731,4.40753e-09
0.00285901,0.000540349,4.41194e-09
0.00286187,0.000541971,4.41635e-09
0.00286473,0.000543599,4.42077e-09
0.00286759,0.000545231,4.42519e-09
0.00287046,0.000546869,4.42961e-09
0.00287333,0.000548511,4.43404e-09
0.00287621,0.000550158,4.43848e-09
0.00287908,0.00055181,4.44291e-09
0.00288196,0.000553467,4.44736e-09
0.00288484,0.000555129,4.4518e-09
0.00288773,0.000556796,4.45626e-09
0.00289062,0.000558468,4.46071e-09
0.00289351,0.000560145,4.46517e-09
0.0028964,0.000561828,4.46964e-09
0.0028993,0.000563515,4.47411e-09
0.0029022,0.000565207,4.47858e-09
0.0029051,0.000566904,4.48306e-09
0.002908,0.000568607,4.48754e-09
0.00291091,0.000570314,4.49203e-09
0.00291382,0.000572027,4.49652e-09
0.00291674,0.000573745,4.50102e-09
0.00291965,0.000575468,4.50552e-09
0.00292257,0.000577196,4.51003e-09
0.00292549,0.000578929,4.51454e-09
0.00292842,0.000580668,4.51905e-09
0.00293135,0.000582411,4.52357e-09
0.00293428,0.00058416,4.52809e-09
0.00293721,0.000585915,4.53262e-09
0.00294015,0.000587674,4.53715e-09
0.00294309,0.000589439,4.54169e-09
0.00294603,0.000591209,4.54623e-09
0.00294898,0.000592984,4.55078e-09
0.00295193,0.000594765,4.55533e-09
0.00295488,0.000596551,4.55988e-09
0.00295784,0.000598343,4.56444e-09
0.00296079,0.000600139,4.56901e-09
0.00296375,0.000601942,4.57358e-09
0.00296672,0.000603749,4.57815e-09
0.00296968,0.000605562,4.58273e-09
0.00297265,0.000607381,4.58731e-09
0.00297563,0.000609205,4.5919e-09
0.0029786,0.000611034,4.59649e-09
0.00298158,0.000612869,4.60109e-09
0.00298456,0.00061471,4.60569e-09
0.00298755,0.000616556,4.6103e-09
0.00299054,0.000618407,4.61491e-09
0.00299353,0.000620264,4.61952e-09
0.00299652,0.000622127,4.62414e-09
0.00299952,0.000623995,4.62876e-09
0.00300252,0.000625869,4.63339e-09
0.00300552,0.000627748,4.63803e-09
0.00300852,0.000629634,4.64266e-09
0.00301153,0.000631524,4.64731e-09
0.00301454,0.000633421,4.65195e-09
0.00301756,0.000635323,4.65661e-09
0.00302058,0.000637231,4.66126e-09
0.0030236,0.000639144,4.66592e-09
0.00302662,0.000641064,4.67059e-09
0.00302965,0.000642989,4.67526e-09
0.00303268,0.00064492,4.67994e-09
0.00303571,0.000646856,4.68462e-09
0.00303874,0.000648799,4.6893e-09
0.00304178,0.000650747,4.69399e-09
0.00304482,0.000652702,4.69868e-09
0.00304787,0.000654662,4.70338e-09
0.00305092,0.000656628,4.70809e-09
0.00305397,0.000658599,4.71279e-09
0.00305702,0.000660577,4.71751e-09
0.00306008,0.000662561,4.72222e-09
0.00306314,0.000664551,4.72695e-09
0.0030662,0.000666546,4.73167e-09
0.00306927,0.000668548,4.7364e-09
0.00307234,0.000670555,4.74114e-09
0.00307541,0.000672569,4.74588e-09
0.00307849,0.000674589,4.75063e-09
0.00308156,0.000676615,4.75538e-09
0.00308465,0.000678647,4.76013e-09
0.00308773,0.000680685,4.76489e-09
0.00309082,0.000682729,4.76966e-09
0.00309391,0.000684779,4.77443e-09
0.003097,0.000686835,4.7792e-09
0.0031001,0.000688898,4.78398e-09
0.0031032,0.000690967,4.78877e-09
0.0031063,0.000693042,4.79356e-09
0.00310941,0.000695123,4.79835e-09
0.00311252,0.00069721,4.80315e-09
0.00311563,0.000699304,4.80795e-09
0.00311875,0.000701404,4.81276e-09
0.00312187,0.00070351,4.81757e-09
0.00312499,0.000705623,4.82239e-09
0.00312811,0.000707742,4.82721e-09
0.00313124,0.000709867,4.83204e-09
0.00313437,0.000711999,4.83687e-09
0.00313751,0.000714137,4.84171e-09
0.00314064,0.000716282,4.84655e-09
0.00314378,0.000718433,4.8514e-09
0.00314693,0.00072059,4.85625e-09
0.00315008,0.000722754,4.8611e-09
0.00315323,0.000724924,4.86596e-09
0.00315638,0.000727101,4.87083e-09
0.00315954,0.000729285,4.8757e-09
0.00316269,0.000731475,4.88058e-09
0.00316586,0.000733672,4.88546e-09
0.00316902,0.000735875,4.89034e-09
0.00317219,0.000738085,4.89523e-09
0.00317536,0.000740301,4.90013e-09
0.00317854,0.000742524,4.90503e-09
0.00318172,0.000744754,4.90993e-09
0.0031849,0.000746991,4.91484e-09
0.00318808,0.000749234,4.91976e-09
0.00319127,0.000751484,4.92468e-09
0.00319446,0.00075374,4.9296e-09
0.00319766,0.000756004,4.93453e-09
0.00320086,0.000758274,4.93947e-09
0.00320406,0.000760551,4.94441e-09
0.00320726,0.000762835,4.94935e-09
0.00321047,0.000765126,4.9543e-09
0.00321368,0.000767424,4.95925e-09
0.00321689,0.000769728,4.96421e-09
0.00322011,0.00077204,4.96918e-09
0.00322333,0.000774358,4.97415e-09
0.00322655,0.000776684,4.97912e-09
0.00322978,0.000779016,4.9841e-09
0.00323301,0.000781355,4.98908e-09
0.00323624,0.000783702,4.99407e-09
0.00323948,0.000786055,4.99907e-09
0.00324272,0.000788416,5.00407e-09
0.00324596,0.000790783,5.00907e-09
0.00324921,0.000793158,5.01408e-09
0.00325246,0.00079554,5.01909e-09
0.00325571,0.000797929,5.02411e-09
0.00325896,0.000800325,5.02914e-09
0.00326222,0.000802728,5.03417e-09
0.00326549,0.000805139,5.0392e-09
0.00326875,0.000807557,5.04424e-09
0.00327202,0.000809982,5.04928e-09
0.00327529,0.000812414,5.05433e-09
0.00327857,0.000814854,5.05939e-09
0.00328185,0.000817301,5.06445e-09
0.00328513,0.000819755,5.06951e-09
0.00328841,0.000822217,5.07458e-09
0.0032917,0.000824686,5.07966e-09
0.00329499,0.000827163,5.08473e-09
0.00329829,0.000829647,5.08982e-09
0.00330159,0.000832138,5.09491e-09
0.00330489,0.000834637,5.1e-09
0.00330819,0.000837144,5.1051e-09
0.0033115,0.000839657,5.11021e-09
0.00331481,0.000842179,5.11532e-09
0.00331813,0.000844708,5.12044e-09
0.00332144,0.000847245,5.12556e-09
0.00332477,0.000849789,5.13068e-09
0.00332809,0.000852341,5.13581e-09
0.00333142,0.0008549,5.14095e-09
0.00333475,0.000857468,5.14609e-09
0.00333809,0.000860043,5.15123e-09
0.00334142,0.000862625,5.15639e-09
0.00334476,0.000865216,5.16154e-09
0.00334811,0.000867814,5.1667e-09
0.00335146,0.00087042,5.17187e-09
0.00335481,0.000873034,5.17704e-09
0.00335816,0.000875656,5.18222e-09
0.00336152,0.000878285,5.1874e-09
0.00336488,0.000880923,5.19259e-09
0.00336825,0.000883568,5.19778e-09
0.00337162,0.000886222,5.20298e-09
0.00337499,0.000888883,5.20818e-09
0.00337836,0.000891552,5.21339e-09
0.00338174,0.00089423,5.2186e-09
0.00338512,0.000896915,5.22382e-09
0.00338851,0.000899608,5.22905e-09
0.0033919,0.00090231,5.23428e-09
0.00339529,0.00090502,5.23951e-09
0.00339868,0.000907737,5.24475e-09
0.00340208,0.000910463,5.24999e-09
0.00340549,0.000913197,5.25524e-09
0.00340889,0.00091594,5.2605e-09
0.0034123,0.00091869,5.26576e-09
0.00341571,0.000921449,5.27103e-09
0.00341913,0.000924216,5.2763e-09
0.00342255,0.000926992,5.28157e-09
0.00342597,0.000929775,5.28685e-09
0.0034294,0.000932568,5.29214e-09
0.00343282,0.000935368,5.29743e-09
0.00343626,0.000938177,5.30273e-09
0.00343969,0.000940994,5.30803e-09
0.00344313,0.00094382,5.31334e-09
0.00344658,0.000946654,5.31865e-09
0.00345002,0.000949497,5.32397e-09
0.00345347,0.000952349,5.3293e-09
0.00345693,0.000955208,5.33463e-09
0.00346038,0.000958077,5.33996e-09
0.00346384,0.000960954,5.3453e-09
0.00346731,0.00096384,5.35065e-09
0.00347078,0.000966734,5.356e-09
0.00347425,0.000969637,5.36135e-09
0.00347772,0.000972549,5.36671e-09
0.0034812,0.00097547,5.37208e-09
0.00348468,0.000978399,5.37745e-09
0.00348816,0.000981337,5.38283e-09
0.00349165,0.000984284,5.38821e-09
0.00349514,0.00098724,5.3936e-09
0.00349864,0.000990205,5.399e-09
0.00350214,0.000993178,5.40439e-09
0.00350564,0.000996161,5.4098e-09
0.00350915,0.000999152,5.41521e-09
0.00351265,0.00100215,5.42062e-09
0.00351617,0.00100516,5.42604e-09
0.00351968,0.00100818,5.43147e-09
0.0035232,0.00101121,5.4369e-09
0.00352673,0.00101424,5.44234e-09
0.00353025,0.00101729,5.44778e-09
0.00353378,0.00102035,5.45323e-09
0.00353732,0.00102341,5.45868e-09
0.00354085,0.00102648,5.46414e-09
0.00354439,0.00102957,5.46961e-09
0.00354794,0.00103266,5.47507e-09
0.00355149,0.00103576,5.48055e-09
0.00355504,0.00103887,5.48603e-09
0.00355859,0.00104199,5.49152e-09
0.00356215,0.00104512,5.49701e-09
0.00356571,0.00104826,5.5025e-09
0.00356928,0.0010514,5.50801e-09
0.00357285,0.00105456,5.51352e-09
0.00357642,0.00105773,5.51903e-09
0.00358,0.0010609,5.52455e-09
0.00358358,0.00106409,5.53007e-09
0.00358716,0.00106729,5.5356e-09
0.00359075,0.00107049,5.54114e-09
0.00359434,0.00107371,5.54668e-09
0.00359793,0.00107693,5.55223e-09
0.00360153,0.00108016,5.55778e-09
0.00360513,0.00108341,5.56334e-09
0.00360874,0.00108666,5.5689e-09
0.00361235,0.00108992,5.57447e-09
0.00361596,0.0010932,5.58004e-09
0.00361958,0.00109648,5.58562e-09
0.0036232,0.00109977,5.59121e-09
0.00362682,0.00110308,5.5968e-09
0.00363045,0.00110639,5.6024e-09
0.00363408,0.00110971,5.608e-09
0.00363771,0.00111304,5.61361e-09
0.00364135,0.00111639,5.61922e-09
0.00364499,0.00111974,5.62484e-09
0.00364863,0.0011231,5.63046e-09
0.00365228,0.00112647,5.63609e-09
0.00365594,0.00112986,5.64173e-09
0.00365959,0.00113325,5.64737e-09
0.00366325,0.00113665,5.65302e-09
0.00366691,0.00114007,5.65867e-09
0.00367058,0.00114349,5.66433e-09
0.00367425,0.00114692,5.67e-09
0.00367793,0.00115037,5.67567e-09
0.0036816,0.00115382,5.68134e-09
0.00368529,0.00115729,5.68702e-09
0.00368897,0.00116076,5.69271e-09
0.00369266,0.00116425,5.6984e-09
0.00369635,0.00116774,5.7041e-09
0.00370005,0.00117125,5.70981e-09
0.00370375,0.00117477,5.71552e-09
0.00370745,0.0011783,5.72123e-09
0.00371116,0.00118183,5.72695e-09
0.00371487,0.00118538,5.73268e-09
0.00371859,0.00118894,5.73841e-09
0.0037223,0.00119251,5.74415e-09
0.00372603,0.00119609,5.74989e-09
0.00372975,0.00119969,5.75564e-09
0.00373348,0.00120329,5.7614e-09
0.00373722,0.0012069,5.76716e-09
0.00374095,0.00121053,5.77293e-09
0.00374469,0.00121416,5.7787e-09
0.00374844,0.00121781,5.78448e-09
0.00375219,0.00122147,5.79026e-09
0.00375594,0.00122513,5.79605e-09
0.0037597,0.00122881,5.80185e-09
0.00376346,0.0012325,5.80765e-09
0.00376722,0.0012362,5.81346e-09
0.00377099,0.00123992,5.81927e-09
0.00377476,0.00124364,5.82509e-09
0.00377853,0.00124737,5.83092e-09
0.00378231,0.00125112,5.83675e-09
0.00378609,0.00125488,5.84259e-09
0.00378988,0.00125865,5.84843e-09
0.00379367,0.00126243,5.85428e-09
0.00379746,0.00126622,5.86013e-09
0.00380126,0.00127002,5.86599e-09
0.00380506,0.00127383,5.87186e-09
0.00380887,0.00127766,5.87773e-09
0.00381267,0.0012815,5.88361e-09
0.00381649,0.00128534,5.88949e-09
0.0038203,0.0012892,5.89538e-09
0.00382412,0.00129307,5.90128e-09
0.00382795,0.00129696,5.90718e-09
0.00383178,0.00130085,5.91308e-09
0.00383561,0.00130476,5.919e-09
0.00383944,0.00130868,5.92492e-09
0.00384328,0.00131261,5.93084e-09
0.00384713,0.00131655,5.93677e-09
0.00385097,0.0013205,5.94271e-09
0.00385482,0.00132447,5.94865e-09
0.00385868,0.00132845,5.9546e-09
0.00386254,0.00133243,5.96055e-09
0.0038664,0.00133644,5.96651e-09
0.00387027,0.00134045,5.97248e-09
0.00387414,0.00134447,5.97845e-09
0.00387801,0.00134851,5.98443e-09
0.00388189,0.00135256,5.99042e-09
0.00388577,0.00135662,5.99641e-09
0.00388966,0.0013607,6.0024e-09
0.00389355,0.00136478,6.00841e-09
0.00389744,0.00136888,6.01441e-09
0.00390134,0.00137299,6.02043e-09
0.00390524,0.00137712,6.02645e-09
0.00390914,0.00138125,6.03248e-09
0.00391305,0.0013854,6.03851e-09
0.00391697,0.00138956,6.04455e-09
0.00392088,0.00139373,6.05059e-09
0.0039248,0.00139792,6.05664e-09
0.00392873,0.00140212,6.0627e-09
0.00393266,0.00140633,6.06876e-09
0.00393659,0.00141055,6.07483e-09
0.00394053,0.00141479,6.0809e-09
0.00394447,0.00141903,6.08699e-09
0.00394841,0.0014233,6.09307e-09
0.00395236,0.00142757,6.09917e-09
0.00395631,0.00143186,6.10526e-09
0.00396027,0.00143616,6.11137e-09
0.00396423,0.00144047,6.11748e-09
0.00396819,0.00144479,6.1236e-09
0.00397216,0.00144913,6.12972e-09
0.00397613,0.00145349,6.13585e-09
0.00398011,0.00145785,6.14199e-09
0.00398409,0.00146223,6.14813e-09
0.00398807,0.00146662,6.15428e-09
0.00399206,0.00147102,6.16043e-09
0.00399605,0.00147544,6.16659e-09
0.00400005,0.00147987,6.17276e-09
0.00400405,0.00148432,6.17893e-09
0.00400805,0.00148877,6.18511e-09
0.00401206,0.00149324,6.1913e-09
0.00401607,0.00149773,6.19749e-09
0.00402009,0.00150223,6.20369e-09
0.00402411,0.00150674,6.20989e-09
0.00402813,0.00151126,6.2161e-09
0.00403216,0.0015158,6.22231e-09
0.0040362,0.00152035,6.22854e-09
0.00404023,0.00152492,6.23477e-09
0.00404427,0.0015295,6.241e-09
0.00404832,0.00153409,6.24724e-09
0.00405236,0.0015387,6.25349e-09
0.00405642,0.00154332,6.25974e-09
0.00406047,0.00154795,6.266e-09
0.00406453,0.0015526,6.27227e-09
0.0040686,0.00155726,6.27854e-09
0.00407267,0.00156194,6.28482e-09
0.00407674,0.00156663,6.2911e-09
0.00408082,0.00157133,6.29739e-09
0.0040849,0.00157605,6.30369e-09
0.00408898,0.00158079,6.31e-09
0.00409307,0.00158553,6.31631e-09
0.00409716,0.00159029,6.32262e-09
0.00410126,0.00159507,6.32894e-09
0.00410536,0.00159986,6.33527e-09
0.00410947,0.00160466,6.34161e-09
0.00411358,0.00160948,6.34795e-09
0.00411769,0.00161432,6.3543e-09
0.00412181,0.00161916,6.36065e-09
0.00412593,0.00162403,6.36701e-09
0.00413006,0.0016289,6.37338e-09
0.00413419,0.0016338,6.37975e-09
0.00413832,0.0016387,6.38613e-09
0.00414246,0.00164362,6.39252e-09
0.0041466,0.00164856,6.39891e-09
0.00415075,0.00165351,6.40531e-09
0.0041549,0.00165847,6.41172e-09
0.00415905,0.00166346,6.41813e-09
0.00416321,0.00166845,6.42455e-09
0.00416738,0.00167346,6.43097e-09
0.00417154,0.00167849,6.4374e-09
0.00417571,0.00168353,6.44384e-09
0.00417989,0.00168858,6.45028e-09
0.00418407,0.00169365,6.45673e-09
0.00418825,0.00169874,6.46319e-09
0.00419244,0.00170384,6.46965e-09
0.00419663,0.00170896,6.47612e-09
0.00420083,0.00171409,6.4826e-09
0.00420503,0.00171924,6.48908e-09
0.00420924,0.0017244,6.49557e-09
0.00421345,0.00172958,6.50207e-09
0.00421766,0.00173477,6.50857e-09
0.00422188,0.00173998,6.51508e-09
0.0042261,0.00174521,6.52159e-09
0.00423033,0.00175045,6.52811e-09
0.00423456,0.0017557,6.53464e-09
0.00423879,0.00176098,6.54118e-09
0.00424303,0.00176626,6.54772e-09
0.00424727,0.00177157,6.55427e-09
0.00425152,0.00177689,6.56082e-09
0.00425577,0.00178222,6.56738e-09
0.00426003,0.00178758,6.57395e-09
0.00426429,0.00179294,6.58052e-09
0.00426855,0.00179833,6.5871e-09
0.00427282,0.00180373,6.59369e-09
0.00427709,0.00180915,6.60028e-09
0.00428137,0.00181458,6.60688e-09
0.00428565,0.00182003,6.61349e-09
0.00428994,0.00182549,6.6201e-09
0.00429423,0.00183098,6.62672e-09
0.00429852,0.00183647,6.63335e-09
0.00430282,0.00184199,6.63998e-09
0.00430712,0.00184752,6.64662e-09
0.00431143,0.00185307,6.65327e-09
0.00431574,0.00185863,6.65992e-09
0.00432006,0.00186421,6.66658e-09
0.00432438,0.00186981,6.67325e-09
0.0043287,0.00187543,6.67992e-09
0.00433303,0.00188106,6.6866e-09
0.00433736,0.00188671,6.69329e-09
0.0043417,0.00189237,6.69998e-09
0.00434604,0.00189806,6.70668e-09
0.00435039,0.00190376,6.71339e-09
0.00435474,0.00190947,6.7201e-09
0.00435909,0.00191521,6.72682e-09
0.00436345,0.00192096,6.73355e-09
0.00436782,0.00192673,6.74028e-09
0.00437218,0.00193251,6.74702e-09
0.00437656,0.00193832,6.75377e-09
0.00438093,0.00194414,6.76052e-09
0.00438531,0.00194998,6.76729e-09
0.0043897,0.00195583,6.77405e-09
0.00439409,0.00196171,6.78083e-09
0.00439848,0.0019676,6.78761e-09
0.00440288,0.00197351,6.79439e-09
0.00440728,0.00197943,6.80119e-09
0.00441169,0.00198538,6.80799e-09
0.0044161,0.00199134,6.8148e-09
0.00442052,0.00199732,6.82161e-09
0.00442494,0.00200332,6.82843e-09
0.00442936,0.00200933,6.83526e-09
0.00443379,0.00201537,6.8421e-09
0.00443823,0.00202142,6.84894e-09
0.00444267,0.00202749,6.85579e-09
0.00444711,0.00203358,6.86265e-09
0.00445156,0.00203968,6.86951e-09
0.00445601,0.00204581,6.87638e-09
0.00446046,0.00205195,6.88325e-09
0.00446492,0.00205812,6.89014e-09
0.00446939,0.0020643,6.89703e-09
0.00447386,0.00207049,6.90392e-09
0.00447833,0.00207671,6.91083e-09
0.00448281,0.00208295,6.91774e-09
0.00448729,0.0020892,6.92466e-09
0.00449178,0.00209548,6.93158e-09
0.00449627,0.00210177,6.93851e-09
0.00450077,0.00210808,6.94545e-09
0.00450527,0.00211441,6.9524e-09
0.00450977,0.00212076,6.95935e-09
0.00451428,0.00212713,6.96631e-09
0.0045188,0.00213352,6.97328e-09
0.00452332,0.00213993,6.98025e-09
0.00452784,0.00214635,6.98723e-09
0.00453237,0.0021528,6.99422e-09
0.0045369,0.00215926,7.00121e-09
0.00454144,0.00216575,7.00821e-09
0.00454598,0.00217225,7.01522e-09
0.00455052,0.00217877,7.02223e-09
0.00455508,0.00218532,7.02926e-09
0.00455963,0.00219188,7.03629e-09
0.00456419,0.00219846,7.04332e-09
0.00456875,0.00220506,7.05037e-09
0.00457332,0.00221168,7.05742e-09
0.0045779,0.00221833,7.06447e-09
0.00458247,0.00222499,7.07154e-09
0.00458706,0.00223167,7.07861e-09
0.00459164,0.00223837,7.08569e-09
0.00459624,0.00224509,7.09277e-09
0.00460083,0.00225184,7.09987e-09
0.00460543,0.0022586,7.10697e-09
0.00461004,0.00226538,7.11407e-09
0.00461465,0.00227218,7.12119e-09
0.00461926,0.00227901,7.12831e-09
0.00462388,0.00228585,7.13544e-09
0.00462851,0.00229271,7.14257e-09
0.00463313,0.0022996,7.14972e-09
0.00463777,0.00230651,7.15686e-09
0.0046424,0.00231343,7.16402e-09
0.00464705,0.00232038,7.17119e-09
0.00465169,0.00232735,7.17836e-09
0.00465635,0.00233434,7.18554e-09
0.004661,0.00234135,7.19272e-09
0.00466566,0.00234838,7.19991e-09
0.00467033,0.00235543,7.20711e-09
0.004675,0.0023625,7.21432e-09
0.00467967,0.0023696,7.22153e-09
0.00468435,0.00237671,7.22876e-09
0.00468904,0.00238385,7.23599e-09
0.00469373,0.00239101,7.24322e-09
0.00469842,0.00239819,7.25046e-09
0.00470312,0.00240539,7.25771e-09
0.00470782,0.00241261,7.26497e-09
0.00471253,0.00241986,7.27224e-09
0.00471724,0.00242713,7.27951e-09
0.00472196,0.00243442,7.28679e-09
0.00472668,0.00244173,7.29408e-09
0.00473141,0.00244906,7.30137e-09
0.00473614,0.00245641,7.30867e-09
0.00474088,0.00246379,7.31598e-09
0.00474562,0.00247119,7.3233e-09
0.00475036,0.00247861,7.33062e-09
0.00475511,0.00248605,7.33795e-09
0.00475987,0.00249352,7.34529e-09
0.00476463,0.00250101,7.35263e-09
0.00476939,0.00250852,7.35999e-09
0.00477416,0.00251605,7.36735e-09
0.00477894,0.00252361,7.37471e-09
0.00478372,0.00253118,7.38209e-09
0.0047885,0.00253878,7.38947e-09
0.00479329,0.00254641,7.39686e-09
0.00479808,0.00255406,7.40426e-09
0.00480288,0.00256173,7.41166e-09
0.00480768,0.00256942,7.41907e-09
0.00481249,0.00257713,7.42649e-09
0.0048173,0.00258487,7.43392e-09
0.00482212,0.00259264,7.44135e-09
0.00482694,0.00260042,7.44879e-09
0.00483177,0.00260823,7.45624e-09
0.0048366,0.00261606,7.4637e-09
0.00484144,0.00262392,7.47116e-09
0.00484628,0.0026318,7.47863e-09
0.00485112,0.0026397,7.48611e-09
0.00485598,0.00264763,7.4936e-09
0.00486083,0.00265558,7.50109e-09
0.00486569,0.00266355,7.50859e-09
0.00487056,0.00267155,7.5161e-09
0.00487543,0.00267958,7.52362e-09
0.0048803,0.00268762,7.53114e-09
0.00488518,0.00269569,7.53867e-09
0.00489007,0.00270379,7.54621e-09
0.00489496,0.00271191,7.55376e-09
0.00489985,0.00272005,7.56131e-09
0.00490475,0.00272822,7.56887e-09
0.00490966,0.00273641,7.57644e-09
0.00491457,0.00274463,7.58402e-09
0.00491948,0.00275287,7.5916e-09
0.0049244,0.00276114,7.59919e-09
0.00492933,0.00276943,7.60679e-09
0.00493426,0.00277775,7.6144e-09
0.00493919,0.00278609,7.62201e-09
0.00494413,0.00279446,7.62964e-09
0.00494907,0.00280285,7.63726e-09
0.00495402,0.00281127,7.6449e-09
0.00495898,0.00281971,7.65255e-09
0.00496394,0.00282818,7.6602e-09
0.0049689,0.00283667,7.66786e-09
0.00497387,0.00284519,7.67553e-09
0.00497884,0.00285373,7.6832e-09
0.00498382,0.0028623,7.69089e-09
0.00498881,0.0028709,7.69858e-09
0.00499379,0.00287952,7.70628e-09
0.00499879,0.00288816,7.71398e-09
0.00500379,0.00289684,7.7217e-09
0.00500879,0.00290554,7.72942e-09
0.0050138,0.00291426,7.73715e-09
0.00501881,0.00292301,7.74488e-09
0.00502383,0.00293179,7.75263e-09
0.00502886,0.0029406,7.76038e-09
0.00503388,0.00294943,7.76814e-09
0.00503892,0.00295828,7.77591e-09
0.00504396,0.00296717,7.78369e-09
0.005049,0.00297608,7.79147e-09
0.00505405,0.00298501,7.79926e-09
0.0050591,0.00299398,7.80706e-09
0.00506416,0.00300297,7.81487e-09
0.00506923,0.00301199,7.82268e-09
0.0050743,0.00302103,7.83051e-09
0.00507937,0.0030301,7.83834e-09
0.00508445,0.0030392,7.84617e-09
0.00508954,0.00304833,7.85402e-09
0.00509462,0.00305748,7.86187e-09
0.00509972,0.00306667,7.86974e-09
0.00510482,0.00307588,7.87761e-09
0.00510992,0.00308511,7.88548e-09
0.00511503,0.00309438,7.89337e-09
0.00512015,0.00310367,7.90126e-09
0.00512527,0.00311299,7.90916e-09
0.00513039,0.00312234,7.91707e-09
0.00513552,0.00313171,7.92499e-09
0.00514066,0.00314112,7.93291e-09
0.0051458,0.00315055,7.94085e-09
0.00515095,0.00316001,7.94879e-09
0.0051561,0.0031695,7.95674e-09
0.00516125,0.00317902,7.96469e-09
0.00516642,0.00318857,7.97266e-09
0.00517158,0.00319814,7.98063e-09
0.00517675,0.00320775,7.98861e-09
0.00518193,0.00321738,7.9966e-09
0.00518711,0.00322704,8.0046e-09
0.0051923,0.00323673,8.0126e-09
0.00519749,0.00324645,8.02061e-09
0.00520269,0.0032562,8.02864e-09
0.00520789,0.00326598,8.03666e-09
0.0052131,0.00327579,8.0447e-09
0.00521831,0.00328562,8.05275e-09
0.00522353,0.00329549,8.0608e-09
0.00522875,0.00330539,8.06886e-09
0.00523398,0.00331531,8.07693e-09
0.00523922,0.00332527,8.085e-09
0.00524446,0.00333526,8.09309e-09
0.0052497,0.00334527,8.10118e-09
0.00525495,0.00335532,8.10928e-09
0.00526021,0.00336539,8.11739e-09
0.00526547,0.0033755,8.12551e-09
0.00527073,0.00338564,8.13364e-09
0.005276,0.0033958,8.14177e-09
0.00528128,0.003406,8.14991e-09
0.00528656,0.00341623,8.15806e-09
0.00529185,0.00342649,8.16622e-09
0.00529714,0.00343678,8.17439e-09
0.00530243,0.0034471,8.18256e-09
0.00530774,0.00345745,8.19074e-09
0.00531304,0.00346783,8.19893e-09
0.00531836,0.00347825,8.20713e-09
0.00532368,0.00348869,8.21534e-09
0.005329,0.00349917,8.22355e-09
0.00533433,0.00350968,8.23178e-09
0.00533966,0.00352022,8.24001e-09
0.005345,0.00353079,8.24825e-09
0.00535035,0.00354139,8.2565e-09
0.0053557,0.00355202,8.26475e-09
0.00536105,0.00356269,8.27302e-09
0.00536641,0.00357339,8.28129e-09
0.00537178,0.00358412,8.28957e-09
0.00537715,0.00359488,8.29786e-09
0.00538253,0.00360568,8.30616e-09
0.00538791,0.00361651,8.31447e-09
0.0053933,0.00362737,8.32278e-09
0.00539869,0.00363826,8.3311e-09
0.00540409,0.00364919,8.33944e-09
0.0054095,0.00366014,8.34778e-09
0.00541491,0.00367114,8.35612e-09
0.00542032,0.00368216,8.36448e-09
0.00542574,0.00369322,8.37284e-09
0.00543117,0.00370431,8.38122e-09
0.0054366,0.00371543,8.3896e-09
0.00544203,0.00372659,8.39799e-09
0.00544748,0.00373778,8.40639e-09
0.00545292,0.00374901,8.41479e-09
0.00545838,0.00376026,8.42321e-09
0.00546384,0.00377156,8.43163e-09
0.0054693,0.00378288,8.44006e-09
0.00547477,0.00379424,8.4485e-09
0.00548024,0.00380564,8.45695e-09
0.00548572,0.00381706,8.46541e-09
0.00549121,0.00382853,8.47387e-09
0.0054967,0.00384002,8.48235e-09
0.0055022,0.00385156,8.49083e-09
0.0055077,0.00386312,8.49932e-09
0.00551321,0.00387472,8.50782e-09
0.00551872,0.00388636,8.51633e-09
0.00552424,0.00389803,8.52484e-09
0.00552976,0.00390974,8.53337e-09
0.00553529,0.00392148,8.5419e-09
0.00554083,0.00393325,8.55044e-09
0.00554637,0.00394506,8.55899e-09
0.00555192,0.00395691,8.56755e-09
0.00555747,0.00396879,8.57612e-09
0.00556303,0.00398071,8.5847e-09
0.00556859,0.00399267,8.59328e-09
0.00557416,0.00400466,8.60187e-09
0.00557973,0.00401668,8.61048e-09
0.00558531,0.00402874,8.61909e-09
0.0055909,0.00404084,8.62771e-09
0.00559649,0.00405298,8.63633e-09
0.00560208,0.00406515,8.64497e-09
0.00560769,0.00407736,8.65361e-09
0.00561329,0.0040896,8.66227e-09
0.00561891,0.00410188,8.67093e-09
0.00562453,0.0041142,8.6796e-09
0.00563015,0.00412655,8.68828e-09
0.00563578,0.00413895,8.69697e-09
0.00564142,0.00415138,8.70567e-09
0.00564706,0.00416384,8.71437e-09
0.0056527,0.00417635,8.72309e-09
0.00565836,0.00418889,8.73181e-09
0.00566402,0.00420147,8.74054e-09
0.00566968,0.00421408,8.74928e-09
0.00567535,0.00422674,8.75803e-09
0.00568102,0.00423943,8.76679e-09
0.00568671,0.00425216,8.77556e-09
0.00569239,0.00426493,8.78433e-09
0.00569808,0.00427774,8.79312e-09
0.00570378,0.00429059,8.80191e-09
0.00570949,0.00430347,8.81071e-09
0.0057152,0.00431639,8.81952e-09
0.00572091,0.00432936,8.82834e-09
0.00572663,0.00434236,8.83717e-09
0.00573236,0.0043554,8.84601e-09
0.00573809,0.00436848,8.85485e-09
0.00574383,0.00438159,8.86371e-09
0.00574957,0.00439475,8.87257e-09
0.00575532,0.00440795,8.88144e-09
0.00576108,0.00442119,8.89032e-09
0.00576684,0.00443446,8.89922e-09
0.00577261,0.00444778,8.90811e-09
0.00577838,0.00446114,8.91702e-09
0.00578416,0.00447453,8.92594e-09
0.00578994,0.00448797,8.93487e-09
0.00579573,0.00450145,8.9438e-09
0.00580153,0.00451497,8.95274e-09
0.00580733,0.00452853,8.9617e-09
0.00581314,0.00454212,8.97066e-09
0.00581895,0.00455576,8.97963e-09
0.00582477,0.00456945,8.98861e-09
0.00583059,0.00458317,8.9976e-09
0.00583642,0.00459693,9.0066e-09
0.00584226,0.00461074,9.0156e-09
0.0058481,0.00462458,9.02462e-09
0.00585395,0.00463847,9.03364e-09
0.0058598,0.0046524,9.04268e-09
0.00586566,0.00466637,9.05172e-09
0.00587153,0.00468038,9.06077e-09
0.0058774,0.00469444,9.06983e-09
0.00588328,0.00470853,9.0789e-09
0.00588916,0.00472267,9.08798e-09
0.00589505,0.00473686,9.09707e-09
0.00590095,0.00475108,9.10616e-09
0.00590685,0.00476535,9.11527e-09
0.00591275,0.00477966,9.12439e-09
0.00591867,0.00479401,9.13351e-09
0.00592458,0.00480841,9.14264e-09
0.00593051,0.00482285,9.15179e-09
0.00593644,0.00483733,9.16094e-09
0.00594238,0.00485186,9.1701e-09
0.00594832,0.00486643,9.17927e-09
0.00595427,0.00488104,9.18845e-09
0.00596022,0.0048957,9.19764e-09
0.00596618,0.0049104,9.20683e-09
0.00597215,0.00492515,9.21604e-09
0.00597812,0.00493994,9.22526e-09
0.0059841,0.00495477,9.23448e-09
0.00599008,0.00496965,9.24372e-09
0.00599607,0.00498458,9.25296e-09
0.00600207,0.00499954,9.26221e-09
0.00600807,0.00501456,9.27148e-09
0.00601408,0.00502962,9.28075e-09
0.00602009,0.00504472,9.29003e-09
0.00602611,0.00505987,9.29932e-09
0.00603214,0.00507507,9.30862e-09
0.00603817,0.00509031,9.31793e-09
0.00604421,0.00510559,9.32724e-09
0.00605025,0.00512092,9.33657e-09
0.0060563,0.0051363,9.34591e-09
0.00606236,0.00515173,9.35525e-09
0.00606842,0.0051672,9.36461e-09
0.00607449,0.00518271,9.37397e-09
0.00608056,0.00519828,9.38335e-09
0.00608665,0.00521389,9.39273e-09
0.00609273,0.00522955,9.40212e-09
0.00609882,0.00524525,9.41153e-09
0.00610492,0.005261,9.42094e-09
0.00611103,0.0052768,9.43036e-09
0.00611714,0.00529265,9.43979e-09
0.00612326,0.00530854,9.44923e-09
0.00612938,0.00532448,9.45868e-09
0.00613551,0.00534047,9.46814e-09
0.00614164,0.00535651,9.4776e-09
0.00614779,0.00537259,9.48708e-09
0.00615393,0.00538873,9.49657e-09
0.00616009,0.00540491,9.50607e-09
0.00616625,0.00542114,9.51557e-09
0.00617241,0.00543742,9.52509e-09
0.00617859,0.00545375,9.53461e-09
0.00618477,0.00547013,9.54415e-09
0.00619095,0.00548655,9.55369e-09
0.00619714,0.00550303,9.56325e-09
0.00620334,0.00551956,9.57281e-09
0.00620954,0.00553613,9.58238e-09
0.00621575,0.00555276,9.59196e-09
0.00622197,0.00556943,9.60156e-09
0.00622819,0.00558616,9.61116e-09
0.00623442,0.00560293,9.62077e-09
0.00624065,0.00561976,9.63039e-09
0.00624689,0.00563663,9.64002e-09
0.00625314,0.00565356,9.64966e-09
0.00625939,0.00567054,9.65931e-09
0.00626565,0.00568757,9.66897e-09
0.00627192,0.00570465,9.67864e-09
0.00627819,0.00572178,9.68832e-09
0.00628447,0.00573896,9.698e-09
0.00629075,0.00575619,9.7077e-09
0.00629704,0.00577348,9.71741e-09
0.00630334,0.00579082,9.72713e-09
0.00630964,0.00580821,9.73685e-09
0.00631595,0.00582565,9.74659e-09
0.00632227,0.00584314,9.75634e-09
0.00632859,0.00586069,9.76609e-09
0.00633492,0.00587829,9.77586e-09
0.00634125,0.00589594,9.78564e-09
0.0063476,0.00591365,9.79542e-09
0.00635394,0.00593141,9.80522e-09
0.0063603,0.00594922,9.81502e-09
0.00636666,0.00596708,9.82484e-09
0.00637302,0.005985,9.83466e-09
0.0063794,0.00600298,9.8445e-09
0.00638578,0.006021,9.85434e-09
0.00639216,0.00603908,9.8642e-09
0.00639855,0.00605722,9.87406e-09
0.00640495,0.00607541,9.88393e-09
0.00641136,0.00609365,9.89382e-09
0.00641777,0.00611195,9.90371e-09
0.00642419,0.00613031,9.91362e-09
0.00643061,0.00614872,9.92353e-09
0.00643704,0.00616718,9.93345e-09
0.00644348,0.0061857,9.94339e-09
0.00644992,0.00620428,9.95333e-09
0.00645637,0.00622291,9.96328e-09
0.00646283,0.0062416,9.97325e-09
0.00646929,0.00626034,9.98322e-09
0.00647576,0.00627914,9.9932e-09
0.00648224,0.006298,1.00032e-08
0.00648872,0.00631691,1.00132e-08
0.00649521,0.00633588,1.00232e-08
0.0065017,0.0063549,1.00332e-08
0.0065082,0.00637399,1.00433e-08
0.00651471,0.00639313,1.00533e-08
0.00652123,0.00641233,1.00634e-08
0.00652775,0.00643158,1.00734e-08
0.00653428,0.0064509,1.00835e-08
0.00654081,0.00647027,1.00936e-08
0.00654735,0.0064897,1.01037e-08
0.0065539,0.00650919,1.01138e-08
0.00656045,0.00652874,1.01239e-08
0.00656701,0.00654834,1.0134e-08
0.00657358,0.00656801,1.01442e-08
0.00658015,0.00658773,1.01543e-08
0.00658673,0.00660751,1.01645e-08
0.00659332,0.00662736,1.01746e-08
0.00659991,0.00664726,1.01848e-08
0.00660651,0.00666722,1.0195e-08
0.00661312,0.00668724,1.02052e-08
0.00661973,0.00670732,1.02154e-08
0.00662635,0.00672747,1.02256e-08
0.00663298,0.00674767,1.02358e-08
0.00663961,0.00676793,1.02461e-08
0.00664625,0.00678826,1.02563e-08
0.0066529,0.00680864,1.02666e-08
0.00665955,0.00682909,1.02768e-08
0.00666621,0.00684959,1.02871e-08
0.00667288,0.00687016,1.02974e-08
0.00667955,0.00689079,1.03077e-08
0.00668623,0.00691149,1.0318e-08
0.00669292,0.00693224,1.03283e-08
0.00669961,0.00695306,1.03386e-08
0.00670631,0.00697394,1.0349e-08
0.00671301,0.00699488,1.03593e-08
0.00671973,0.00701589,1.03697e-08
0.00672645,0.00703696,1.03801e-08
0.00673317,0.00705809,1.03904e-08
0.00673991,0.00707929,1.04008e-08
0.00674665,0.00710054,1.04112e-08
0.00675339,0.00712187,1.04216e-08
0.00676015,0.00714325,1.04321e-08
0.00676691,0.00716471,1.04425e-08
0.00677367,0.00718622,1.04529e-08
0.00678045,0.0072078,1.04634e-08
0.00678723,0.00722945,1.04738e-08
0.00679402,0.00725116,1.04843e-08
0.00680081,0.00727293,1.04948e-08
0.00680761,0.00729477,1.05053e-08
0.00681442,0.00731668,1.05158e-08
0.00682123,0.00733865,1.05263e-08
0.00682805,0.00736069,1.05369e-08
0.00683488,0.00738279,1.05474e-08
0.00684172,0.00740496,1.05579e-08
0.00684856,0.0074272,1.05685e-08
0.00685541,0.0074495,1.05791e-08
0.00686226,0.00747187,1.05896e-08
0.00686912,0.00749431,1.06002e-08
0.00687599,0.00751682,1.06108e-08
0.00688287,0.00753939,1.06214e-08
0.00688975,0.00756203,1.06321e-08
0.00689664,0.00758474,1.06427e-08
0.00690354,0.00760752,1.06533e-08
0.00691044,0.00763036,1.0664e-08
0.00691735,0.00765328,1.06747e-08
0.00692427,0.00767626,1.06853e-08
0.00693119,0.00769931,1.0696e-08
0.00693813,0.00772243,1.07067e-08
0.00694506,0.00774562,1.07174e-08
0.00695201,0.00776888,1.07281e-08
0.00695896,0.00779221,1.07389e-08
0.00696592,0.00781561,1.07496e-08
0.00697289,0.00783908,1.07604e-08
0.00697986,0.00786262,1.07711e-08
0.00698684,0.00788624,1.07819e-08
0.00699383,0.00790992,1.07927e-08
0.00700082,0.00793367,1.08035e-08
0.00700782,0.0079575,1.08143e-08
0.00701483,0.00798139,1.08251e-08
0.00702184,0.00800536,1.08359e-08
0.00702886,0.0080294,1.08467e-08
0.00703589,0.00805351,1.08576e-08
0.00704293,0.0080777,1.08684e-08
0.00704997,0.00810196,1.08793e-08
0.00705702,0.00812629,1.08902e-08
0.00706408,0.00815069,1.09011e-08
0.00707114,0.00817517,1.0912e-08
0.00707821,0.00819972,1.09229e-08
0.00708529,0.00822434,1.09338e-08
0.00709238,0.00824904,1.09447e-08
0.00709947,0.00827381,1.09557e-08
0.00710657,0.00829866,1.09666e-08
0.00711368,0.00832358,1.09776e-08
0.00712079,0.00834857,1.09886e-08
0.00712791,0.00837364,1.09996e-08
0.00713504,0.00839879,1.10106e-08
0.00714217,0.00842401,1.10216e-08
0.00714932,0.00844931,1.10326e-08
0.00715647,0.00847468,1.10436e-08
0.00716362,0.00850013,1.10547e-08
0.00717079,0.00852566,1.10657e-08
0.00717796,0.00855126,1.10768e-08
0.00718513,0.00857694,1.10879e-08
0.00719232,0.00860269,1.1099e-08
0.00719951,0.00862853,1.11101e-08
0.00720671,0.00865444,1.11212e-08
0.00721392,0.00868043,1.11323e-08
0.00722113,0.0087065,1.11434e-08
0.00722835,0.00873264,1.11546e-08
0.00723558,0.00875887,1.11657e-08
0.00724282,0.00878517,1.11769e-08
0.00725006,0.00881155,1.11881e-08
0.00725731,0.00883801,1.11993e-08
0.00726457,0.00886455,1.12105e-08
0.00727183,0.00889117,1.12217e-08
0.0072791,0.00891787,1.12329e-08
0.00728638,0.00894465,1.12441e-08
0.00729367,0.00897151,1.12554e-08
0.00730096,0.00899846,1.12666e-08
0.00730826,0.00902548,1.12779e-08
0.00731557,0.00905258,1.12892e-08
0.00732289,0.00907977,1.13005e-08
0.00733021,0.00910703,1.13118e-08
0.00733754,0.00913438,1.13231e-08
0.00734488,0.00916181,1.13344e-08
0.00735222,0.00918933,1.13457e-08
0.00735957,0.00921692,1.13571e-08
0.00736693,0.0092446,1.13684e-08
0.0073743,0.00927236,1.13798e-08
0.00738168,0.00930021,1.13912e-08
0.00738906,0.00932813,1.14026e-08
0.00739645,0.00935615,1.1414e-08
0.00740384,0.00938424,1.14254e-08
0.00741125,0.00941242,1.14368e-08
0.00741866,0.00944069,1.14483e-08
0.00742608,0.00946904,1.14597e-08
0.0074335,0.00949748,1.14712e-08
0.00744094,0.009526,1.14826e-08
0.00744838,0.0095546,1.14941e-08
0.00745583,0.0095833,1.15056e-08
0.00746328,0.00961207,1.15171e-08
0.00747074,0.00964094,1.15286e-08
0.00747822,0.00966989,1.15402e-08
0.00748569,0.00969893,1.15517e-08
0.00749318,0.00972806,1.15633e-08
0.00750067,0.00975727,1.15748e-08
0.00750817,0.00978657,1.15864e-08
0.00751568,0.00981596,1.1598e-08
0.0075232,0.00984544,1.16096e-08
0.00753072,0.009875,1.16212e-08
0.00753825,0.00990466,1.16328e-08
0.00754579,0.0099344,1.16444e-08
0.00755333,0.00996423,1.16561e-08
0.00756089,0.00999416,1.16677e-08
0.00756845,0.0100242,1.16794e-08
0.00757602,0.0100543,1.16911e-08
0.00758359,0.0100845,1.17028e-08
0.00759118,0.0101147,1.17145e-08
0.00759877,0.0101451,1.17262e-08
0.00760637,0.0101756,1.17379e-08
0.00761397,0.0102061,1.17497e-08
0.00762159,0.0102368,1.17614e-08
0.00762921,0.0102675,1.17732e-08
0.00763684,0.0102984,1.17849e-08
0.00764448,0.0103293,1.17967e-08
0.00765212,0.0103603,1.18085e-08
0.00765977,0.0103914,1.18203e-08
0.00766743,0.0104226,1.18322e-08
0.0076751,0.0104539,1.1844e-08
0.00768277,0.0104853,1.18558e-08
0.00769046,0.0105168,1.18677e-08
0.00769815,0.0105484,1.18796e-08
0.00770585,0.0105801,1.18914e-08
0.00771355,0.0106118,1.19033e-08
0.00772126,0.0106437,1.19152e-08
0.00772899,0.0106757,1.19271e-08
0.00773672,0.0107077,1.19391e-08
0.00774445,0.0107399,1.1951e-08
0.0077522,0.0107721,1.1963e-08
0.00775995,0.0108045,1.19749e-08
0.00776771,0.0108369,1.19869e-08
0.00777548,0.0108695,1.19989e-08
0.00778325,0.0109021,1.20109e-08
0.00779103,0.0109349,1.20229e-08
0.00779883,0.0109677,1.20349e-08
0.00780662,0.0110006,1.2047e-08
0.00781443,0.0110337,1.2059e-08
0.00782225,0.0110668,1.20711e-08
0.00783007,0.0111,1.20831e-08
0.0078379,0.0111334,1.20952e-08
0.00784574,0.0111668,1.21073e-08
0.00785358,0.0112003,1.21194e-08
0.00786144,0.011234,1.21315e-08
0.0078693,0.0112677,1.21437e-08
0.00787717,0.0113015,1.21558e-08
0.00788504,0.0113355,1.2168e-08
0.00789293,0.0113695,1.21801e-08
0.00790082,0.0114037,1.21923e-08
0.00790872,0.0114379,1.22045e-08
0.00791663,0.0114723,1.22167e-08
0.00792455,0.0115067,1.22289e-08
0.00793247,0.0115413,1.22412e-08
0.0079404,0.0115759,1.22534e-08
0.00794834,0.0116107,1.22657e-08
0.00795629,0.0116455,1.22779e-08
0.00796425,0.0116805,1.22902e-08
0.00797221,0.0117156,1.23025e-08
0.00798019,0.0117508,1.23148e-08
0.00798817,0.0117861,1.23271e-08
0.00799615,0.0118215,1.23394e-08
0.00800415,0.011857,1.23518e-08
0.00801215,0.0118926,1.23641e-08
0.00802017,0.0119283,1.23765e-08
0.00802819,0.0119641,1.23889e-08
0.00803621,0.012,1.24012e-08
0.00804425,0.0120361,1.24137e-08
0.0080523,0.0120722,1.24261e-08
0.00806035,0.0121085,1.24385e-08
0.00806841,0.0121448,1.24509e-08
0.00807648,0.0121813,1.24634e-08
0.00808455,0.0122179,1.24758e-08
0.00809264,0.0122546,1.24883e-08
0.00810073,0.0122914,1.25008e-08
0.00810883,0.0123283,1.25133e-08
0.00811694,0.0123653,1.25258e-08
0.00812506,0.0124024,1.25383e-08
0.00813318,0.0124397,1.25509e-08
0.00814131,0.012477,1.25634e-08
0.00814946,0.0125145,1.2576e-08
0.00815761,0.0125521,1.25886e-08
0.00816576,0.0125898,1.26012e-08
0.00817393,0.0126276,1.26138e-08
0.0081821,0.0126655,1.26264e-08
0.00819029,0.0127035,1.2639e-08
0.00819848,0.0127417,1.26516e-08
0.00820667,0.01278,1.26643e-08
0.00821488,0.0128183,1.2677e-08
0.0082231,0.0128568,1.26896e-08
0.00823132,0.0128954,1.27023e-08
0.00823955,0.0129342,1.2715e-08
0.00824779,0.012973,1.27277e-08
0.00825604,0.013012,1.27405e-08
0.00826429,0.013051,1.27532e-08
0.00827256,0.0130902,1.2766e-08
0.00828083,0.0131295,1.27787e-08
0.00828911,0.013169,1.27915e-08
0.0082974,0.0132085,1.28043e-08
0.0083057,0.0132482,1.28171e-08
0.008314,0.013288,1.28299e-08
0.00832232,0.0133279,1.28428e-08
0.00833064,0.0133679,1.28556e-08
0.00833897,0.013408,1.28685e-08
0.00834731,0.0134483,1.28813e-08
0.00835566,0.0134887,1.28942e-08
0.00836401,0.0135292,1.29071e-08
0.00837238,0.0135698,1.292e-08
0.00838075,0.0136106,1.29329e-08
0.00838913,0.0136514,1.29459e-08
0.00839752,0.0136924,1.29588e-08
0.00840592,0.0137335,1.29718e-08
0.00841432,0.0137748,1.29847e-08
0.00842274,0.0138162,1.29977e-08
0.00843116,0.0138576,1.30107e-08
0.00843959,0.0138993,1.30237e-08
0.00844803,0.013941,1.30367e-08
0.00845648,0.0139829,1.30498e-08
0.00846493,0.0140249,1.30628e-08
0.0084734,0.014067,1.30759e-08
0.00848187,0.0141092,1.3089e-08
0.00849035,0.0141516,1.31021e-08
0.00849884,0.0141941,1.31152e-08
0.00850734,0.0142367,1.31283e-08
0.00851585,0.0142795,1.31414e-08
0.00852437,0.0143223,1.31546e-08
0.00853289,0.0143654,1.31677e-08
0.00854142,0.0144085,1.31809e-08
0.00854997,0.0144518,1.31941e-08
0.00855852,0.0144952,1.32072e-08
0.00856707,0.0145387,1.32205e-08
0.00857564,0.0145823,1.32337e-08
0.00858422,0.0146261,1.32469e-08
0.0085928,0.0146701,1.32602e-08
0.00860139,0.0147141,1.32734e-08
0.00860999,0.0147583,1.32867e-08
0.0086186,0.0148026,1.33e-08
0.00862722,0.0148471,1.33133e-08
0.00863585,0.0148917,1.33266e-08
0.00864449,0.0149364,1.33399e-08
0.00865313,0.0149812,1.33533e-08
0.00866178,0.0150262,1.33666e-08
0.00867045,0.0150713,1.338e-08
0.00867912,0.0151166,1.33934e-08
0.0086878,0.015162,1.34067e-08
0.00869648,0.0152075,1.34202e-08
0.00870518,0.0152532,1.34336e-08
0.00871388,0.015299,1.3447e-08
0.0087226,0.0153449,1.34605e-08
0.00873132,0.015391,1.34739e-08
0.00874005,0.0154372,1.34874e-08
0.00874879,0.0154836,1.35009e-08
0.00875754,0.0155301,1.35144e-08
0.0087663,0.0155767,1.35279e-08
0.00877507,0.0156235,1.35414e-08
0.00878384,0.0156704,1.3555e-08
0.00879262,0.0157175,1.35685e-08
0.00880142,0.0157647,1.35821e-08
0.00881022,0.015812,1.35957e-08
0.00881903,0.0158595,1.36093e-08
0.00882785,0.0159071,1.36229e-08
0.00883668,0.0159549,1.36365e-08
0.00884551,0.0160028,1.36501e-08
0.00885436,0.0160509,1.36638e-08
0.00886321,0.0160991,1.36774e-08
0.00887208,0.0161474,1.36911e-08
0.00888095,0.0161959,1.37048e-08
0.00888983,0.0162446,1.37185e-08
0.00889872,0.0162933,1.37322e-08
0.00890762,0.0163423,1.3746e-08
0.00891652,0.0163913,1.37597e-08
0.00892544,0.0164406,1.37735e-08
0.00893437,0.0164899,1.37872e-08
0.0089433,0.0165395,1.3801e-08
0.00895224,0.0165891,1.38148e-08
0.0089612,0.0166389,1.38287e-08
0.00897016,0.0166889,1.38425e-08
0.00897913,0.016739,1.38563e-08
0.00898811,0.0167893,1.38702e-08
0.00899709,0.0168397,1.38841e-08
0.00900609,0.0168903,1.38979e-08
0.0090151,0.016941,1.39118e-08
0.00902411,0.0169919,1.39257e-08
0.00903314,0.0170429,1.39397e-08
0.00904217,0.0170941,1.39536e-08
0.00905121,0.0171454,1.39676e-08
0.00906026,0.0171969,1.39815e-08
0.00906932,0.0172485,1.39955e-08
0.00907839,0.0173003,1.40095e-08
0.00908747,0.0173523,1.40235e-08
0.00909656,0.0174044,1.40375e-08
0.00910566,0.0174567,1.40516e-08
0.00911476,0.0175091,1.40656e-08
0.00912388,0.0175617,1.40797e-08
0.009133,0.0176144,1.40938e-08
0.00914213,0.0176673,1.41079e-08
0.00915128,0.0177204,1.4122e-08
0.00916043,0.0177736,1.41361e-08
0.00916959,0.0178269,1.41502e-08
0.00917876,0.0178805,1.41644e-08
0.00918794,0.0179342,1.41785e-08
0.00919712,0.017988,1.41927e-08
0.00920632,0.0180421,1.42069e-08
0.00921553,0.0180962,1.42211e-08
0.00922474,0.0181506,1.42353e-08
0.00923397,0.0182051,1.42496e-08
0.0092432,0.0182598,1.42638e-08
0.00925244,0.0183146,1.42781e-08
0.0092617,0.0183696,1.42924e-08
0.00927096,0.0184247,1.43067e-08
0.00928023,0.0184801,1.4321e-08
0.00928951,0.0185356,1.43353e-08
0.0092988,0.0185912,1.43496e-08
0.0093081,0.0186471,1.4364e-08
0.00931741,0.0187031,1.43783e-08
0.00932672,0.0187592,1.43927e-08
0.00933605,0.0188156,1.44071e-08
0.00934539,0.0188721,1.44215e-08
0.00935473,0.0189287,1.44359e-08
0.00936409,0.0189856,1.44504e-08
0.00937345,0.0190426,1.44648e-08
0.00938282,0.0190998,1.44793e-08
0.00939221,0.0191571,1.44938e-08
0.0094016,0.0192147,1.45083e-08
0.009411,0.0192724,1.45228e-08
0.00942041,0.0193302,1.45373e-08
0.00942983,0.0193883,1.45518e-08
0.00943926,0.0194465,1.45664e-08
0.0094487,0.0195049,1.4581e-08
0.00945815,0.0195635,1.45955e-08
0.00946761,0.0196222,1.46101e-08
0.00947708,0.0196812,1.46247e-08
0.00948655,0.0197403,1.46394e-08
0.00949604,0.0197995,1.4654e-08
0.00950553,0.019859,1.46687e-08
0.00951504,0.0199186,1.46833e-08
0.00952456,0.0199785,1.4698e-08
0.00953408,0.0200384,1.47127e-08
0.00954361,0.0200986,1.47274e-08
0.00955316,0.020159,1.47422e-08
0.00956271,0.0202195,1.47569e-08
0.00957227,0.0202802,1.47716e-08
0.00958185,0.0203411,1.47864e-08
0.00959143,0.0204022,1.48012e-08
0.00960102,0.0204635,1.4816e-08
0.00961062,0.0205249,1.48308e-08
0.00962023,0.0205866,1.48457e-08
0.00962985,0.0206484,1.48605e-08
0.00963948,0.0207104,1.48754e-08
0.00964912,0.0207726,1.48902e-08
0.00965877,0.020835,1.49051e-08
0.00966843,0.0208975,1.492e-08
0.0096781,0.0209603,1.4935e-08
0.00968777,0.0210232,1.49499e-08
0.00969746,0.0210864,1.49648e-08
0.00970716,0.0211497,1.49798e-08
0.00971687,0.0212132,1.49948e-08
0.00972658,0.0212769,1.50098e-08
0.00973631,0.0213408,1.50248e-08
0.00974605,0.0214049,1.50398e-08
0.00975579,0.0214692,1.50549e-08
0.00976555,0.0215336,1.50699e-08
0.00977531,0.0215983,1.5085e-08
0.00978509,0.0216632,1.51001e-08
0.00979487,0.0217282,1.51152e-08
0.00980467,0.0217935,1.51303e-08
0.00981447,0.0218589,1.51454e-08
0.00982429,0.0219246,1.51606e-08
0.00983411,0.0219904,1.51757e-08
0.00984395,0.0220564,1.51909e-08
0.00985379,0.0221227,1.52061e-08
0.00986364,0.0221891,1.52213e-08
0.00987351,0.0222557,1.52365e-08
0.00988338,0.0223226,1.52517e-08
0.00989327,0.0223896,1.5267e-08
0.00990316,0.0224569,1.52823e-08
0.00991306,0.0225243,1.52975e-08
0.00992297,0.0225919,1.53128e-08
0.0099329,0.0226598,1.53282e-08
0.00994283,0.0227278,1.53435e-08
0.00995277,0.0227961,1.53588e-08
0.00996273,0.0228645,1.53742e-08
0.00997269,0.0229332,1.53896e-08
0.00998266,0.0230021,1.54049e-08
0.00999264,0.0230711,1.54204e-08
0.0100026,0.0231404,1.54358e-08
0.0100126,0.0232099,1.54512e-08
0.0100227,0.0232796,1.54667e-08
0.0100327,0.0233495,1.54821e-08
0.0100427,0.0234196,1.54976e-08
0.0100528,0.02349,1.55131e-08
0.0100628,0.0235605,1.55286e-08
0.0100729,0.0236313,1.55441e-08
0.0100829,0.0237022,1.55597e-08
0.010093,0.0237734,1.55753e-08
0.0101031,0.0238448,1.55908e-08
0.0101132,0.0239164,1.56064e-08
0.0101233,0.0239882,1.5622e-08
0.0101335,0.0240603,1.56376e-08
0.0101436,0.0241325,1.56533e-08
0.0101537,0.024205,1.56689e-08
0.0101639,0.0242777,1.56846e-08
0.010174,0.0243506,1.57003e-08
0.0101842,0.0244237,1.5716e-08
0.0101944,0.024497,1.57317e-08
0.0102046,0.0245706,1.57474e-08
0.0102148,0.0246444,1.57632e-08
0.010225,0.0247184,1.5779e-08
0.0102352,0.0247926,1.57947e-08
0.0102455,0.0248671,1.58105e-08
0.0102557,0.0249418,1.58263e-08
0.010266,0.0250167,1.58422e-08
0.0102762,0.0250918,1.5858e-08
0.0102865,0.0251671,1.58739e-08
0.0102968,0.0252427,1.58897e-08
0.0103071,0.0253185,1.59056e-08
0.0103174,0.0253945,1.59215e-08
0.0103277,0.0254708,1.59375e-08
0.0103381,0.0255473,1.59534e-08
0.0103484,0.025624,1.59693e-08
0.0103587,0.025701,1.59853e-08
0.0103691,0.0257781,1.60013e-08
0.0103795,0.0258556,1.60173e-08
0.0103899,0.0259332,1.60333e-08
0.0104002,0.0260111,1.60493e-08
0.0104106,0.0260892,1.60654e-08
0.0104211,0.0261675,1.60815e-08
0.0104315,0.0262461,1.60975e-08
0.0104419,0.0263249,1.61136e-08
0.0104523,0.026404,1.61298e-08
0.0104628,0.0264833,1.61459e-08
0.0104733,0.0265628,1.6162e-08
0.0104837,0.0266426,1.61782e-08
0.0104942,0.0267226,1.61944e-08
0.0105047,0.0268028,1.62106e-08
0.0105152,0.0268833,1.62268e-08
0.0105257,0.026964,1.6243e-08
0.0105363,0.027045,1.62592e-08
0.0105468,0.0271262,1.62755e-08
0.0105573,0.0272077,1.62918e-08
0.0105679,0.0272894,1.63081e-08
0.0105785,0.0273714,1.63244e-08
0.010589,0.0274535,1.63407e-08
0.0105996,0.027536,1.6357e-08
0.0106102,0.0276187,1.63734e-08
0.0106208,0.0277016,1.63898e-08
0.0106315,0.0277848,1.64062e-08
0.0106421,0.0278682,1.64226e-08
0.0106527,0.0279519,1.6439e-08
0.0106634,0.0280359,1.64554e-08
0.0106741,0.0281201,1.64719e-08
0.0106847,0.0282045,1.64884e-08
0.0106954,0.0282892,1.65049e-08
0.0107061,0.0283742,1.65214e-08
0.0107168,0.0284594,1.65379e-08
0.0107275,0.0285448,1.65544e-08
0.0107383,0.0286306,1.6571e-08
0.010749,0.0287165,1.65875e-08
0.0107597,0.0288028,1.66041e-08
0.0107705,0.0288893,1.66207e-08
0.0107813,0.028976,1.66374e-08
0.0107921,0.029063,1.6654e-08
0.0108029,0.0291503,1.66706e-08
0.0108137,0.0292378,1.66873e-08
0.0108245,0.0293256,1.6704e-08
0.0108353,0.0294137,1.67207e-08
0.0108461,0.029502,1.67374e-08
0.010857,0.0295906,1.67542e-08
0.0108678,0.0296795,1.67709e-08
0.0108787,0.0297686,1.67877e-08
0.0108896,0.029858,1.68045e-08
0.0109005,0.0299477,1.68213e-08
0.0109114,0.0300376,1.68381e-08
0.0109223,0.0301278,1.68549e-08
0.0109332,0.0302183,1.68718e-08
0.0109441,0.030309,1.68887e-08
0.0109551,0.0304001,1.69056e-08
0.010966,0.0304913,1.69225e-08
0.010977,0.0305829,1.69394e-08
0.010988,0.0306748,1.69563e-08
0.010999,0.0307669,1.69733e-08
0.01101,0.0308593,1.69903e-08
0.011021,0.0309519,1.70072e-08
0.011032,0.0310449,1.70243e-08
0.011043,0.0311381,1.70413e-08
0.0110541,0.0312316,1.70583e-08
0.0110651,0.0313254,1.70754e-08
0.0110762,0.0314195,1.70924e-08
0.0110873,0.0315138,1.71095e-08
0.0110984,0.0316085,1.71267e-08
0.0111095,0.0317034,1.71438e-08
0.0111206,0.0317986,1.71609e-08
0.0111317,0.0318941,1.71781e-08
0.0111428,0.0319899,1.71953e-08
0.011154,0.0320859,1.72125e-08
0.0111651,0.0321823,1.72297e-08
0.0111763,0.0322789,1.72469e-08
0.0111875,0.0323759,1.72641e-08
0.0111986,0.0324731,1.72814e-08
0.0112098,0.0325706,1.72987e-08
0.011221,0.0326684,1.7316e-08
0.0112323,0.0327665,1.73333e-08
0.0112435,0.0328649,1.73506e-08
0.0112547,0.0329636,1.7368e-08
0.011266,0.0330626,1.73854e-08
0.0112773,0.0331619,1.74027e-08
0.0112885,0.0332615,1.74201e-08
0.0112998,0.0333613,1.74376e-08
0.0113111,0.0334615,1.7455e-08
0.0113224,0.033562,1.74725e-08
0.0113338,0.0336628,1.74899e-08
0.0113451,0.0337639,1.75074e-08
0.0113564,0.0338653,1.75249e-08
0.0113678,0.033967,1.75425e-08
0.0113792,0.034069,1.756e-08
0.0113905,0.0341713,1.75776e-08
0.0114019,0.0342739,1.75951e-08
0.0114133,0.0343768,1.76127e-08
0.0114248,0.0344801,1.76303e-08
0.0114362,0.0345836,1.7648e-08
0.0114476,0.0346875,1.76656e-08
0.0114591,0.0347916,1.76833e-08
0.0114705,0.0348961,1.7701e-08
0.011482,0.0350009,1.77187e-08
0.0114935,0.035106,1.77364e-08
0.011505,0.0352114,1.77541e-08
0.0115165,0.0353172,1.77719e-08
0.011528,0.0354232,1.77897e-08
0.0115395,0.0355296,1.78074e-08
0.0115511,0.0356363,1.78252e-08
0.0115626,0.0357433,1.78431e-08
0.0115742,0.0358507,1.78609e-08
0.0115857,0.0359583,1.78788e-08
0.0115973,0.0360663,1.78967e-08
0.0116089,0.0361746,1.79146e-08
0.0116205,0.0362832,1.79325e-08
0.0116322,0.0363922,1.79504e-08
0.0116438,0.0365015,1.79683e-08
0.0116554,0.0366111,1.79863e-08
0.0116671,0.036721,1.80043e-08
0.0116788,0.0368313,1.80223e-08
0.0116904,0.0369419,1.80403e-08
0.0117021,0.0370529,1.80584e-08
0.0117138,0.0371641,1.80764e-08
0.0117255,0.0372757,1.80945e-08
0.0117373,0.0373877,1.81126e-08
0.011749,0.0374999,1.81307e-08
0.0117608,0.0376126,1.81488e-08
0.0117725,0.0377255,1.8167e-08
0.0117843,0.0378388,1.81852e-08
0.0117961,0.0379524,1.82033e-08
0.0118079,0.0380664,1.82215e-08
0.0118197,0.0381807,1.82398e-08
0.0118315,0.0382954,1.8258e-08
0.0118433,0.0384104,1.82763e-08
0.0118552,0.0385257,1.82945e-08
0.011867,0.0386414,1.83128e-08
0.0118789,0.0387575,1.83312e-08
0.0118908,0.0388738,1.83495e-08
0.0119027,0.0389906,1.83678e-08
0.0119146,0.0391077,1.83862e-08
0.0119265,0.0392251,1.84046e-08
0.0119384,0.0393429,1.8423e-08
0.0119503,0.039461,1.84414e-08
0.0119623,0.0395795,1.84599e-08
0.0119743,0.0396984,1.84783e-08
0.0119862,0.0398176,1.84968e-08
0.0119982,0.0399372,1.85153e-08
0.0120102,0.0400571,1.85338e-08
0.0120222,0.0401774,1.85523e-08
0.0120342,0.0402981,1.85709e-08
0.0120463,0.0404191,1.85895e-08
0.0120583,0.0405405,1.86081e-08
0.0120704,0.0406622,1.86267e-08
0.0120825,0.0407843,1.86453e-08
0.0120945,0.0409068,1.86639e-08
0.0121066,0.0410296,1.86826e-08
0.0121187,0.0411528,1.87013e-08
0.0121309,0.0412764,1.872e-08
0.012143,0.0414004,1.87387e-08
0.0121551,0.0415247,1.87574e-08
0.0121673,0.0416494,1.87762e-08
0.0121795,0.0417745,1.8795e-08
0.0121916,0.0418999,1.88138e-08
0.0122038,0.0420258,1.88326e-08
0.012216,0.042152,1.88514e-08
0.0122282,0.0422785,1.88703e-08
0.0122405,0.0424055,1.88891e-08
0.0122527,0.0425328,1.8908e-08
0.012265,0.0426606,1.89269e-08
0.0122772,0.0427887,1.89459e-08
0.0122895,0.0429172,1.89648e-08
0.0123018,0.0430461,1.89838e-08
0.0123141,0.0431753,1.90028e-08
0.0123264,0.043305,1.90218e-08
0.0123387,0.043435,1.90408e-08
0.0123511,0.0435655,1.90598e-08
0.0123634,0.0436963,1.90789e-08
0.0123758,0.0438275,1.9098e-08
0.0123882,0.0439591,1.91171e-08
0.0124006,0.0440911,1.91362e-08
0.012413,0.0442235,1.91553e-08
0.0124254,0.0443563,1.91745e-08
0.0124378,0.0444895,1.91936e-08
0.0124502,0.0446231,1.92128e-08
0.0124627,0.0447571,1.9232e-08
0.0124751,0.0448915,1.92513e-08
0.0124876,0.0450264,1.92705e-08
0.0125001,0.0451616,1.92898e-08
0.0125126,0.0452972,1.93091e-08
0.0125251,0.0454332,1.93284e-08
0.0125376,0.0455697,1.93477e-08
0.0125502,0.0457065,1.93671e-08
0.0125627,0.0458438,1.93864e-08
0.0125753,0.0459814,1.94058e-08
0.0125879,0.0461195,1.94252e-08
0.0126005,0.046258,1.94447e-08
0.0126131,0.0463969,1.94641e-08
0.0126257,0.0465362,1.94836e-08
0.0126383,0.046676,1.9503e-08
0.0126509,0.0468162,1.95226e-08
0.0126636,0.0469568,1.95421e-08
0.0126763,0.0470978,1.95616e-08
0.0126889,0.0472392,1.95812e-08
0.0127016,0.0473811,1.96008e-08
0.0127143,0.0475233,1.96204e-08
0.012727,0.0476661,1.964e-08
0.0127398,0.0478092,1.96596e-08
0.0127525,0.0479528,1.96793e-08
0.0127653,0.0480968,1.9699e-08
0.012778,0.0482412,1.97187e-08
0.0127908,0.0483861,1.97384e-08
0.0128036,0.0485314,1.97581e-08
0.0128164,0.0486771,1.97779e-08
0.0128292,0.0488233,1.97977e-08
0.012842,0.0489699,1.98175e-08
0.0128549,0.049117,1.98373e-08
0.0128677,0.0492645,1.98571e-08
0.0128806,0.0494124,1.9877e-08
0.0128935,0.0495608,1.98968e-08
0.0129064,0.0497096,1.99167e-08
0.0129193,0.0498589,1.99367e-08
0.0129322,0.0500086,1.99566e-08
0.0129451,0.0501588,1.99765e-08
0.0129581,0.0503094,1.99965e-08
0.012971,0.0504605,2.00165e-08
0.012984,0.050612,2.00365e-08
0.012997,0.050764,2.00566e-08
0.01301,0.0509165,2.00766e-08
0.013023,0.0510694,2.00967e-08
0.013036,0.0512227,2.01168e-08
0.0130491,0.0513766,2.01369e-08
0.0130621,0.0515308,2.01571e-08
0.0130752,0.0516856,2.01772e-08
0.0130882,0.0518408,2.01974e-08
0.0131013,0.0519965,2.02176e-08
0.0131144,0.0521526,2.02378e-08
0.0131275,0.0523092,2.0258e-08
0.0131407,0.0524663,2.02783e-08
0.0131538,0.0526239,2.02986e-08
0.013167,0.0527819,2.03189e-08
0.0131801,0.0529404,2.03392e-08
0.0131933,0.0530994,2.03595e-08
0.0132065,0.0532589,2.03799e-08
0.0132197,0.0534188,2.04003e-08
0.0132329,0.0535792,2.04207e-08
0.0132462,0.0537401,2.04411e-08
0.0132594,0.0539015,2.04615e-08
0.0132727,0.0540634,2.0482e-08
0.0132859,0.0542257,2.05025e-08
0.0132992,0.0543885,2.0523e-08
0.0133125,0.0545519,2.05435e-08
0.0133258,0.0547157,2.0564e-08
0.0133392,0.05488,2.05846e-08
0.0133525,0.0550448,2.06052e-08
0.0133659,0.0552101,2.06258e-08
0.0133792,0.0553759,2.06464e-08
0.0133926,0.0555422,2.06671e-08
0.013406,0.055709,2.06877e-08
0.0134194,0.0558763,2.07084e-08
0.0134328,0.0560441,2.07291e-08
0.0134463,0.0562124,2.07499e-08
0.0134597,0.0563812,2.07706e-08
0.0134732,0.0565505,2.07914e-08
0.0134866,0.0567203,2.08122e-08
0.0135001,0.0568907,2.0833e-08
0.0135136,0.0570615,2.08538e-08
0.0135271,0.0572329,2.08747e-08
0.0135407,0.0574047,2.08956e-08
0.0135542,0.0575771,2.09164e-08
0.0135678,0.05775,2.09374e-08
0.0135813,0.0579234,2.09583e-08
0.0135949,0.0580974,2.09793e-08
0.0136085,0.0582719,2.10002e-08
0.0136221,0.0584468,2.10212e-08
0.0136357,0.0586224,2.10423e-08
0.0136494,0.0587984,2.10633e-08
0.013663,0.058975,2.10844e-08
0.0136767,0.0591521,2.11055e-08
0.0136904,0.0593297,2.11266e-08
0.013704,0.0595079,2.11477e-08
0.0137178,0.0596866,2.11688e-08
0.0137315,0.0598658,2.119e-08
0.0137452,0.0600456,2.12112e-08
0.0137589,0.0602259,2.12324e-08
0.0137727,0.0604068,2.12536e-08
0.0137865,0.0605882,2.12749e-08
0.0138003,0.0607701,2.12962e-08
0.0138141,0.0609526,2.13175e-08
0.0138279,0.0611356,2.13388e-08
0.0138417,0.0613192,2.13601e-08
0.0138556,0.0615034,2.13815e-08
0.0138694,0.0616881,2.14029e-08
0.0138833,0.0618733,2.14243e-08
0.0138972,0.0620591,2.14457e-08
0.0139111,0.0622455,2.14671e-08
0.013925,0.0624324,2.14886e-08
0.0139389,0.0626199,2.15101e-08
0.0139528,0.062808,2.15316e-08
0.0139668,0.0629966,2.15531e-08
0.0139807,0.0631857,2.15747e-08
0.0139947,0.0633755,2.15963e-08
0.0140087,0.0635658,2.16179e-08
0.0140227,0.0637567,2.16395e-08
0.0140368,0.0639482,2.16611e-08
0.0140508,0.0641402,2.16828e-08
0.0140648,0.0643328,2.17045e-08
0.0140789,0.064526,2.17262e-08
0.014093,0.0647198,2.17479e-08
0.0141071,0.0649141,2.17696e-08
0.0141212,0.0651091,2.17914e-08
0.0141353,0.0653046,2.18132e-08
0.0141494,0.0655007,2.1835e-08
0.0141636,0.0656974,2.18568e-08
0.0141778,0.0658947,2.18787e-08
0.0141919,0.0660926,2.19006e-08
0.0142061,0.066291,2.19225e-08
0.0142203,0.0664901,2.19444e-08
0.0142346,0.0666898,2.19663e-08
0.0142488,0.06689,2.19883e-08
0.014263,0.0670909,2.20103e-08
0.0142773,0.0672924,2.20323e-08
0.0142916,0.0674945,2.20543e-08
0.0143059,0.0676972,2.20764e-08
0.0143202,0.0679005,2.20985e-08
0.0143345,0.0681044,2.21206e-08
0.0143488,0.0683089,2.21427e-08
0.0143632,0.068514,2.21648e-08
0.0143775,0.0687198,2.2187e-08
0.0143919,0.0689261,2.22092e-08
0.0144063,0.0691331,2.22314e-08
0.0144207,0.0693407,2.22536e-08
0.0144351,0.0695489,2.22759e-08
0.0144496,0.0697578,2.22982e-08
0.014464,0.0699673,2.23205e-08
0.0144785,0.0701774,2.23428e-08
0.014493,0.0703881,2.23651e-08
0.0145075,0.0705995,2.23875e-08
0.014522,0.0708115,2.24099e-08
0.0145365,0.0710242,2.24323e-08
0.014551,0.0712375,2.24547e-08
0.0145656,0.0714514,2.24772e-08
0.0145801,0.0716659,2.24996e-08
0.0145947,0.0718812,2.25221e-08
0.0146093,0.072097,2.25447e-08
0.0146239,0.0723135,2.25672e-08
0.0146385,0.0725307,2.25898e-08
0.0146532,0.0727485,2.26124e-08
0.0146678,0.072967,2.2635e-08
0.0146825,0.0731861,2.26576e-08
0.0146972,0.0734059,2.26803e-08
0.0147119,0.0736263,2.2703e-08
0.0147266,0.0738474,2.27257e-08
0.0147413,0.0740692,2.27484e-08
0.0147561,0.0742916,2.27711e-08
0.0147708,0.0745147,2.27939e-08
0.0147856,0.0747385,2.28167e-08
0.0148004,0.0749629,2.28395e-08
0.0148152,0.075188,2.28623e-08
0.01483,0.0754138,2.28852e-08
0.0148448,0.0756403,2.29081e-08
0.0148597,0.0758674,2.2931e-08
0.0148745,0.0760952,2.29539e-08
0.0148894,0.0763238,2.29769e-08
0.0149043,0.076553,2.29999e-08
0.0149192,0.0767828,2.30229e-08
0.0149341,0.0770134,2.30459e-08
0.0149491,0.0772447,2.30689e-08
0.014964,0.0774767,2.3092e-08
0.014979,0.0777093,2.31151e-08
0.0149939,0.0779427,2.31382e-08
0.0150089,0.0781767,2.31613e-08
0.0150239,0.0784115,2.31845e-08
0.015039,0.078647,2.32077e-08
0.015054,0.0788832,2.32309e-08
0.0150691,0.07912,2.32541e-08
0.0150841,0.0793576,2.32774e-08
0.0150992,0.079596,2.33007e-08
0.0151143,0.079835,2.3324e-08
0.0151294,0.0800747,2.33473e-08
0.0151446,0.0803152,2.33706e-08
0.0151597,0.0805564,2.3394e-08
0.0151749,0.0807983,2.34174e-08
0.01519,0.0810409,2.34408e-08
0.0152052,0.0812843,2.34643e-08
0.0152204,0.0815284,2.34877e-08
0.0152357,0.0817732,2.35112e-08
0.0152509,0.0820188,2.35347e-08
0.0152661,0.0822651,2.35583e-08
0.0152814,0.0825121,2.35818e-08
0.0152967,0.0827599,2.36054e-08
0.015312,0.0830084,2.3629e-08
0.0153273,0.0832577,2.36526e-08
0.0153426,0.0835077,2.36763e-08
0.015358,0.0837585,2.37e-08
0.0153733,0.08401,2.37237e-08
0.0153887,0.0842623,2.37474e-08
0.0154041,0.0845154,2.37711e-08
0.0154195,0.0847692,2.37949e-08
0.0154349,0.0850237,2.38187e-08
0.0154503,0.085279,2.38425e-08
0.0154658,0.0855351,2.38664e-08
0.0154813,0.085792,2.38902e-08
0.0154967,0.0860496,2.39141e-08
0.0155122,0.086308,2.3938e-08
0.0155278,0.0865672,2.3962e-08
0.0155433,0.0868272,2.39859e-08
0.0155588,0.0870879,2.40099e-08
0.0155744,0.0873495,2.40339e-08
0.01559,0.0876118,2.4058e-08
0.0156055,0.0878749,2.4082e-08
0.0156212,0.0881388,2.41061e-08
0.0156368,0.0884034,2.41302e-08
0.0156524,0.0886689,2.41543e-08
0.0156681,0.0889352,2.41785e-08
0.0156837,0.0892023,2.42027e-08
0.0156994,0.0894701,2.42269e-08
0.0157151,0.0897388,2.42511e-08
0.0157308,0.0900083,2.42753e-08
0.0157466,0.0902786,2.42996e-08
0.0157623,0.0905497,2.43239e-08
0.0157781,0.0908216,2.43482e-08
0.0157938,0.0910944,2.43726e-08
0.0158096,0.0913679,2.4397e-08
0.0158255,0.0916423,2.44214e-08
0.0158413,0.0919175,2.44458e-08
0.0158571,0.0921935,2.44702e-08
0.015873,0.0924704,2.44947e-08
0.0158888,0.0927481,2.45192e-08
0.0159047,0.0930266,2.45437e-08
0.0159206,0.0933059,2.45683e-08
0.0159366,0.0935861,2.45928e-08
0.0159525,0.0938672,2.46174e-08
0.0159685,0.0941491,2.4642e-08
0.0159844,0.0944318,2.46667e-08
0.0160004,0.0947154,2.46913e-08
0.0160164,0.0949998,2.4716e-08
0.0160324,0.0952851,2.47408e-08
0.0160485,0.0955712,2.47655e-08
0.0160645,0.0958582,2.47903e-08
0.0160806,0.0961461,2.48151e-08
0.0160966,0.0964348,2.48399e-08
0.0161127,0.0967244,2.48647e-08
0.0161289,0.0970149,2.48896e-08
0.016145,0.0973062,2.49145e-08
0.0161611,0.0975984,2.49394e-08
0.0161773,0.0978915,2.49643e-08
0.0161935,0.0981855,2.49893e-08
0.0162097,0.0984803,2.50143e-08
0.0162259,0.0987761,2.50393e-08
0.0162421,0.0990727,2.50643e-08
0.0162583,0.0993702,2.50894e-08
0.0162746,0.0996686,2.51145e-08
0.0162909,0.0999679,2.51396e-08
0.0163072,0.100268,2.51647e-08
0.0163235,0.100569,2.51899e-08
0.0163398,0.100871,2.52151e-08
0.0163561,0.101174,2.52403e-08
0.0163725,0.101478,2.52655e-08
0.0163889,0.101783,2.52908e-08
0.0164053,0.102088,2.53161e-08
0.0164217,0.102395,2.53414e-08
0.0164381,0.102702,2.53668e-08
0.0164545,0.103011,2.53921e-08
0.016471,0.10332,2.54175e-08
0.0164874,0.10363,2.54429e-08
0.0165039,0.103942,2.54684e-08
0.0165204,0.104254,2.54938e-08
0.016537,0.104567,2.55193e-08
0.0165535,0.104881,2.55449e-08
0.01657,0.105196,2.55704e-08
0.0165866,0.105512,2.5596e-08
0.0166032,0.105829,2.56216e-08
0.0166198,0.106146,2.56472e-08
0.0166364,0.106465,2.56728e-08
0.0166531,0.106785,2.56985e-08
0.0166697,0.107106,2.57242e-08
0.0166864,0.107427,2.57499e-08
0.0167031,0.10775,2.57757e-08
0.0167198,0.108073,2.58015e-08
0.0167365,0.108398,2.58273e-08
0.0167532,0.108723,2.58531e-08
0.01677,0.10905,2.58789e-08
0.0167868,0.109377,2.59048e-08
0.0168035,0.109706,2.59307e-08
0.0168203,0.110035,2.59567e-08
0.0168372,0.110366,2.59826e-08
0.016854,0.110697,2.60086e-08
0.0168709,0.11103,2.60346e-08
0.0168877,0.111363,2.60606e-08
0.0169046,0.111697,2.60867e-08
0.0169215,0.112033,2.61128e-08
0.0169384,0.112369,2.61389e-08
0.0169554,0.112707,2.6165e-08
0.0169723,0.113045,2.61912e-08
0.0169893,0.113385,2.62174e-08
0.0170063,0.113725,2.62436e-08
0.0170233,0.114067,2.62699e-08
0.0170403,0.114409,2.62961e-08
0.0170574,0.114753,2.63224e-08
0.0170744,0.115097,2.63487e-08
0.0170915,0.115443,2.63751e-08
0.0171086,0.11579,2.64015e-08
0.0171257,0.116137,2.64279e-08
0.0171428,0.116486,2.64543e-08
0.01716,0.116836,2.64807e-08
0.0171771,0.117187,2.65072e-08
0.0171943,0.117539,2.65337e-08
0.0172115,0.117892,2.65603e-08
0.0172287,0.118246,2.65868e-08
0.0172459,0.118601,2.66134e-08
0.0172632,0.118957,2.664e-08
0.0172804,0.119314,2.66667e-08
0.0172977,0.119673,2.66933e-08
0.017315,0.120032,2.672e-08
0.0173323,0.120392,2.67467e-08
0.0173497,0.120754,2.67735e-08
0.017367,0.121117,2.68003e-08
0.0173844,0.12148,2.68271e-08
0.0174018,0.121845,2.68539e-08
0.0174192,0.122211,2.68808e-08
0.0174366,0.122578,2.69076e-08
0.017454,0.122946,2.69345e-08
0.0174715,0.123315,2.69615e-08
0.017489,0.123686,2.69884e-08
0.0175064,0.124057,2.70154e-08
0.0175239,0.12443,2.70424e-08
0.0175415,0.124803,2.70695e-08
0.017559,0.125178,2.70966e-08
0.0175766,0.125554,2.71236e-08
0.0175941,0.125931,2.71508e-08
0.0176117,0.126309,2.71779e-08
0.0176294,0.126688,2.72051e-08
0.017647,0.127069,2.72323e-08
0.0176646,0.12745,2.72595e-08
0.0176823,0.127833,2.72868e-08
0.0177,0.128217,2.73141e-08
0.0177177,0.128602,2.73414e-08
0.0177354,0.128988,2.73687e-08
0.0177531,0.129376,2.73961e-08
0.0177709,0.129764,2.74235e-08
0.0177887,0.130154,2.74509e-08
0.0178064,0.130545,2.74784e-08
0.0178243,0.130937,2.75059e-08
0.0178421,0.13133,2.75334e-08
0.0178599,0.131724,2.75609e-08
0.0178778,0.13212,2.75885e-08
0.0178957,0.132517,2.7616e-08
0.0179136,0.132915,2.76437e-08
0.0179315,0.133314,2.76713e-08
0.0179494,0.133714,2.7699e-08
0.0179673,0.134116,2.77267e-08
0.0179853,0.134518,2.77544e-08
0.0180033,0.134922,2.77822e-08
0.0180213,0.135328,2.78099e-08
0.0180393,0.135734,2.78377e-08
0.0180574,0.136142,2.78656e-08
0.0180754,0.13655,2.78935e-08
0.0180935,0.13696,2.79213e-08
0.0181116,0.137372,2.79493e-08
0.0181297,0.137784,2.79772e-08
0.0181478,0.138198,2.80052e-08
0.018166,0.138613,2.80332e-08
0.0181841,0.139029,2.80612e-08
0.0182023,0.139447,2.80893e-08
0.0182205,0.139866,2.81174e-08
0.0182388,0.140286,2.81455e-08
0.018257,0.140707,2.81736e-08
0.0182752,0.141129,2.82018e-08
0.0182935,0.141553,2.823e-08
0.0183118,0.141978,2.82583e-08
0.0183301,0.142405,2.82865e-08
0.0183485,0.142832,2.83148e-08
0.0183668,0.143261,2.83431e-08
0.0183852,0.143691,2.83715e-08
0.0184036,0.144123,2.83998e-08
0.018422,0.144556,2.84282e-08
0.0184404,0.14499,2.84567e-08
0.0184588,0.145425,2.84851e-08
0.0184773,0.145862,2.85136e-08
0.0184958,0.1463,2.85421e-08
0.0185143,0.146739,2.85707e-08
0.0185328,0.14718,2.85992e-08
0.0185513,0.147622,2.86278e-08
0.0185699,0.148065,2.86564e-08
0.0185884,0.14851,2.86851e-08
0.018607,0.148956,2.87138e-08
0.0186256,0.149403,2.87425e-08
0.0186442,0.149852,2.87712e-08
0.0186629,0.150302,2.88e-08
0.0186816,0.150753,2.88288e-08
0.0187002,0.151206,2.88576e-08
0.0187189,0.15166,2.88865e-08
0.0187377,0.152115,2.89154e-08
0.0187564,0.152572,2.89443e-08
0.0187751,0.15303,2.89732e-08
0.0187939,0.15349,2.90022e-08
0.0188127,0.153951,2.90312e-08
0.0188315,0.154413,2.90603e-08
0.0188504,0.154877,2.90893e-08
0.0188692,0.155342,2.91184e-08
0.0188881,0.155808,2.91475e-08
0.018907,0.156276,2.91767e-08
0.0189259,0.156746,2.92058e-08
0.0189448,0.157216,2.92351e-08
0.0189637,0.157688,2.92643e-08
0.0189827,0.158162,2.92936e-08
0.0190017,0.158637,2.93228e-08
0.0190207,0.159113,2.93522e-08
0.0190397,0.159591,2.93815e-08
0.0190588,0.16007,2.94109e-08
0.0190778,0.160551,2.94403e-08
0.0190969,0.161033,2.94698e-08
0.019116,0.161517,2.94992e-08
0.0191351,0.162002,2.95287e-08
0.0191542,0.162488,2.95583e-08
0.0191734,0.162976,2.95878e-08
0.0191926,0.163466,2.96174e-08
0.0192118,0.163957,2.9647e-08
0.019231,0.164449,2.96767e-08
0.0192502,0.164943,2.97063e-08
0.0192695,0.165438,2.9736e-08
0.0192887,0.165935,2.97658e-08
0.019308,0.166433,2.97955e-08
0.0193273,0.166933,2.98253e-08
0.0193466,0.167434,2.98552e-08
0.019366,0.167937,2.9885e-08
0.0193854,0.168441,2.99149e-08
0.0194047,0.168947,2.99448e-08
0.0194241,0.169455,2.99748e-08
0.0194436,0.169964,3.00047e-08
0.019463,0.170474,3.00347e-08
0.0194825,0.170986,3.00648e-08
0.019502,0.171499,3.00948e-08
0.0195215,0.172014,3.01249e-08
0.019541,0.172531,3.01551e-08
0.0195605,0.173049,3.01852e-08
0.0195801,0.173569,3.02154e-08
0.0195997,0.17409,3.02456e-08
0.0196193,0.174613,3.02759e-08
0.0196389,0.175137,3.03061e-08
0.0196585,0.175663,3.03365e-08
0.0196782,0.176191,3.03668e-08
0.0196979,0.17672,3.03972e-08
0.0197176,0.17725,3.04276e-08
0.0197373,0.177783,3.0458e-08
0.019757,0.178316,3.04884e-08
0.0197768,0.178852,3.05189e-08
0.0197965,0.179389,3.05494e-08
0.0198163,0.179928,3.058e-08
0.0198362,0.180468,3.06106e-08
0.019856,0.18101,3.06412e-08
0.0198759,0.181554,3.06718e-08
0.0198957,0.182099,3.07025e-08
0.0199156,0.182646,3.07332e-08
0.0199355,0.183194,3.07639e-08
0.0199555,0.183744,3.07947e-08
0.0199754,0.184296,3.08255e-08
0.0199954,0.18485,3.08563e-08
0.0200154,0.185405,3.08872e-08
0.0200354,0.185961,3.09181e-08
0.0200555,0.18652,3.0949e-08
0.0200755,0.18708,3.09799e-08
0.0200956,0.187642,3.10109e-08
0.0201157,0.188205,3.10419e-08
0.0201358,0.18877,3.1073e-08
0.0201559,0.189337,3.1104e-08
0.0201761,0.189906,3.11351e-08
0.0201963,0.190476,3.11663e-08
0.0202165,0.191048,3.11974e-08
0.0202367,0.191622,3.12286e-08
0.0202569,0.192197,3.12599e-08
0.0202772,0.192774,3.12911e-08
0.0202974,0.193353,3.13224e-08
0.0203177,0.193934,3.13537e-08
0.0203381,0.194516,3.13851e-08
0.0203584,0.195101,3.14165e-08
0.0203788,0.195686,3.14479e-08
0.0203991,0.196274,3.14793e-08
0.0204195,0.196863,3.15108e-08
0.02044,0.197455,3.15423e-08
0.0204604,0.198048,3.15739e-08
0.0204809,0.198642,3.16054e-08
0.0205013,0.199239,3.16371e-08
0.0205218,0.199837,3.16687e-08
0.0205424,0.200437,3.17004e-08
0.0205629,0.201039,3.17321e-08
0.0205835,0.201643,3.17638e-08
0.020604,0.202248,3.17956e-08
0.0206247,0.202856,3.18274e-08
0.0206453,0.203465,3.18592e-08
0.0206659,0.204076,3.1891e-08
0.0206866,0.204689,3.19229e-08
0.0207073,0.205304,3.19549e-08
0.020728,0.20592,3.19868e-08
0.0207487,0.206538,3.20188e-08
0.0207695,0.207159,3.20508e-08
0.0207902,0.207781,3.20829e-08
0.020811,0.208405,3.21149e-08
0.0208318,0.209031,3.21471e-08
0.0208527,0.209658,3.21792e-08
0.0208735,0.210288,3.22114e-08
0.0208944,0.210919,3.22436e-08
0.0209153,0.211553,3.22758e-08
0.0209362,0.212188,3.23081e-08
0.0209571,0.212825,3.23404e-08
0.0209781,0.213464,3.23728e-08
0.0209991,0.214105,3.24051e-08
0.0210201,0.214748,3.24375e-08
0.0210411,0.215393,3.247e-08
0.0210621,0.21604,3.25025e-08
0.0210832,0.216689,3.2535e-08
0.0211043,0.21734,3.25675e-08
0.0211254,0.217992,3.26001e-08
0.0211465,0.218647,3.26327e-08
0.0211676,0.219303,3.26653e-08
0.0211888,0.219962,3.2698e-08
0.02121,0.220623,3.27307e-08
0.0212312,0.221285,3.27634e-08
0.0212524,0.22195,3.27961e-08
0.0212737,0.222616,3.28289e-08
0.021295,0.223285,3.28618e-08
0.0213163,0.223955,3.28946e-08
0.0213376,0.224628,3.29275e-08
0.0213589,0.225302,3.29605e-08
0.0213803,0.225979,3.29934e-08
0.0214017,0.226658,3.30264e-08
0.0214231,0.227338,3.30594e-08
0.0214445,0.228021,3.30925e-08
0.0214659,0.228706,3.31256e-08
0.0214874,0.229392,3.31587e-08
0.0215089,0.230081,3.31919e-08
0.0215304,0.230772,3.32251e-08
0.0215519,0.231465,3.32583e-08
0.0215735,0.23216,3.32915e-08
0.021595,0.232857,3.33248e-08
0.0216166,0.233557,3.33582e-08
0.0216383,0.234258,3.33915e-08
0.0216599,0.234962,3.34249e-08
0.0216816,0.235667,3.34583e-08
0.0217032,0.236375,3.34918e-08
0.0217249,0.237085,3.35253e-08
0.0217467,0.237797,3.35588e-08
0.0217684,0.238511,3.35924e-08
0.0217902,0.239227,3.3626e-08
0.021812,0.239945,3.36596e-08
0.0218338,0.240666,3.36933e-08
0.0218556,0.241389,3.37269e-08
0.0218775,0.242114,3.37607e-08
0.0218994,0.242841,3.37944e-08
0.0219213,0.24357,3.38282e-08
0.0219432,0.244301,3.38621e-08
0.0219651,0.245035,3.38959e-08
0.0219871,0.245771,3.39298e-08
0.0220091,0.246509,3.39637e-08
0.0220311,0.247249,3.39977e-08
0.0220531,0.247992,3.40317e-08
0.0220752,0.248736,3.40657e-08
0.0220972,0.249483,3.40998e-08
0.0221193,0.250233,3.41339e-08
0.0221415,0.250984,3.4168e-08
0.0221636,0.251738,3.42022e-08
0.0221858,0.252494,3.42364e-08
0.0222079,0.253252,3.42706e-08
0.0222302,0.254012,3.43049e-08
0.0222524,0.254775,3.43392e-08
0.0222746,0.25554,3.43736e-08
0.0222969,0.256308,3.44079e-08
0.0223192,0.257077,3.44423e-08
0.0223415,0.257849,3.44768e-08
0.0223639,0.258624,3.45113e-08
0.0223862,0.2594,3.45458e-08
0.0224086,0.260179,3.45803e-08
0.022431,0.260961,3.46149e-08
0.0224535,0.261744,3.46495e-08
0.0224759,0.26253,3.46842e-08
0.0224984,0.263319,3.47188e-08
0.0225209,0.264109,3.47536e-08
0.0225434,0.264903,3.47883e-08
0.0225659,0.265698,3.48231e-08
0.0225885,0.266496,3.48579e-08
0.0226111,0.267296,3.48928e-08
0.0226337,0.268099,3.49277e-08
0.0226563,0.268904,3.49626e-08
0.022679,0.269712,3.49976e-08
0.0227017,0.270522,3.50326e-08
0.0227244,0.271334,3.50676e-08
0.0227471,0.272149,3.51027e-08
0.0227699,0.272966,3.51378e-08
0.0227926,0.273786,3.51729e-08
0.0228154,0.274608,3.52081e-08
0.0228382,0.275433,3.52433e-08
0.0228611,0.27626,3.52785e-08
0.0228839,0.277089,3.53138e-08
0.0229068,0.277921,3.53491e-08
0.0229297,0.278756,3.53845e-08
0.0229527,0.279593,3.54199e-08
0.0229756,0.280433,3.54553e-08
0.0229986,0.281275,3.54907e-08
0.0230216,0.282119,3.55262e-08
0.0230446,0.282967,3.55617e-08
0.0230676,0.283816,3.55973e-08
0.0230907,0.284669,3.56329e-08
0.0231138,0.285524,3.56685e-08
0.0231369,0.286381,3.57042e-08
0.0231601,0.287241,3.57399e-08
0.0231832,0.288104,3.57757e-08
0.0232064,0.288969,3.58114e-08
0.0232296,0.289837,3.58472e-08
0.0232528,0.290707,3.58831e-08
0.0232761,0.29158,3.5919e-08
0.0232994,0.292456,3.59549e-08
0.0233227,0.293334,3.59908e-08
0.023346,0.294215,3.60268e-08
0.0233693,0.295098,3.60629e-08
0.0233927,0.295984,3.60989e-08
0.0234161,0.296873,3.6135e-08
0.0234395,0.297765,3.61712e-08
0.0234629,0.298659,3.62073e-08
0.0234864,0.299556,3.62435e-08
0.0235099,0.300455,3.62798e-08
0.0235334,0.301358,3.63161e-08
0.0235569,0.302263,3.63524e-08
0.0235805,0.30317,3.63887e-08
0.0236041,0.304081,3.64251e-08
0.0236277,0.304994,3.64615e-08
0.0236513,0.30591,3.6498e-08
0.023675,0.306828,3.65345e-08
0.0236986,0.30775,3.6571e-08
0.0237223,0.308674,3.66076e-08
0.0237461,0.309601,3.66442e-08
0.0237698,0.310531,3.66809e-08
0.0237936,0.311463,3.67175e-08
0.0238174,0.312399,3.67543e-08
0.0238412,0.313337,3.6791e-08
0.023865,0.314278,3.68278e-08
0.0238889,0.315221,3.68646e-08
0.0239128,0.316168,3.69015e-08
0.0239367,0.317117,3.69384e-08
0.0239606,0.31807,3.69753e-08
0.0239846,0.319025,3.70123e-08
0.0240086,0.319983,3.70493e-08
0.0240326,0.320944,3.70864e-08
0.0240566,0.321908,3.71235e-08
0.0240807,0.322874,3.71606e-08
0.0241048,0.323844,3.71977e-08
0.0241289,0.324816,3.72349e-08
0.024153,0.325792,3.72722e-08
0.0241771,0.32677,3.73094e-08
0.0242013,0.327752,3.73468e-08
0.0242255,0.328736,3.73841e-08
0.0242497,0.329723,3.74215e-08
0.024274,0.330713,3.74589e-08
0.0242983,0.331706,3.74964e-08
0.0243226,0.332702,3.75339e-08
0.0243469,0.333701,3.75714e-08
0.0243712,0.334704,3.7609e-08
0.0243956,0.335709,3.76466e-08
0.02442,0.336717,3.76842e-08
0.0244444,0.337728,3.77219e-08
0.0244689,0.338742,3.77596e-08
0.0244933,0.339759,3.77974e-08
0.0245178,0.34078,3.78352e-08
0.0245423,0.341803,3.7873e-08
0.0245669,0.34283,3.79109e-08
0.0245915,0.343859,3.79488e-08
0.024616,0.344892,3.79868e-08
0.0246407,0.345927,3.80247e-08
0.0246653,0.346966,3.80628e-08
0.02469,0.348008,3.81008e-08
0.0247147,0.349053,3.81389e-08
0.0247394,0.350101,3.81771e-08
0.0247641,0.351153,3.82152e-08
0.0247889,0.352207,3.82535e-08
0.0248137,0.353265,3.82917e-08
0.0248385,0.354326,3.833e-08
0.0248633,0.35539,3.83683e-08
0.0248882,0.356457,3.84067e-08
0.0249131,0.357527,3.84451e-08
0.024938,0.358601,3.84836e-08
0.0249629,0.359678,3.8522e-08
0.0249879,0.360758,3.85606e-08
0.0250129,0.361841,3.85991e-08
0.0250379,0.362928,3.86377e-08
0.0250629,0.364018,3.86764e-08
0.025088,0.365111,3.8715e-08
0.0251131,0.366208,3.87538e-08
0.0251382,0.367307,3.87925e-08
0.0251633,0.36841,3.88313e-08
0.0251885,0.369517,3.88701e-08
0.0252137,0.370626,3.8909e-08
0.0252389,0.371739,3.89479e-08
0.0252641,0.372856,3.89869e-08
0.0252894,0.373975,3.90258e-08
0.0253147,0.375098,3.90649e-08
0.02534,0.376225,3.91039e-08
0.0253653,0.377355,3.9143e-08
0.0253907,0.378488,3.91822e-08
0.0254161,0.379624,3.92214e-08
0.0254415,0.380764,3.92606e-08
0.025467,0.381908,3.92998e-08
0.0254924,0.383055,3.93391e-08
0.0255179,0.384205,3.93785e-08
0.0255434,0.385359,3.94179e-08
0.025569,0.386516,3.94573e-08
0.0255945,0.387677,3.94967e-08
0.0256201,0.388841,3.95362e-08
0.0256458,0.390009,3.95758e-08
0.0256714,0.39118,3.96153e-08
0.0256971,0.392355,3.9655e-08
0.0257228,0.393533,3.96946e-08
0.0257485,0.394715,3.97343e-08
0.0257742,0.3959,3.9774e-08
0.0258,0.397089,3.98138e-08
0.0258258,0.398281,3.98536e-08
0.0258516,0.399477,3.98935e-08
0.0258775,0.400677,3.99334e-08
0.0259034,0.40188,3.99733e-08
0.0259293,0.403087,4.00133e-08
0.0259552,0.404297,4.00533e-08
0.0259812,0.405512,4.00934e-08
0.0260071,0.406729,4.01334e-08
0.0260331,0.407951,4.01736e-08
0.0260592,0.409176,4.02138e-08
0.0260852,0.410405,4.0254e-08
0.0261113,0.411637,4.02942e-08
0.0261374,0.412873,4.03345e-08
0.0261636,0.414113,4.03749e-08
0.0261897,0.415357,4.04152e-08
0.0262159,0.416604,4.04556e-08
0.0262421,0.417855,4.04961e-08
0.0262684,0.41911,4.05366e-08
0.0262947,0.420368,4.05771e-08
0.0263209,0.421631,4.06177e-08
0.0263473,0.422897,4.06583e-08
0.0263736,0.424167,4.0699e-08
0.0264,0.425441,4.07397e-08
0.0264264,0.426718,4.07804e-08
0.0264528,0.428,4.08212e-08
0.0264793,0.429285,4.0862e-08
0.0265057,0.430574,4.09029e-08
0.0265323,0.431867,4.09438e-08
0.0265588,0.433164,4.09847e-08
0.0265853,0.434465,4.10257e-08
0.0266119,0.435769,4.10667e-08
0.0266385,0.437078,4.11078e-08
0.0266652,0.438391,4.11489e-08
0.0266918,0.439707,4.11901e-08
0.0267185,0.441028,4.12313e-08
0.0267453,0.442352,4.12725e-08
0.026772,0.44368,4.13138e-08
0.0267988,0.445013,4.13551e-08
0.0268256,0.446349,4.13964e-08
0.0268524,0.447689,4.14378e-08
0.0268792,0.449034,4.14793e-08
0.0269061,0.450382,4.15207e-08
0.026933,0.451735,4.15623e-08
0.02696,0.453091,4.16038e-08
0.0269869,0.454452,4.16454e-08
0.0270139,0.455817,4.16871e-08
0.0270409,0.457186,4.17288e-08
0.027068,0.458558,4.17705e-08
0.027095,0.459936,4.18123e-08
0.0271221,0.461317,4.18541e-08
0.0271493,0.462702,4.18959e-08
0.0271764,0.464092,4.19378e-08
0.0272036,0.465485,4.19798e-08
0.0272308,0.466883,4.20217e-08
0.027258,0.468285,4.20638e-08
0.0272853,0.469691,4.21058e-08
0.0273126,0.471102,4.21479e-08
0.0273399,0.472517,4.21901e-08
0.0273672,0.473936,4.22323e-08
0.0273946,0.475359,4.22745e-08
0.027422,0.476786,4.23168e-08
0.0274494,0.478218,4.23591e-08
0.0274768,0.479654,4.24015e-08
0.0275043,0.481095,4.24439e-08
0.0275318,0.482539,4.24863e-08
0.0275594,0.483988,4.25288e-08
0.0275869,0.485442,4.25713e-08
0.0276145,0.4869,4.26139e-08
0.0276421,0.488362,4.26565e-08
0.0276698,0.489828,4.26992e-08
0.0276974,0.491299,4.27419e-08
0.0277251,0.492775,4.27846e-08
0.0277529,0.494254,4.28274e-08
0.0277806,0.495739,4.28702e-08
0.0278084,0.497227,4.29131e-08
0.0278362,0.498721,4.2956e-08
0.027864,0.500218,4.29989e-08
0.0278919,0.50172,4.30419e-08
0.0279198,0.503227,4.3085e-08
0.0279477,0.504738,4.31281e-08
0.0279757,0.506254,4.31712e-08
0.0280036,0.507774,4.32144e-08
0.0280316,0.509299,4.32576e-08
0.0280597,0.510828,4.33008e-08
0.0280877,0.512362,4.33441e-08
0.0281158,0.513901,4.33875e-08
0.0281439,0.515444,4.34309e-08
0.0281721,0.516992,4.34743e-08
0.0282002,0.518545,4.35178e-08
0.0282284,0.520102,4.35613e-08
0.0282567,0.521664,4.36049e-08
0.0282849,0.52323,4.36485e-08
0.0283132,0.524802,4.36921e-08
0.0283415,0.526378,4.37358e-08
0.0283699,0.527958,4.37795e-08
0.0283982,0.529544,4.38233e-08
0.0284266,0.531134,4.38671e-08
0.0284551,0.532729,4.3911e-08
0.0284835,0.534329,4.39549e-08
0.028512,0.535933,4.39989e-08
0.0285405,0.537543,4.40429e-08
0.0285691,0.539157,4.40869e-08
0.0285976,0.540776,4.4131e-08
0.0286262,0.5424,4.41751e-08
0.0286548,0.544029,4.42193e-08
0.0286835,0.545663,4.42635e-08
0.0287122,0.547301,4.43078e-08
0.0287409,0.548945,4.43521e-08
0.0287696,0.550593,4.43965e-08
0.0287984,0.552247,4.44409e-08
0.0288272,0.553905,4.44853e-08
0.028856,0.555568,4.45298e-08
0.0288849,0.557237,4.45743e-08
0.0289138,0.55891,4.46189e-08
0.0289427,0.560589,4.46635e-08
0.0289716,0.562272,4.47082e-08
0.0290006,0.563961,4.47529e-08
0.0290296,0.565654,4.47976e-08
0.0290586,0.567353,4.48424e-08
0.0290877,0.569057,4.48873e-08
0.0291168,0.570765,4.49322e-08
0.0291459,0.572479,4.49771e-08
0.029175,0.574199,4.50221e-08
0.0292042,0.575923,4.50671e-08
0.0292334,0.577652,4.51122e-08
0.0292627,0.579387,4.51573e-08
0.0292919,0.581127,4.52024e-08
0.0293212,0.582872,4.52476e-08
0.0293505,0.584623,4.52929e-08
0.0293799,0.586378,4.53382e-08
0.0294093,0.588139,4.53835e-08
0.0294387,0.589905,4.54289e-08
0.0294681,0.591677,4.54743e-08
0.0294976,0.593454,4.55198e-08
0.0295271,0.595236,4.55653e-08
0.0295566,0.597023,4.56109e-08
0.0295862,0.598816,4.56565e-08
0.0296157,0.600614,4.57021e-08
0.0296454,0.602418,4.57478e-08
0.029675,0.604227,4.57936e-08
0.0297047,0.606041,4.58394e-08
0.0297344,0.607861,4.58852e-08
0.0297641,0.609687,4.59311e-08
0.0297939,0.611518,4.5977e-08
0.0298237,0.613354,4.6023e-08
0.0298535,0.615196,4.6069e-08
0.0298834,0.617043,4.61151e-08
0.0299132,0.618896,4.61612e-08
0.0299432,0.620755,4.62074e-08
0.0299731,0.622619,4.62536e-08
0.0300031,0.624489,4.62998e-08
0.0300331,0.626364,4.63461e-08
0.0300631,0.628245,4.63925e-08
0.0300932,0.630132,4.64389e-08
0.0301233,0.632024,4.64853e-08
0.0301534,0.633922,4.65318e-08
0.0301835,0.635826,4.65783e-08
0.0302137,0.637735,4.66249e-08
0.0302439,0.63965,4.66715e-08
0.0302742,0.641571,4.67182e-08
0.0303045,0.643498,4.67649e-08
0.0303348,0.64543,4.68117e-08
0.0303651,0.647368,4.68585e-08
0.0303955,0.649312,4.69054e-08
0.0304259,0.651262,4.69523e-08
0.0304563,0.653218,4.69992e-08
0.0304867,0.65518,4.70462e-08
0.0305172,0.657147,4.70933e-08
0.0305477,0.659121,4.71404e-08
0.0305783,0.6611,4.71875e-08
0.0306089,0.663085,4.72347e-08
0.0306395,0.665076,4.72819e-08
0.0306701,0.667074,4.73292e-08
0.0307008,0.669077,4.73765e-08
0.0307315,0.671086,4.74239e-08
0.0307622,0.673101,4.74713e-08
0.030793,0.675123,4.75188e-08
0.0308238,0.67715,4.75663e-08
0.0308546,0.679184,4.76139e-08
0.0308854,0.681223,4.76615e-08
0.0309163,0.683269,4.77092e-08
0.0309473,0.685321,4.77569e-08
0.0309782,0.687379,4.78046e-08
0.0310092,0.689443,4.78524e-08
0.0310402,0.691513,4.79003e-08
0.0310712,0.69359,4.79482e-08
0.0311023,0.695673,4.79961e-08
0.0311334,0.697762,4.80441e-08
0.0311645,0.699857,4.80922e-08
0.0311957,0.701959,4.81403e-08
0.0312269,0.704067,4.81884e-08
0.0312581,0.706181,4.82366e-08
0.0312894,0.708302,4.82848e-08
0.0313207,0.710429,4.83331e-08
0.031352,0.712562,4.83815e-08
0.0313833,0.714702,4.84298e-08
0.0314147,0.716848,4.84783e-08
0.0314461,0.719001,4.85267e-08
0.0314776,0.72116,4.85753e-08
0.0315091,0.723326,4.86239e-08
0.0315406,0.725498,4.86725e-08
0.0315721,0.727677,4.87211e-08
0.0316037,0.729862,4.87699e-08
0.0316353,0.732054,4.88186e-08
0.0316669,0.734252,4.88675e-08
0.0316986,0.736457,4.89163e-08
0.0317303,0.738669,4.89652e-08
0.031762,0.740887,4.90142e-08
0.0317938,0.743112,4.90632e-08
0.0318256,0.745343,4.91123e-08
0.0318574,0.747582,4.91614e-08
0.0318893,0.749827,4.92106e-08
0.0319211,0.752078,4.92598e-08
0.0319531,0.754337,4.9309e-08
0.031985,0.756602,4.93583e-08
0.032017,0.758874,4.94077e-08
0.032049,0.761153,4.94571e-08
0.0320811,0.763439,4.95066e-08
0.0321132,0.765731,4.95561e-08
0.0321453,0.768031,4.96056e-08
0.0321774,0.770337,4.96552e-08
0.0322096,0.772651,4.97049e-08
0.0322418,0.774971,4.97546e-08
0.032274,0.777298,4.98043e-08
0.0323063,0.779632,4.98541e-08
0.0323386,0.781974,4.9904e-08
0.032371,0.784322,4.99539e-08
0.0324033,0.786677,5.00039e-08
0.0324357,0.78904,5.00539e-08
0.0324682,0.791409,5.01039e-08
0.0325006,0.793786,5.0154e-08
0.0325331,0.796169,5.02042e-08
0.0325657,0.79856,5.02544e-08
0.0325982,0.800958,5.03046e-08
0.0326308,0.803364,5.03549e-08
0.0326635,0.805776,5.04053e-08
0.0326961,0.808196,5.04557e-08
0.0327288,0.810623,5.05062e-08
0.0327616,0.813057,5.05567e-08
0.0327943,0.815499,5.06072e-08
0.0328271,0.817948,5.06578e-08
0.0328599,0.820404,5.07085e-08
0.0328928,0.822868,5.07592e-08
0.0329257,0.825339,5.08099e-08
0.0329586,0.827817,5.08608e-08
0.0329916,0.830303,5.09116e-08
0.0330246,0.832797,5.09625e-08
0.0330576,0.835298,5.10135e-08
0.0330906,0.837806,5.10645e-08
0.0331237,0.840322,5.11156e-08
0.0331569,0.842845,5.11667e-08
0.03319,0.845376,5.12179e-08
0.0332232,0.847915,5.12691e-08
0.0332564,0.850461,5.13203e-08
0.0332897,0.853015,5.13717e-08
0.033323,0.855577,5.1423e-08
0.0333563,0.858146,5.14745e-08
0.0333897,0.860723,5.15259e-08
0.033423,0.863308,5.15775e-08
0.0334565,0.865901,5.1629e-08
0.0334899,0.868501,5.16807e-08
0.0335234,0.871109,5.17323e-08
0.0335569,0.873725,5.17841e-08
0.0335905,0.876349,5.18359e-08
0.0336241,0.87898,5.18877e-08
0.0336577,0.88162,5.19396e-08
0.0336914,0.884267,5.19915e-08
0.0337251,0.886923,5.20435e-08
0.0337588,0.889586,5.20956e-08
0.0337925,0.892258,5.21477e-08
0.0338263,0.894937,5.21998e-08
0.0338602,0.897625,5.2252e-08
0.033894,0.90032,5.23043e-08
0.0339279,0.903024,5.23566e-08
0.0339618,0.905736,5.24089e-08
0.0339958,0.908456,5.24613e-08
0.0340298,0.911184,5.25138e-08
0.0340638,0.91392,5.25663e-08
0.0340979,0.916665,5.26189e-08
0.034132,0.919417,5.26715e-08
0.0341661,0.922178,5.27242e-08
0.0342003,0.924948,5.27769e-08
0.0342345,0.927725,5.28297e-08
0.0342687,0.930511,5.28825e-08
0.034303,0.933305,5.29354e-08
0.0343373,0.936108,5.29883e-08
0.0343716,0.938919,5.30413e-08
0.034406,0.941739,5.30943e-08
0.0344404,0.944567,5.31474e-08
0.0344749,0.947403,5.32006e-08
0.0345093,0.950249,5.32538e-08
0.0345438,0.953102,5.3307e-08
0.0345784,0.955964,5.33603e-08
0.034613,0.958835,5.34137e-08
0.0346476,0.961714,5.34671e-08
0.0346822,0.964602,5.35206e-08
0.0347169,0.967499,5.35741e-08
0.0347516,0.970405,5.36277e-08
0.0347864,0.973319,5.36813e-08
0.0348212,0.976242,5.3735e-08
0.034856,0.979173,5.37887e-08
0.0348908,0.982114,5.38425e-08
0.0349257,0.985063,5.38963e-08
0.0349607,0.988021,5.39502e-08
0.0349956,0.990988,5.40042e-08
0.0350306,0.993964,5.40582e-08
0.0350656,0.996949,5.41123e-08
0.0351007,0.999943,5.41664e-08
0.0351358,1.00295,5.42205e-08
0.0351709,1.00596,5.42748e-08
0.0352061,1.00898,5.4329e-08
0.0352413,1.01201,5.43834e-08
0.0352766,1.01505,5.44377e-08
0.0353118,1.0181,5.44922e-08
0.0353471,1.02115,5.45467e-08
0.0353825,1.02422,5.46012e-08
0.0354179,1.0273,5.46558e-08
0.0354533,1.03038,5.47105e-08
0.0354887,1.03347,5.47652e-08
0.0355242,1.03658,5.482e-08
0.0355598,1.03969,5.48748e-08
0.0355953,1.04281,5.49296e-08
0.0356309,1.04594,5.49846e-08
0.0356665,1.04909,5.50396e-08
0.0357022,1.05224,5.50946e-08
0.0357379,1.0554,5.51497e-08
0.0357737,1.05857,5.52048e-08
0.0358094,1.06174,5.526e-08
0.0358452,1.06493,5.53153e-08
0.0358811,1.06813,5.53706e-08
0.035917,1.07134,5.5426e-08
0.0359529,1.07456,5.54814e-08
0.0359888,1.07778,5.55369e-08
0.0360248,1.08102,5.55924e-08
0.0360608,1.08427,5.5648e-08
0.0360969,1.08752,5.57037e-08
0.036133,1.09079,5.57594e-08
0.0361691,1.09406,5.58151e-08
0.0362053,1.09735,5.5871e-08
0.0362415,1.10064,5.59268e-08
0.0362778,1.10395,5.59828e-08
0.036314,1.10726,5.60387e-08
0.0363503,1.11059,5.60948e-08
0.0363867,1.11392,5.61509e-08
0.0364231,1.11727,5.6207e-08
0.0364595,1.12062,5.62632e-08
0.036496,1.12399,5.63195e-08
0.0365325,1.12736,5.63758e-08
0.036569,1.13075,5.64322e-08
0.0366056,1.13415,5.64886e-08
0.0366422,1.13755,5.65451e-08
0.0366788,1.14097,5.66017e-08
0.0367155,1.14439,5.66583e-08
0.0367522,1.14783,5.67149e-08
0.036789,1.15128,5.67716e-08
0.0368257,1.15473,5.68284e-08
0.0368626,1.1582,5.68852e-08
0.0368994,1.16168,5.69421e-08
0.0369363,1.16517,5.69991e-08
0.0369733,1.16867,5.70561e-08
0.0370102,1.17218,5.71131e-08
0.0370473,1.1757,5.71702e-08
0.0370843,1.17923,5.72274e-08
0.0371214,1.18277,5.72846e-08
0.0371585,1.18632,5.73419e-08
0.0371957,1.18988,5.73992e-08
0.0372329,1.19346,5.74566e-08
0.0372701,1.19704,5.75141e-08
0.0373074,1.20064,5.75716e-08
0.0373447,1.20424,5.76292e-08
0.037382,1.20786,5.76868e-08
0.0374194,1.21149,5.77445e-08
0.0374568,1.21512,5.78023e-08
0.0374943,1.21877,5.78601e-08
0.0375318,1.22243,5.79179e-08
0.0375693,1.2261,5.79758e-08
0.0376069,1.22979,5.80338e-08
0.0376445,1.23348,5.80918e-08
0.0376821,1.23718,5.81499e-08
0.0377198,1.2409,5.82081e-08
0.0377575,1.24462,5.82663e-08
0.0377953,1.24836,5.83246e-08
0.0378331,1.25211,5.83829e-08
0.0378709,1.25587,5.84413e-08
0.0379088,1.25964,5.84997e-08
0.0379467,1.26342,5.85582e-08
0.0379846,1.26722,5.86168e-08
0.0380226,1.27102,5.86754e-08
0.0380606,1.27484,5.87341e-08
0.0380987,1.27867,5.87928e-08
0.0381368,1.28251,5.88516e-08
0.0381749,1.28636,5.89104e-08
0.0382131,1.29022,5.89693e-08
0.0382513,1.2941,5.90283e-08
0.0382896,1.29798,5.90873e-08
0.0383279,1.30188,5.91464e-08
0.0383662,1.30579,5.92056e-08
0.0384046,1.30971,5.92648e-08
0.038443,1.31365,5.9324e-08
0.0384814,1.31759,5.93834e-08
0.0385199,1.32155,5.94428e-08
0.0385584,1.32552,5.95022e-08
0.038597,1.3295,5.95617e-08
0.0386356,1.33349,5.96213e-08
0.0386742,1.33749,5.96809e-08
0.0387129,1.34151,5.97406e-08
0.0387516,1.34554,5.98003e-08
0.0387903,1.34958,5.98601e-08
0.0388291,1.35363,5.992e-08
0.038868,1.3577,5.99799e-08
0.0389068,1.36177,6.00399e-08
0.0389457,1.36586,6.00999e-08
0.0389847,1.36997,6.016e-08
0.0390237,1.37408,6.02202e-08
0.0390627,1.37821,6.02804e-08
0.0391017,1.38234,6.03407e-08
0.0391409,1.3865,6.0401e-08
0.03918,1.39066,6.04614e-08
0.0392192,1.39484,6.05219e-08
0.0392584,1.39902,6.05824e-08
0.0392977,1.40323,6.0643e-08
0.0393369,1.40744,6.07036e-08
0.0393763,1.41167,6.07643e-08
0.0394157,1.41591,6.08251e-08
0.0394551,1.42016,6.08859e-08
0.0394945,1.42442,6.09468e-08
0.039534,1.4287,6.10077e-08
0.0395736,1.43299,6.10687e-08
0.0396131,1.43729,6.11298e-08
0.0396527,1.44161,6.11909e-08
0.0396924,1.44594,6.12521e-08
0.0397321,1.45028,6.13134e-08
0.0397718,1.45464,6.13747e-08
0.0398116,1.459,6.14361e-08
0.0398514,1.46339,6.14975e-08
0.0398913,1.46778,6.1559e-08
0.0399312,1.47219,6.16206e-08
0.0399711,1.47661,6.16822e-08
0.0400111,1.48104,6.17439e-08
0.0400511,1.48549,6.18056e-08
0.0400911,1.48995,6.18674e-08
0.0401312,1.49443,6.19293e-08
0.0401713,1.49891,6.19912e-08
0.0402115,1.50341,6.20532e-08
0.0402517,1.50793,6.21153e-08
0.040292,1.51246,6.21774e-08
0.0403323,1.517,6.22396e-08
0.0403726,1.52156,6.23018e-08
0.040413,1.52612,6.23641e-08
0.0404534,1.53071,6.24265e-08
0.0404938,1.5353,6.24889e-08
0.0405343,1.53991,6.25514e-08
0.0405749,1.54454,6.26139e-08
0.0406154,1.54918,6.26765e-08
0.0406561,1.55383,6.27392e-08
0.0406967,1.5585,6.2802e-08
0.0407374,1.56318,6.28648e-08
0.0407781,1.56787,6.29276e-08
0.0408189,1.57258,6.29906e-08
0.0408597,1.5773,6.30535e-08
0.0409006,1.58204,6.31166e-08
0.0409415,1.58679,6.31797e-08
0.0409824,1.59155,6.32429e-08
0.0410234,1.59633,6.33061e-08
0.0410644,1.60113,6.33694e-08
0.0411055,1.60593,6.34328e-08
0.0411466,1.61076,6.34962e-08
0.0411878,1.61559,6.35597e-08
0.041229,1.62045,6.36233e-08
0.0412702,1.62531,6.36869e-08
0.0413115,1.63019,6.37506e-08
0.0413528,1.63509,6.38144e-08
0.0413941,1.64,6.38782e-08
0.0414355,1.64492,6.39421e-08
0.0414769,1.64986,6.4006e-08
0.0415184,1.65482,6.407e-08
0.0415599,1.65979,6.41341e-08
0.0416015,1.66477,6.41982e-08
0.0416431,1.66977,6.42624e-08
0.0416847,1.67479,6.43267e-08
0.0417264,1.67981,6.4391e-08
0.0417682,1.68486,6.44554e-08
0.0418099,1.68992,6.45198e-08
0.0418517,1.69499,6.45844e-08
0.0418936,1.70008,6.46489e-08
0.0419355,1.70519,6.47136e-08
0.0419774,1.71031,6.47783e-08
0.0420194,1.71545,6.48431e-08
0.0420614,1.7206,6.49079e-08
0.0421035,1.72576,6.49728e-08
0.0421456,1.73095,6.50378e-08
0.0421877,1.73614,6.51028e-08
0.0422299,1.74136,6.51679e-08
0.0422721,1.74659,6.52331e-08
0.0423144,1.75183,6.52983e-08
0.0423567,1.75709,6.53636e-08
0.0423991,1.76237,6.5429e-08
0.0424415,1.76766,6.54944e-08
0.0424839,1.77297,6.55599e-08
0.0425264,1.77829,6.56255e-08
0.0425689,1.78364,6.56911e-08
0.0426115,1.78899,6.57568e-08
0.0426541,1.79436,6.58226e-08
0.0426968,1.79975,6.58884e-08
0.0427395,1.80516,6.59543e-08
0.0427822,1.81058,6.60202e-08
0.042825,1.81601,6.60863e-08
0.0428678,1.82147,6.61523e-08
0.0429107,1.82694,6.62185e-08
0.0429536,1.83242,6.62847e-08
0.0429965,1.83793,6.6351e-08
0.0430395,1.84345,6.64173e-08
0.0430826,1.84898,6.64838e-08
0.0431257,1.85454,6.65502e-08
0.0431688,1.8601,6.66168e-08
0.043212,1.86569,6.66834e-08
0.0432552,1.87129,6.67501e-08
0.0432984,1.87691,6.68168e-08
0.0433417,1.88255,6.68837e-08
0.0433851,1.8882,6.69505e-08
0.0434285,1.89387,6.70175e-08
0.0434719,1.89956,6.70845e-08
0.0435154,1.90526,6.71516e-08
0.0435589,1.91099,6.72188e-08
0.0436024,1.91672,6.7286e-08
0.043646,1.92248,6.73533e-08
0.0436897,1.92825,6.74206e-08
0.0437334,1.93404,6.7488e-08
0.0437771,1.93985,6.75555e-08
0.0438209,1.94568,6.76231e-08
0.0438647,1.95152,6.76907e-08
0.0439086,1.95738,6.77584e-08
0.0439525,1.96326,6.78261e-08
0.0439964,1.96915,6.7894e-08
0.0440404,1.97507,6.79619e-08
0.0440845,1.981,6.80298e-08
0.0441285,1.98695,6.80979e-08
0.0441727,1.99291,6.8166e-08
0.0442168,1.9989,6.82341e-08
0.0442611,2.0049,6.83024e-08
0.0443053,2.01092,6.83707e-08
0.0443496,2.01696,6.8439e-08
0.044394,2.02302,6.85075e-08
0.0444384,2.02909,6.8576e-08
0.0444828,2.03519,6.86446e-08
0.0445273,2.0413,6.87132e-08
0.0445718,2.04743,6.87819e-08
0.0446164,2.05358,6.88507e-08
0.044661,2.05974,6.89195e-08
0.0447057,2.06593,6.89885e-08
0.0447504,2.07213,6.90575e-08
0.0447951,2.07836,6.91265e-08
0.0448399,2.0846,6.91956e-08
0.0448848,2.09086,6.92648e-08
0.0449296,2.09714,6.93341e-08
0.0449746,2.10343,6.94034e-08
0.0450195,2.10975,6.94728e-08
0.0450646,2.11609,6.95423e-08
0.0451096,2.12244,6.96118e-08
0.0451547,2.12881,6.96815e-08
0.0451999,2.13521,6.97511e-08
0.0452451,2.14162,6.98209e-08
0.0452903,2.14805,6.98907e-08
0.0453356,2.1545,6.99606e-08
0.045381,2.16097,7.00306e-08
0.0454263,2.16746,7.01006e-08
0.0454718,2.17397,7.01707e-08
0.0455172,2.1805,7.02409e-08
0.0455628,2.18705,7.03111e-08
0.0456083,2.19361,7.03814e-08
0.0456539,2.2002,7.04518e-08
0.0456996,2.20681,7.05223e-08
0.0457453,2.21343,7.05928e-08
0.045791,2.22008,7.06634e-08
0.0458368,2.22675,7.0734e-08
0.0458827,2.23344,7.08048e-08
0.0459285,2.24014,7.08756e-08
0.0459745,2.24687,7.09464e-08
0.0460204,2.25362,7.10174e-08
0.0460665,2.26038,7.10884e-08
0.0461125,2.26717,7.11595e-08
0.0461586,2.27398,7.12307e-08
0.0462048,2.28081,7.13019e-08
0.046251,2.28766,7.13732e-08
0.0462973,2.29453,7.14446e-08
0.0463436,2.30142,7.1516e-08
0.0463899,2.30833,7.15875e-08
0.0464363,2.31526,7.16591e-08
0.0464827,2.32222,7.17308e-08
0.0465292,2.32919,7.18025e-08
0.0465757,2.33618,7.18743e-08
0.0466223,2.3432,7.19462e-08
0.0466689,2.35024,7.20181e-08
0.0467156,2.35729,7.20901e-08
0.0467623,2.36437,7.21622e-08
0.0468091,2.37147,7.22344e-08
0.0468559,2.37859,7.23066e-08
0.0469027,2.38574,7.23789e-08
0.0469497,2.3929,7.24513e-08
0.0469966,2.40009,7.25238e-08
0.0470436,2.40729,7.25963e-08
0.0470906,2.41452,7.26689e-08
0.0471377,2.42177,7.27416e-08
0.0471849,2.42905,7.28143e-08
0.0472321,2.43634,7.28871e-08
0.0472793,2.44366,7.296e-08
0.0473266,2.451,7.3033e-08
0.0473739,2.45836,7.3106e-08
0.0474213,2.46574,7.31791e-08
0.0474687,2.47314,7.32523e-08
0.0475162,2.48057,7.33255e-08
0.0475637,2.48802,7.33989e-08
0.0476112,2.49549,7.34723e-08
0.0476588,2.50299,7.35457e-08
0.0477065,2.5105,7.36193e-08
0.0477542,2.51804,7.36929e-08
0.047802,2.5256,7.37666e-08
0.0478498,2.53319,7.38403e-08
0.0478976,2.54079,7.39142e-08
0.0479455,2.54842,7.39881e-08
0.0479935,2.55608,7.40621e-08
0.0480415,2.56375,7.41362e-08
0.0480895,2.57145,7.42103e-08
0.0481376,2.57917,7.42845e-08
0.0481857,2.58692,7.43588e-08
0.0482339,2.59469,7.44331e-08
0.0482821,2.60248,7.45076e-08
0.0483304,2.61029,7.45821e-08
0.0483788,2.61813,7.46567e-08
0.0484271,2.626,7.47313e-08
0.0484756,2.63388,7.48061e-08
0.048524,2.64179,7.48809e-08
0.0485726,2.64972,7.49557e-08
0.0486211,2.65768,7.50307e-08
0.0486698,2.66566,7.51057e-08
0.0487184,2.67367,7.51808e-08
0.0487671,2.6817,7.5256e-08
0.0488159,2.68975,7.53313e-08
0.0488647,2.69783,7.54066e-08
0.0489136,2.70593,7.5482e-08
0.0489625,2.71405,7.55575e-08
0.0490115,2.7222,7.5633e-08
0.0490605,2.73038,7.57087e-08
0.0491095,2.73858,7.57844e-08
0.0491586,2.7468,7.58602e-08
0.0492078,2.75505,7.5936e-08
0.049257,2.76332,7.6012e-08
0.0493063,2.77162,7.6088e-08
0.0493556,2.77995,7.61641e-08
0.0494049,2.78829,7.62402e-08
0.0494543,2.79667,7.63165e-08
0.0495038,2.80507,7.63928e-08
0.0495533,2.81349,7.64692e-08
0.0496029,2.82194,7.65457e-08
0.0496525,2.83041,7.66222e-08
0.0497021,2.83891,7.66988e-08
0.0497518,2.84744,7.67755e-08
0.0498016,2.85599,7.68523e-08
0.0498514,2.86457,7.69291e-08
0.0499012,2.87317,7.70061e-08
0.0499511,2.8818,7.70831e-08
0.0500011,2.89045,7.71602e-08
0.0500511,2.89913,7.72373e-08
0.0501011,2.90784,7.73146e-08
0.0501512,2.91657,7.73919e-08
0.0502014,2.92533,7.74693e-08
0.0502516,2.93411,7.75467e-08
0.0503018,2.94292,7.76243e-08
0.0503521,2.95176,7.77019e-08
0.0504025,2.96062,7.77796e-08
0.0504529,2.96952,7.78574e-08
0.0505033,2.97843,7.79352e-08
0.0505538,2.98738,7.80132e-08
0.0506044,2.99635,7.80912e-08
0.050655,3.00535,7.81693e-08
0.0507056,3.01437,7.82475e-08
0.0507564,3.02342,7.83257e-08
0.0508071,3.0325,7.8404e-08
0.0508579,3.04161,7.84824e-08
0.0509088,3.05074,7.85609e-08
0.0509597,3.0599,7.86395e-08
0.0510106,3.06909,7.87181e-08
0.0510617,3.07831,7.87968e-08
0.0511127,3.08755,7.88756e-08
0.0511638,3.09683,7.89545e-08
0.051215,3.10613,7.90335e-08
0.0512662,3.11545,7.91125e-08
0.0513175,3.12481,7.91916e-08
0.0513688,3.13419,7.92708e-08
0.0514202,3.1436,7.93501e-08
0.0514716,3.15305,7.94294e-08
0.0515231,3.16251,7.95088e-08
0.0515746,3.17201,7.95884e-08
0.0516261,3.18154,7.96679e-08
0.0516778,3.19109,7.97476e-08
0.0517295,3.20067,7.98274e-08
0.0517812,3.21028,7.99072e-08
0.051833,3.21993,7.99871e-08
0.0518848,3.22959,8.00671e-08
0.0519367,3.23929,8.01472e-08
0.0519886,3.24902,8.02273e-08
0.0520406,3.25878,8.03075e-08
0.0520926,3.26856,8.03878e-08
0.0521447,3.27838,8.04682e-08
0.0521969,3.28822,8.05487e-08
0.0522491,3.2981,8.06292e-08
0.0523013,3.308,8.07099e-08
0.0523536,3.31794,8.07906e-08
0.052406,3.3279,8.08714e-08
0.0524584,3.33789,8.09522e-08
0.0525109,3.34792,8.10332e-08
0.0525634,3.35797,8.11142e-08
0.0526159,3.36806,8.11953e-08
0.0526685,3.37817,8.12765e-08
0.0527212,3.38831,8.13578e-08
0.0527739,3.39849,8.14392e-08
0.0528267,3.4087,8.15206e-08
0.0528795,3.41893,8.16021e-08
0.0529324,3.4292,8.16837e-08
0.0529853,3.4395,8.17654e-08
0.0530383,3.44983,8.18472e-08
0.0530914,3.46019,8.1929e-08
0.0531445,3.47058,8.2011e-08
0.0531976,3.481,8.2093e-08
0.0532508,3.49145,8.21751e-08
0.0533041,3.50194,8.22572e-08
0.0533574,3.51245,8.23395e-08
0.0534107,3.523,8.24218e-08
0.0534641,3.53358,8.25043e-08
0.0535176,3.54419,8.25868e-08
0.0535711,3.55484,8.26693e-08
0.0536247,3.56551,8.2752e-08
0.0536783,3.57622,8.28348e-08
0.053732,3.58696,8.29176e-08
0.0537857,3.59773,8.30005e-08
0.0538395,3.60853,8.30835e-08
0.0538933,3.61937,8.31666e-08
0.0539472,3.63024,8.32498e-08
0.0540012,3.64114,8.3333e-08
0.0540552,3.65207,8.34164e-08
0.0541092,3.66304,8.34998e-08
0.0541633,3.67404,8.35833e-08
0.0542175,3.68507,8.36669e-08
0.0542717,3.69614,8.37505e-08
0.054326,3.70724,8.38343e-08
0.0543803,3.71837,8.39181e-08
0.0544347,3.72954,8.4002e-08
0.0544891,3.74074,8.4086e-08
0.0545436,3.75197,8.41701e-08
0.0545982,3.76324,8.42543e-08
0.0546528,3.77454,8.43385e-08
0.0547074,3.78588,8.44229e-08
0.0547621,3.79724,8.45073e-08
0.0548169,3.80865,8.45918e-08
0.0548717,3.82009,8.46764e-08
0.0549266,3.83156,8.47611e-08
0.0549815,3.84306,8.48458e-08
0.0550365,3.8546,8.49307e-08
0.0550915,3.86618,8.50156e-08
0.0551466,3.87779,8.51006e-08
0.0552018,3.88943,8.51857e-08
0.055257,3.90111,8.52709e-08
0.0553122,3.91283,8.53562e-08
0.0553675,3.92458,8.54415e-08
0.0554229,3.93637,8.5527e-08
0.0554783,3.94819,8.56125e-08
0.0555338,3.96004,8.56981e-08
0.0555893,3.97193,8.57838e-08
0.0556449,3.98386,8.58696e-08
0.0557006,3.99583,8.59555e-08
0.0557563,4.00783,8.60414e-08
0.055812,4.01986,8.61275e-08
0.0558678,4.03193,8.62136e-08
0.0559237,4.04404,8.62998e-08
0.0559796,4.05618,8.63861e-08
0.0560356,4.06837,8.64725e-08
0.0560916,4.08058,8.6559e-08
0.0561477,4.09284,8.66455e-08
0.0562039,4.10513,8.67322e-08
0.0562601,4.11746,8.68189e-08
0.0563163,4.12982,8.69057e-08
0.0563727,4.14222,8.69926e-08
0.056429,4.15466,8.70796e-08
0.0564855,4.16714,8.71667e-08
0.056542,4.17965,8.72539e-08
0.0565985,4.1922,8.73411e-08
0.0566551,4.20479,8.74285e-08
0.0567117,4.21742,8.75159e-08
0.0567685,4.23008,8.76034e-08
0.0568252,4.24279,8.7691e-08
0.0568821,4.25553,8.77787e-08
0.0569389,4.26831,8.78665e-08
0.0569959,4.28112,8.79543e-08
0.0570529,4.29398,8.80423e-08
0.0571099,4.30688,8.81303e-08
0.057167,4.31981,8.82185e-08
0.0572242,4.33278,8.83067e-08
0.0572814,4.34579,8.8395e-08
0.0573387,4.35884,8.84834e-08
0.057396,4.37193,8.85719e-08
0.0574534,4.38506,8.86604e-08
0.0575109,4.39823,8.87491e-08
0.0575684,4.41144,8.88379e-08
0.057626,4.42469,8.89267e-08
0.0576836,4.43797,8.90156e-08
0.0577413,4.4513,8.91046e-08
0.057799,4.46467,8.91937e-08
0.0578568,4.47808,8.92829e-08
0.0579147,4.49152,8.93722e-08
0.0579726,4.50501,8.94616e-08
0.0580306,4.51854,8.95511e-08
0.0580886,4.53211,8.96406e-08
0.0581467,4.54572,8.97302e-08
0.0582048,4.55937,8.982e-08
0.058263,4.57306,8.99098e-08
0.0583213,4.58679,8.99997e-08
0.0583796,4.60057,9.00897e-08
0.058438,4.61438,9.01798e-08
0.0584964,4.62824,9.027e-08
0.0585549,4.64214,9.03602e-08
0.0586135,4.65608,9.04506e-08
0.0586721,4.67006,9.05411e-08
0.0587308,4.68409,9.06316e-08
0.0587895,4.69815,9.07222e-08
0.0588483,4.71226,9.08129e-08
0.0589071,4.72641,9.09038e-08
0.0589661,4.74061,9.09947e-08
0.059025,4.75484,9.10857e-08
0.059084,4.76912,9.11767e-08
0.0591431,4.78344,9.12679e-08
0.0592023,4.79781,9.13592e-08
0.0592615,4.81221,9.14505e-08
0.0593207,4.82667,9.1542e-08
0.0593801,4.84116,9.16335e-08
0.0594394,4.8557,9.17252e-08
0.0594989,4.87028,9.18169e-08
0.0595584,4.88491,9.19087e-08
0.0596179,4.89957,9.20006e-08
0.0596775,4.91429,9.20926e-08
0.0597372,4.92905,9.21847e-08
0.059797,4.94385,9.22769e-08
0.0598568,4.95869,9.23692e-08
0.0599166,4.97358,9.24615e-08
0.0599765,4.98852,9.2554e-08
0.0600365,5.0035,9.26466e-08
0.0600965,5.01853,9.27392e-08
0.0601566,5.0336,9.2832e-08
0.0602168,5.04871,9.29248e-08
0.060277,5.06387,9.30177e-08
0.0603373,5.07908,9.31107e-08
0.0603976,5.09433,9.32038e-08
0.060458,5.10963,9.3297e-08
0.0605185,5.12498,9.33903e-08
0.060579,5.14037,9.34837e-08
0.0606396,5.1558,9.35772e-08
0.0607002,5.17129,9.36708e-08
0.0607609,5.18682,9.37645e-08
0.0608217,5.20239,9.38582e-08
0.0608825,5.21801,9.39521e-08
0.0609434,5.23368,9.4046e-08
0.0610043,5.2494,9.41401e-08
0.0610653,5.26516,9.42342e-08
0.0611264,5.28098,9.43285e-08
0.0611875,5.29683,9.44228e-08
0.0612487,5.31274,9.45172e-08
0.06131,5.3287,9.46117e-08
0.0613713,5.3447,9.47063e-08
0.0614326,5.36075,9.4801e-08
0.0614941,5.37685,9.48958e-08
0.0615556,5.39299,9.49907e-08
0.0616171,5.40919,9.50857e-08
0.0616787,5.42543,9.51808e-08
0.0617404,5.44172,9.5276e-08
0.0618022,5.45807,9.53713e-08
0.061864,5.47446,9.54666e-08
0.0619258,5.4909,9.55621e-08
0.0619878,5.50738,9.56577e-08
0.0620497,5.52392,9.57533e-08
0.0621118,5.54051,9.58491e-08
0.0621739,5.55715,9.59449e-08
0.0622361,5.57384,9.60409e-08
0.0622983,5.59058,9.61369e-08
0.0623606,5.60736,9.62331e-08
0.062423,5.6242,9.63293e-08
0.0624854,5.64109,9.64256e-08
0.0625479,5.65803,9.6522e-08
0.0626104,5.67502,9.66186e-08
0.062673,5.69207,9.67152e-08
0.0627357,5.70916,9.68119e-08
0.0627984,5.7263,9.69087e-08
0.0628612,5.7435,9.70056e-08
0.0629241,5.76075,9.71026e-08
0.062987,5.77805,9.71997e-08
0.06305,5.7954,9.72969e-08
0.0631131,5.8128,9.73942e-08
0.0631762,5.83026,9.74916e-08
0.0632394,5.84777,9.75891e-08
0.0633026,5.86533,9.76867e-08
0.0633659,5.88294,9.77844e-08
0.0634293,5.90061,9.78822e-08
0.0634927,5.91833,9.79801e-08
0.0635562,5.9361,9.8078e-08
0.0636197,5.95393,9.81761e-08
0.0636834,5.97181,9.82743e-08
0.063747,5.98974,9.83726e-08
0.0638108,6.00773,9.84709e-08
0.0638746,6.02577,9.85694e-08
0.0639385,6.04386,9.8668e-08
0.0640024,6.06201,9.87666e-08
0.0640664,6.08022,9.88654e-08
0.0641305,6.09848,9.89643e-08
0.0641946,6.11679,9.90632e-08
0.0642588,6.13516,9.91623e-08
0.0643231,6.15358,9.92615e-08
0.0643874,6.17206,9.93607e-08
0.0644518,6.1906,9.94601e-08
0.0645162,6.20919,9.95595e-08
0.0645808,6.22783,9.96591e-08
0.0646453,6.24654,9.97588e-08
0.06471,6.26529,9.98585e-08
0.0647747,6.28411,9.99584e-08
0.0648395,6.30298,1.00058e-07
0.0649043,6.32191,1.00158e-07
0.0649692,6.34089,1.00259e-07
0.0650342,6.35993,1.00359e-07
0.0650992,6.37903,1.00459e-07
0.0651643,6.39819,1.0056e-07
0.0652295,6.4174,1.0066e-07
0.0652947,6.43667,1.00761e-07
0.06536,6.456,1.00862e-07
0.0654254,6.47539,1.00962e-07
0.0654908,6.49484,1.01063e-07
0.0655563,6.51434,1.01165e-07
0.0656218,6.5339,1.01266e-07
0.0656875,6.55352,1.01367e-07
0.0657531,6.5732,1.01468e-07
0.0658189,6.59294,1.0157e-07
0.0658847,6.61274,1.01671e-07
0.0659506,6.6326,1.01773e-07
0.0660165,6.65252,1.01875e-07
0.0660826,6.6725,1.01977e-07
0.0661486,6.69253,1.02079e-07
0.0662148,6.71263,1.02181e-07
0.066281,6.73279,1.02283e-07
0.0663473,6.75301,1.02385e-07
0.0664136,6.77329,1.02488e-07
0.06648,6.79363,1.0259e-07
0.0665465,6.81403,1.02693e-07
0.0666131,6.83449,1.02795e-07
0.0666797,6.85501,1.02898e-07
0.0667464,6.8756,1.03001e-07
0.0668131,6.89625,1.03104e-07
0.0668799,6.91696,1.03207e-07
0.0669468,6.93773,1.0331e-07
0.0670138,6.95856,1.03414e-07
0.0670808,6.97946,1.03517e-07
0.0671478,7.00042,1.03621e-07
0.067215,7.02144,1.03724e-07
0.0672822,7.04253,1.03828e-07
0.0673495,7.06368,1.03932e-07
0.0674168,7.08489,1.04036e-07
0.0674843,7.10616,1.0414e-07
0.0675517,7.1275,1.04244e-07
0.0676193,7.14891,1.04348e-07
0.0676869,7.17038,1.04452e-07
0.0677546,7.19191,1.04557e-07
0.0678224,7.21351,1.04661e-07
0.0678902,7.23517,1.04766e-07
0.0679581,7.25689,1.04871e-07
0.068026,7.27869,1.04976e-07
0.0680941,7.30054,1.05081e-07
0.0681621,7.32247,1.05186e-07
0.0682303,7.34446,1.05291e-07
0.0682985,7.36651,1.05396e-07
0.0683668,7.38863,1.05502e-07
0.0684352,7.41082,1.05607e-07
0.0685036,7.43308,1.05713e-07
0.0685721,7.4554,1.05819e-07
0.0686407,7.47779,1.05924e-07
0.0687094,7.50024,1.0603e-07
0.0687781,7.52277,1.06136e-07
0.0688468,7.54536,1.06242e-07
0.0689157,7.56802,1.06349e-07
0.0689846,7.59074,1.06455e-07
0.0690536,7.61354,1.06561e-07
0.0691226,7.6364,1.06668e-07
0.0691918,7.65933,1.06775e-07
0.069261,7.68233,1.06881e-07
0.0693302,7.7054,1.06988e-07
0.0693996,7.72854,1.07095e-07
0.069469,7.75175,1.07202e-07
0.0695384,7.77503,1.0731e-07
0.069608,7.79838,1.07417e-07
0.0696776,7.8218,1.07524e-07
0.0697472,7.84529,1.07632e-07
0.069817,7.86885,1.0774e-07
0.0698868,7.89248,1.07847e-07
0.0699567,7.91618,1.07955e-07
0.0700267,7.93995,1.08063e-07
0.0700967,7.96379,1.08171e-07
0.0701668,7.98771,1.08279e-07
0.0702369,8.0117,1.08388e-07
0.0703072,8.03576,1.08496e-07
0.0703775,8.05989,1.08604e-07
0.0704479,8.08409,1.08713e-07
0.0705183,8.10837,1.08822e-07
0.0705888,8.13272,1.08931e-07
0.0706594,8.15714,1.0904e-07
0.0707301,8.18164,1.09149e-07
0.0708008,8.2062,1.09258e-07
0.0708716,8.23085,1.09367e-07
0.0709425,8.25557,1.09476e-07
0.0710134,8.28036,1.09586e-07
0.0710844,8.30522,1.09695e-07
0.0711555,8.33016,1.09805e-07
0.0712267,8.35518,1.09915e-07
0.0712979,8.38027,1.10025e-07
0.0713692,8.40544,1.10135e-07
0.0714406,8.43068,1.10245e-07
0.071512,8.45599,1.10355e-07
0.0715835,8.48139,1.10466e-07
0.0716551,8.50686,1.10576e-07
0.0717268,8.5324,1.10687e-07
0.0717985,8.55803,1.10797e-07
0.0718703,8.58373,1.10908e-07
0.0719422,8.6095,1.11019e-07
0.0720141,8.63536,1.1113e-07
0.0720861,8.66129,1.11241e-07
0.0721582,8.6873,1.11352e-07
0.0722304,8.71339,1.11464e-07
0.0723026,8.73955,1.11575e-07
0.0723749,8.7658,1.11687e-07
0.0724473,8.79212,1.11798e-07
0.0725197,8.81852,1.1191e-07
0.0725922,8.84501,1.12022e-07
0.0726648,8.87157,1.12134e-07
0.0727375,8.89821,1.12246e-07
0.0728102,8.92493,1.12359e-07
0.072883,8.95173,1.12471e-07
0.0729559,8.97861,1.12583e-07
0.0730289,9.00558,1.12696e-07
0.0731019,9.03262,1.12809e-07
0.073175,9.05975,1.12922e-07
0.0732482,9.08695,1.13034e-07
0.0733214,9.11424,1.13147e-07
0.0733948,9.14161,1.13261e-07
0.0734681,9.16906,1.13374e-07
0.0735416,9.1966,1.13487e-07
0.0736152,9.22421,1.13601e-07
0.0736888,9.25192,1.13714e-07
0.0737625,9.2797,1.13828e-07
0.0738362,9.30757,1.13942e-07
0.0739101,9.33552,1.14056e-07
0.073984,9.36355,1.1417e-07
0.074058,9.39167,1.14284e-07
0.074132,9.41987,1.14398e-07
0.0742061,9.44816,1.14513e-07
0.0742803,9.47653,1.14627e-07
0.0743546,9.50499,1.14742e-07
0.074429,9.53353,1.14857e-07
0.0745034,9.56216,1.14971e-07
0.0745779,9.59088,1.15086e-07
0.0746525,9.61968,1.15202e-07
0.0747271,9.64857,1.15317e-07
0.0748019,9.67754,1.15432e-07
0.0748767,9.7066,1.15547e-07
0.0749516,9.73575,1.15663e-07
0.0750265,9.76499,1.15779e-07
0.0751015,9.79431,1.15894e-07
0.0751766,9.82373,1.1601e-07
0.0752518,9.85323,1.16126e-07
0.0753271,9.88282,1.16242e-07
0.0754024,9.91249,1.16359e-07
0.0754778,9.94226,1.16475e-07
0.0755533,9.97212,1.16592e-07
0.0756288,10.0021,1.16708e-07
0.0757044,10.0321,1.16825e-07
0.0757802,10.0622,1.16942e-07
0.0758559,10.0924,1.17059e-07
0.0759318,10.1228,1.17176e-07
0.0760077,10.1532,1.17293e-07
0.0760837,10.1836,1.1741e-07
0.0761598,10.2142,1.17528e-07
0.076236,10.2449,1.17645e-07
0.0763122,10.2757,1.17763e-07
0.0763885,10.3065,1.17881e-07
0.0764649,10.3375,1.17998e-07
0.0765414,10.3685,1.18116e-07
0.0766179,10.3996,1.18235e-07
0.0766945,10.4309,1.18353e-07
0.0767712,10.4622,1.18471e-07
0.076848,10.4936,1.1859e-07
0.0769248,10.5251,1.18708e-07
0.0770018,10.5567,1.18827e-07
0.0770788,10.5884,1.18946e-07
0.0771559,10.6202,1.19065e-07
0.077233,10.6521,1.19184e-07
0.0773102,10.6841,1.19303e-07
0.0773876,10.7162,1.19422e-07
0.0774649,10.7484,1.19542e-07
0.0775424,10.7807,1.19661e-07
0.0776199,10.813,1.19781e-07
0.0776976,10.8455,1.19901e-07
0.0777753,10.8781,1.2002e-07
0.077853,10.9107,1.20141e-07
0.0779309,10.9435,1.20261e-07
0.0780088,10.9764,1.20381e-07
0.0780868,11.0093,1.20501e-07
0.0781649,11.0424,1.20622e-07
0.0782431,11.0756,1.20742e-07
0.0783213,11.1088,1.20863e-07
0.0783996,11.1422,1.20984e-07
0.078478,11.1756,1.21105e-07
0.0785565,11.2092,1.21226e-07
0.0786351,11.2429,1.21347e-07
0.0787137,11.2766,1.21469e-07
0.0787924,11.3105,1.2159e-07
0.0788712,11.3444,1.21712e-07
0.0789501,11.3785,1.21833e-07
0.079029,11.4127,1.21955e-07
0.0791081,11.447,1.22077e-07
0.0791872,11.4813,1.22199e-07
0.0792664,11.5158,1.22322e-07
0.0793456,11.5504,1.22444e-07
0.079425,11.5851,1.22566e-07
0.0795044,11.6199,1.22689e-07
0.0795839,11.6548,1.22812e-07
0.0796635,11.6898,1.22934e-07
0.0797432,11.7249,1.23057e-07
0.0798229,11.7601,1.2318e-07
0.0799027,11.7954,1.23304e-07
0.0799826,11.8308,1.23427e-07
0.0800626,11.8663,1.2355e-07
0.0801427,11.902,1.23674e-07
0.0802228,11.9377,1.23797e-07
0.080303,11.9736,1.23921e-07
0.0803833,12.0095,1.24045e-07
0.0804637,12.0456,1.24169e-07
0.0805442,12.0818,1.24293e-07
0.0806247,12.118,1.24418e-07
0.0807054,12.1544,1.24542e-07
0.0807861,12.1909,1.24667e-07
0.0808668,12.2275,1.24791e-07
0.0809477,12.2643,1.24916e-07
0.0810287,12.3011,1.25041e-07
0.0811097,12.338,1.25166e-07
0.0811908,12.3751,1.25291e-07
0.081272,12.4122,1.25417e-07
0.0813533,12.4495,1.25542e-07
0.0814346,12.4869,1.25667e-07
0.0815161,12.5244,1.25793e-07
0.0815976,12.562,1.25919e-07
0.0816792,12.5997,1.26045e-07
0.0817608,12.6376,1.26171e-07
0.0818426,12.6755,1.26297e-07
0.0819244,12.7136,1.26423e-07
0.0820064,12.7518,1.2655e-07
0.0820884,12.7901,1.26676e-07
0.0821705,12.8285,1.26803e-07
0.0822526,12.867,1.2693e-07
0.0823349,12.9056,1.27057e-07
0.0824172,12.9444,1.27184e-07
0.0824996,12.9833,1.27311e-07
0.0825821,13.0223,1.27438e-07
0.0826647,13.0614,1.27566e-07
0.0827474,13.1006,1.27693e-07
0.0828301,13.1399,1.27821e-07
0.082913,13.1794,1.27949e-07
0.0829959,13.219,1.28077e-07
0.0830789,13.2587,1.28205e-07
0.083162,13.2985,1.28333e-07
0.0832451,13.3384,1.28461e-07
0.0833284,13.3785,1.2859e-07
0.0834117,13.4186,1.28718e-07
0.0834951,13.4589,1.28847e-07
0.0835786,13.4994,1.28976e-07
0.0836622,13.5399,1.29105e-07
0.0837458,13.5806,1.29234e-07
0.0838296,13.6213,1.29363e-07
0.0839134,13.6622,1.29493e-07
0.0839973,13.7033,1.29622e-07
0.0840813,13.7444,1.29752e-07
0.0841654,13.7857,1.29882e-07
0.0842496,13.8271,1.30011e-07
0.0843338,13.8686,1.30141e-07
0.0844182,13.9103,1.30272e-07
0.0845026,13.952,1.30402e-07
0.0845871,13.9939,1.30532e-07
0.0846717,14.036,1.30663e-07
0.0847563,14.0781,1.30793e-07
0.0848411,14.1204,1.30924e-07
0.0849259,14.1628,1.31055e-07
0.0850109,14.2053,1.31186e-07
0.0850959,14.248,1.31317e-07
0.085181,14.2908,1.31449e-07
0.0852661,14.3337,1.3158e-07
0.0853514,14.3767,1.31712e-07
0.0854368,14.4199,1.31843e-07
0.0855222,14.4632,1.31975e-07
0.0856077,14.5066,1.32107e-07
0.0856933,14.5502,1.32239e-07
0.085779,14.5939,1.32372e-07
0.0858648,14.6377,1.32504e-07
0.0859507,14.6817,1.32637e-07
0.0860366,14.7258,1.32769e-07
0.0861227,14.77,1.32902e-07
0.0862088,14.8143,1.33035e-07
0.086295,14.8588,1.33168e-07
0.0863813,14.9034,1.33301e-07
0.0864677,14.9482,1.33434e-07
0.0865541,14.9931,1.33568e-07
0.0866407,15.0381,1.33701e-07
0.0867273,15.0833,1.33835e-07
0.0868141,15.1286,1.33969e-07
0.0869009,15.174,1.34103e-07
0.0869878,15.2196,1.34237e-07
0.0870748,15.2653,1.34371e-07
0.0871618,15.3111,1.34506e-07
0.087249,15.3571,1.3464e-07
0.0873362,15.4032,1.34775e-07
0.0874236,15.4495,1.34909e-07
0.087511,15.4959,1.35044e-07
0.0875985,15.5424,1.35179e-07
0.0876861,15.5891,1.35315e-07
0.0877738,15.6359,1.3545e-07
0.0878616,15.6828,1.35585e-07
0.0879494,15.7299,1.35721e-07
0.0880374,15.7772,1.35857e-07
0.0881254,15.8245,1.35993e-07
0.0882135,15.8721,1.36129e-07
0.0883018,15.9197,1.36265e-07
0.0883901,15.9675,1.36401e-07
0.0884784,16.0155,1.36537e-07
0.0885669,16.0636,1.36674e-07
0.0886555,16.1118,1.36811e-07
0.0887441,16.1602,1.36947e-07
0.0888329,16.2087,1.37084e-07
0.0889217,16.2574,1.37221e-07
0.0890106,16.3062,1.37359e-07
0.0890997,16.3552,1.37496e-07
0.0891888,16.4043,1.37633e-07
0.0892779,16.4536,1.37771e-07
0.0893672,16.503,1.37909e-07
0.0894566,16.5525,1.38047e-07
0.089546,16.6023,1.38185e-07
0.0896356,16.6521,1.38323e-07
0.0897252,16.7021,1.38461e-07
0.089815,16.7523,1.386e-07
0.0899048,16.8026,1.38738e-07
0.0899947,16.853,1.38877e-07
0.0900847,16.9036,1.39016e-07
0.0901748,16.9544,1.39155e-07
0.0902649,17.0053,1.39294e-07
0.0903552,17.0564,1.39433e-07
0.0904455,17.1076,1.39573e-07
0.090536,17.159,1.39712e-07
0.0906265,17.2105,1.39852e-07
0.0907172,17.2622,1.39992e-07
0.0908079,17.314,1.40132e-07
0.0908987,17.366,1.40272e-07
0.0909896,17.4182,1.40412e-07
0.0910806,17.4705,1.40553e-07
0.0911717,17.5229,1.40693e-07
0.0912628,17.5756,1.40834e-07
0.0913541,17.6283,1.40975e-07
0.0914454,17.6813,1.41116e-07
0.0915369,17.7344,1.41257e-07
0.0916284,17.7876,1.41398e-07
0.0917201,17.8411,1.4154e-07
0.0918118,17.8946,1.41681e-07
0.0919036,17.9484,1.41823e-07
0.0919955,18.0023,1.41965e-07
0.0920875,18.0563,1.42107e-07
0.0921796,18.1106,1.42249e-07
0.0922717,18.1649,1.42391e-07
0.092364,18.2195,1.42533e-07
0.0924564,18.2742,1.42676e-07
0.0925488,18.3291,1.42819e-07
0.0926414,18.3841,1.42961e-07
0.092734,18.4393,1.43104e-07
0.0928268,18.4947,1.43248e-07
0.0929196,18.5502,1.43391e-07
0.0930125,18.6059,1.43534e-07
0.0931055,18.6618,1.43678e-07
0.0931986,18.7179,1.43821e-07
0.0932918,18.7741,1.43965e-07
0.0933851,18.8305,1.44109e-07
0.0934785,18.887,1.44253e-07
0.093572,18.9437,1.44398e-07
0.0936656,19.0006,1.44542e-07
0.0937592,19.0577,1.44686e-07
0.093853,19.1149,1.44831e-07
0.0939468,19.1723,1.44976e-07
0.0940408,19.2299,1.45121e-07
0.0941348,19.2876,1.45266e-07
0.094229,19.3455,1.45411e-07
0.0943232,19.4036,1.45557e-07
0.0944175,19.4619,1.45702e-07
0.0945119,19.5203,1.45848e-07
0.0946064,19.579,1.45994e-07
0.094701,19.6378,1.4614e-07
0.0947957,19.6967,1.46286e-07
0.0948905,19.7559,1.46432e-07
0.0949854,19.8152,1.46579e-07
0.0950804,19.8747,1.46725e-07
0.0951755,19.9344,1.46872e-07
0.0952707,19.9943,1.47019e-07
0.0953659,20.0543,1.47166e-07
0.0954613,20.1145,1.47313e-07
0.0955568,20.1749,1.4746e-07
0.0956523,20.2355,1.47608e-07
0.095748,20.2963,1.47755e-07
0.0958437,20.3572,1.47903e-07
0.0959396,20.4184,1.48051e-07
0.0960355,20.4797,1.48199e-07
0.0961315,20.5412,1.48347e-07
0.0962277,20.6029,1.48496e-07
0.0963239,20.6647,1.48644e-07
0.0964202,20.7268,1.48793e-07
0.0965166,20.789,1.48942e-07
0.0966132,20.8515,1.49091e-07
0.0967098,20.9141,1.4924e-07
0.0968065,20.9769,1.49389e-07
0.0969033,21.0399,1.49538e-07
0.0970002,21.1031,1.49688e-07
0.0970972,21.1664,1.49838e-07
0.0971943,21.23,1.49987e-07
0.0972915,21.2938,1.50137e-07
0.0973888,21.3577,1.50287e-07
0.0974862,21.4218,1.50438e-07
0.0975837,21.4862,1.50588e-07
0.0976812,21.5507,1.50739e-07
0.0977789,21.6154,1.5089e-07
0.0978767,21.6803,1.5104e-07
0.0979746,21.7454,1.51191e-07
0.0980726,21.8107,1.51343e-07
0.0981706,21.8762,1.51494e-07
0.0982688,21.9419,1.51645e-07
0.0983671,22.0078,1.51797e-07
0.0984654,22.0739,1.51949e-07
0.0985639,22.1402,1.52101e-07
0.0986625,22.2067,1.52253e-07
0.0987611,22.2734,1.52405e-07
0.0988599,22.3402,1.52558e-07
0.0989587,22.4073,1.5271e-07
0.0990577,22.4746,1.52863e-07
0.0991568,22.5421,1.53016e-07
0.0992559,22.6098,1.53169e-07
0.0993552,22.6777,1.53322e-07
0.0994545,22.7458,1.53475e-07
0.099554,22.8141,1.53629e-07
0.0996535,22.8826,1.53782e-07
0.0997532,22.9513,1.53936e-07
0.0998529,23.0203,1.5409e-07
0.0999528,23.0894,1.54244e-07
0.100053,23.1587,1.54398e-07
0.100153,23.2283,1.54553e-07
0.100253,23.298,1.54707e-07
0.100353,23.368,1.54862e-07
0.100454,23.4382,1.55017e-07
0.100554,23.5086,1.55172e-07
0.100655,23.5792,1.55327e-07
0.100755,23.65,1.55482e-07
0.100856,23.721,1.55638e-07
0.100957,23.7922,1.55794e-07
0.101058,23.8637,1.55949e-07
0.101159,23.9353,1.56105e-07
0.10126,24.0072,1.56261e-07
0.101361,24.0793,1.56418e-07
0.101463,24.1516,1.56574e-07
0.101564,24.2241,1.56731e-07
0.101666,24.2969,1.56887e-07
0.101767,24.3698,1.57044e-07
0.101869,24.443,1.57201e-07
0.101971,24.5164,1.57359e-07
0.102073,24.59,1.57516e-07
0.102175,24.6639,1.57673e-07
0.102277,24.738,1.57831e-07
0.102379,24.8122,1.57989e-07
0.102482,24.8868,1.58147e-07
0.102584,24.9615,1.58305e-07
0.102687,25.0365,1.58463e-07
0.10279,25.1116,1.58622e-07
0.102892,25.187,1.5878e-07
0.102995,25.2627,1.58939e-07
0.103098,25.3385,1.59098e-07
0.103201,25.4146,1.59257e-07
0.103305,25.491,1.59417e-07
0.103408,25.5675,1.59576e-07
0.103511,25.6443,1.59736e-07
0.103615,25.7213,1.59895e-07
0.103718,25.7985,1.60055e-07
0.103822,25.876,1.60215e-07
0.103926,25.9537,1.60375e-07
0.10403,26.0317,1.60536e-07
0.104134,26.1098,1.60696e-07
0.104238,26.1882,1.60857e-07
0.104342,26.2669,1.61018e-07
0.104447,26.3458,1.61179e-07
0.104551,26.4249,1.6134e-07
0.104656,26.5042,1.61501e-07
0.10476,26.5838,1.61663e-07
0.104865,26.6637,1.61825e-07
0.10497,26.7437,1.61986e-07
0.105075,26.824,1.62148e-07
0.10518,26.9046,1.62311e-07
0.105285,26.9854,1.62473e-07
0.10539,27.0664,1.62635e-07
0.105496,27.1477,1.62798e-07
0.105601,27.2292,1.62961e-07
0.105707,27.311,1.63124e-07
0.105813,27.393,1.63287e-07
0.105918,27.4753,1.6345e-07
0.106024,27.5578,1.63614e-07
0.10613,27.6405,1.63777e-07
0.106236,27.7235,1.63941e-07
0.106343,27.8068,1.64105e-07
0.106449,27.8903,1.64269e-07
0.106556,27.9741,1.64433e-07
0.106662,28.0581,1.64598e-07
0.106769,28.1423,1.64762e-07
0.106875,28.2268,1.64927e-07
0.106982,28.3116,1.65092e-07
0.107089,28.3966,1.65257e-07
0.107196,28.4819,1.65422e-07
0.107304,28.5674,1.65588e-07
0.107411,28.6532,1.65753e-07
0.107518,28.7393,1.65919e-07
0.107626,28.8256,1.66085e-07
0.107733,28.9121,1.66251e-07
0.107841,28.9989,1.66417e-07
0.107949,29.086,1.66584e-07
0.108057,29.1734,1.6675e-07
0.108165,29.261,1.66917e-07
0.108273,29.3489,1.67084e-07
0.108382,29.437,1.67251e-07
0.10849,29.5254,1.67418e-07
0.108598,29.6141,1.67586e-07
0.108707,29.703,1.67753e-07
0.108816,29.7922,1.67921e-07
0.108925,29.8816,1.68089e-07
0.109033,29.9714,1.68257e-07
0.109142,30.0614,1.68425e-07
0.109252,30.1517,1.68594e-07
0.109361,30.2422,1.68762e-07
0.10947,30.333,1.68931e-07
0.10958,30.4241,1.691e-07
0.109689,30.5155,1.69269e-07
0.109799,30.6071,1.69439e-07
0.109909,30.699,1.69608e-07
0.110019,30.7912,1.69778e-07
0.110129,30.8837,1.69947e-07
0.110239,30.9764,1.70117e-07
0.110349,31.0694,1.70287e-07
0.110459,31.1627,1.70458e-07
0.11057,31.2563,1.70628e-07
0.11068,31.3502,1.70799e-07
0.110791,31.4443,1.7097e-07
0.110902,31.5388,1.71141e-07
0.111013,31.6335,1.71312e-07
0.111124,31.7285,1.71483e-07
0.111235,31.8238,1.71654e-07
0.111346,31.9193,1.71826e-07
0.111458,32.0152,1.71998e-07
0.111569,32.1113,1.7217e-07
0.111681,32.2077,1.72342e-07
0.111792,32.3045,1.72514e-07
0.111904,32.4015,1.72687e-07
0.112016,32.4988,1.7286e-07
0.112128,32.5964,1.73033e-07
0.11224,32.6943,1.73206e-07
0.112352,32.7924,1.73379e-07
0.112465,32.8909,1.73552e-07
0.112577,32.9897,1.73726e-07
0.11269,33.0888,1.73899e-07
0.112802,33.1881,1.74073e-07
0.112915,33.2878,1.74247e-07
0.113028,33.3877,1.74422e-07
0.113141,33.488,1.74596e-07
0.113254,33.5886,1.74771e-07
0.113368,33.6894,1.74945e-07
0.113481,33.7906,1.7512e-07
0.113594,33.8921,1.75295e-07
0.113708,33.9939,1.75471e-07
0.113822,34.0959,1.75646e-07
0.113936,34.1983,1.75822e-07
0.114049,34.301,1.75998e-07
0.114163,34.404,1.76174e-07
0.114278,34.5074,1.7635e-07
0.114392,34.611,1.76526e-07
0.114506,34.7149,1.76703e-07
0.114621,34.8192,1.76879e-07
0.114735,34.9237,1.77056e-07
0.11485,35.0286,1.77233e-07
0.114965,35.1338,1.77411e-07
0.11508,35.2393,1.77588e-07
0.115195,35.3451,1.77766e-07
0.11531,35.4513,1.77943e-07
0.115426,35.5577,1.78121e-07
0.115541,35.6645,1.78299e-07
0.115657,35.7716,1.78478e-07
0.115772,35.879,1.78656e-07
0.115888,35.9868,1.78835e-07
0.116004,36.0948,1.79014e-07
0.11612,36.2032,1.79193e-07
0.116236,36.312,1.79372e-07
0.116352,36.421,1.79551e-07
0.116469,36.5304,1.79731e-07
0.116585,36.6401,1.79911e-07
0.116702,36.7501,1.80091e-07
0.116818,36.8605,1.80271e-07
0.116935,36.9712,1.80451e-07
0.117052,37.0822,1.80631e-07
0.117169,37.1935,1.80812e-07
0.117286,37.3052,1.80993e-07
0.117404,37.4173,1.81174e-07
0.117521,37.5296,1.81355e-07
0.117639,37.6423,1.81536e-07
0.117756,37.7554,1.81718e-07
0.117874,37.8687,1.819e-07
0.117992,37.9825,1.82081e-07
0.11811,38.0965,1.82264e-07
0.118228,38.2109,1.82446e-07
0.118346,38.3257,1.82628e-07
0.118464,38.4408,1.82811e-07
0.118583,38.5562,1.82994e-07
0.118702,38.672,1.83177e-07
0.11882,38.7881,1.8336e-07
0.118939,38.9046,1.83543e-07
0.119058,39.0214,1.83727e-07
0.119177,39.1386,1.8391e-07
0.119296,39.2561,1.84094e-07
0.119416,39.374,1.84278e-07
0.119535,39.4923,1.84463e-07
0.119654,39.6109,1.84647e-07
0.119774,39.7298,1.84832e-07
0.119894,39.8491,1.85017e-07
0.120014,39.9688,1.85202e-07
0.120134,40.0888,1.85387e-07
0.120254,40.2092,1.85572e-07
0.120374,40.33,1.85758e-07
0.120495,40.4511,1.85944e-07
0.120615,40.5725,1.8613e-07
0.120736,40.6944,1.86316e-07
0.120856,40.8166,1.86502e-07
0.120977,40.9392,1.86689e-07
0.121098,41.0621,1.86875e-07
0.121219,41.1854,1.87062e-07
0.121341,41.3091,1.87249e-07
0.121462,41.4331,1.87436e-07
0.121583,41.5576,1.87624e-07
0.121705,41.6824,1.87811e-07
0.121827,41.8075,1.87999e-07
0.121948,41.9331,1.88187e-07
0.12207,42.059,1.88375e-07
0.122192,42.1853,1.88564e-07
0.122315,42.312,1.88752e-07
0.122437,42.4391,1.88941e-07
0.122559,42.5665,1.8913e-07
0.122682,42.6943,1.89319e-07
0.122805,42.8225,1.89509e-07
0.122927,42.9511,1.89698e-07
0.12305,43.0801,1.89888e-07
0.123173,43.2095,1.90078e-07
0.123297,43.3392,1.90268e-07
0.12342,43.4694,1.90458e-07
0.123543,43.5999,1.90648e-07
0.123667,43.7309,1.90839e-07
0.123791,43.8622,1.9103e-07
0.123914,43.9939,1.91221e-07
0.124038,44.126,1.91412e-07
0.124162,44.2585,1.91604e-07
0.124286,44.3914,1.91795e-07
0.124411,44.5247,1.91987e-07
0.124535,44.6585,1.92179e-07
0.12466,44.7926,1.92371e-07
0.124784,44.9271,1.92564e-07
0.124909,45.062,1.92756e-07
0.125034,45.1973,1.92949e-07
0.125159,45.333,1.93142e-07
0.125284,45.4692,1.93335e-07
0.12541,45.6057,1.93528e-07
0.125535,45.7427,1.93722e-07
0.12566,45.88,1.93916e-07
0.125786,46.0178,1.94109e-07
0.125912,46.156,1.94304e-07
0.126038,46.2946,1.94498e-07
0.126164,46.4336,1.94692e-07
0.12629,46.5731,1.94887e-07
0.126416,46.7129,1.95082e-07
0.126543,46.8532,1.95277e-07
0.126669,46.9939,1.95472e-07
0.126796,47.135,1.95668e-07
0.126923,47.2766,1.95863e-07
0.12705,47.4186,1.96059e-07
0.127177,47.561,1.96255e-07
0.127304,47.7038,1.96452e-07
0.127431,47.847,1.96648e-07
0.127559,47.9907,1.96845e-07
0.127686,48.1348,1.97042e-07
0.127814,48.2794,1.97239e-07
0.127942,48.4244,1.97436e-07
0.12807,48.5698,1.97633e-07
0.128198,48.7156,1.97831e-07
0.128326,48.8619,1.98029e-07
0.128454,49.0087,1.98227e-07
0.128583,49.1558,1.98425e-07
0.128711,49.3035,1.98623e-07
0.12884,49.4515,1.98822e-07
0.128969,49.6,1.99021e-07
0.129098,49.749,1.9922e-07
0.129227,49.8984,1.99419e-07
0.129356,50.0482,1.99619e-07
0.129485,50.1985,1.99818e-07
0.129615,50.3492,2.00018e-07
0.129745,50.5004,2.00218e-07
0.129874,50.6521,2.00418e-07
0.130004,50.8042,2.00619e-07
0.130134,50.9568,2.00819e-07
0.130264,51.1098,2.0102e-07
0.130395,51.2633,2.01221e-07
0.130525,51.4172,2.01422e-07
0.130656,51.5716,2.01624e-07
0.130786,51.7265,2.01825e-07
0.130917,51.8818,2.02027e-07
0.131048,52.0376,2.02229e-07
0.131179,52.1939,2.02431e-07
0.13131,52.3506,2.02634e-07
0.131441,52.5078,2.02836e-07
0.131573,52.6655,2.03039e-07
0.131704,52.8237,2.03242e-07
0.131836,52.9823,2.03446e-07
0.131968,53.1414,2.03649e-07
0.1321,53.301,2.03853e-07
0.132232,53.4611,2.04057e-07
0.132364,53.6216,2.04261e-07
0.132497,53.7826,2.04465e-07
0.132629,53.9441,2.04669e-07
0.132762,54.1061,2.04874e-07
0.132895,54.2686,2.05079e-07
0.133027,54.4316,2.05284e-07
0.13316,54.595,2.05489e-07
0.133294,54.759,2.05695e-07
0.133427,54.9234,2.059e-07
0.13356,55.0884,2.06106e-07
0.133694,55.2538,2.06312e-07
0.133828,55.4197,2.06519e-07
0.133961,55.5862,2.06725e-07
0.134095,55.7531,2.06932e-07
0.134229,55.9205,2.07139e-07
0.134364,56.0884,2.07346e-07
0.134498,56.2569,2.07553e-07
0.134633,56.4258,2.07761e-07
0.134767,56.5953,2.07969e-07
0.134902,56.7652,2.08177e-07
0.135037,56.9357,2.08385e-07
0.135172,57.1067,2.08593e-07
0.135307,57.2781,2.08802e-07
0.135442,57.4502,2.09011e-07
0.135578,57.6227,2.0922e-07
0.135713,57.7957,2.09429e-07
0.135849,57.9693,2.09638e-07
0.135985,58.1434,2.09848e-07
0.136121,58.318,2.10058e-07
0.136257,58.4931,2.10268e-07
0.136393,58.6687,2.10478e-07
0.13653,58.8449,2.10689e-07
0.136666,59.0216,2.10899e-07
0.136803,59.1989,2.1111e-07
0.13694,59.3767,2.11321e-07
0.137077,59.555,2.11533e-07
0.137214,59.7338,2.11744e-07
0.137351,59.9132,2.11956e-07
0.137488,60.0931,2.12168e-07
0.137626,60.2736,2.1238e-07
0.137763,60.4546,2.12592e-07
0.137901,60.6361,2.12805e-07
0.138039,60.8182,2.13018e-07
0.138177,61.0008,2.13231e-07
0.138315,61.184,2.13444e-07
0.138454,61.3678,2.13657e-07
0.138592,61.5521,2.13871e-07
0.138731,61.7369,2.14085e-07
0.138869,61.9223,2.14299e-07
0.139008,62.1082,2.14513e-07
0.139147,62.2948,2.14728e-07
0.139286,62.4818,2.14943e-07
0.139426,62.6695,2.15158e-07
0.139565,62.8577,2.15373e-07
0.139705,63.0464,2.15588e-07
0.139844,63.2357,2.15804e-07
0.139984,63.4256,2.16019e-07
0.140124,63.6161,2.16236e-07
0.140264,63.8071,2.16452e-07
0.140405,63.9988,2.16668e-07
0.140545,64.1909,2.16885e-07
0.140686,64.3837,2.17102e-07
0.140826,64.5771,2.17319e-07
0.140967,64.771,2.17536e-07
0.141108,64.9655,2.17754e-07
0.141249,65.1606,2.17971e-07
0.14139,65.3563,2.18189e-07
0.141532,65.5525,2.18408e-07
0.141673,65.7494,2.18626e-07
0.141815,65.9468,2.18845e-07
0.141957,66.1449,2.19064e-07
0.142099,66.3435,2.19283e-07
0.142241,66.5427,2.19502e-07
0.142383,66.7426,2.19721e-07
0.142525,66.943,2.19941e-07
0.142668,67.144,2.20161e-07
0.142811,67.3456,2.20381e-07
0.142953,67.5479,2.20602e-07
0.143096,67.7507,2.20822e-07
0.14324,67.9542,2.21043e-07
0.143383,68.1583,2.21264e-07
0.143526,68.3629,2.21485e-07
0.14367,68.5682,2.21707e-07
0.143813,68.7741,2.21928e-07
0.143957,68.9807,2.2215e-07
0.144101,69.1878,2.22373e-07
0.144245,69.3956,2.22595e-07
0.144389,69.604,2.22818e-07
0.144534,69.813,2.2304e-07
0.144678,70.0226,2.23263e-07
0.144823,70.2329,2.23487e-07
0.144968,70.4438,2.2371e-07
0.145113,70.6554,2.23934e-07
0.145258,70.8676,2.24158e-07
0.145403,71.0804,2.24382e-07
0.145549,71.2938,2.24606e-07
0.145694,71.5079,2.24831e-07
0.14584,71.7227,2.25056e-07
0.145986,71.938,2.25281e-07
0.146132,72.1541,2.25506e-07
0.146278,72.3708,2.25732e-07
0.146424,72.5881,2.25957e-07
0.146571,72.8061,2.26183e-07
0.146717,73.0247,2.26409e-07
0.146864,73.244,2.26636e-07
0.147011,73.4639,2.26863e-07
0.147158,73.6846,2.27089e-07
0.147305,73.9058,2.27316e-07
0.147452,74.1278,2.27544e-07
0.1476,74.3504,2.27771e-07
0.147747,74.5737,2.27999e-07
0.147895,74.7976,2.28227e-07
0.148043,75.0222,2.28455e-07
0.148191,75.2475,2.28684e-07
0.148339,75.4735,2.28912e-07
0.148487,75.7001,2.29141e-07
0.148636,75.9274,2.29371e-07
0.148785,76.1555,2.296e-07
0.148933,76.3842,2.29829e-07
0.149082,76.6135,2.30059e-07
0.149231,76.8436,2.30289e-07
0.149381,77.0744,2.3052e-07
0.14953,77.3058,2.3075e-07
0.149679,77.538,2.30981e-07
0.149829,77.7708,2.31212e-07
0.149979,78.0044,2.31443e-07
0.150129,78.2386,2.31675e-07
0.150279,78.4736,2.31906e-07
0.150429,78.7092,2.32138e-07
0.15058,78.9456,2.3237e-07
0.15073,79.1827,2.32603e-07
0.150881,79.4204,2.32835e-07
0.151032,79.6589,2.33068e-07
0.151183,79.8982,2.33301e-07
0.151334,80.1381,2.33534e-07
0.151486,80.3787,2.33768e-07
0.151637,80.6201,2.34002e-07
0.151789,80.8622,2.34236e-07
0.15194,81.1051,2.3447e-07
0.152092,81.3486,2.34704e-07
0.152244,81.5929,2.34939e-07
0.152397,81.8379,2.35174e-07
0.152549,82.0837,2.35409e-07
0.152702,82.3302,2.35645e-07
0.152854,82.5774,2.3588e-07
0.153007,82.8254,2.36116e-07
0.15316,83.0741,2.36352e-07
0.153313,83.3236,2.36589e-07
0.153467,83.5738,2.36825e-07
0.15362,83.8248,2.37062e-07
0.153774,84.0765,2.37299e-07
0.153928,84.329,2.37536e-07
0.154081,84.5822,2.37774e-07
0.154236,84.8362,2.38012e-07
0.15439,85.091,2.3825e-07
0.154544,85.3465,2.38488e-07
0.154699,85.6028,2.38727e-07
0.154853,85.8599,2.38965e-07
0.155008,86.1177,2.39204e-07
0.155163,86.3763,2.39443e-07
0.155318,86.6357,2.39683e-07
0.155474,86.8959,2.39923e-07
0.155629,87.1568,2.40162e-07
0.155785,87.4186,2.40403e-07
0.155941,87.6811,2.40643e-07
0.156097,87.9444,2.40884e-07
0.156253,88.2085,2.41125e-07
0.156409,88.4734,2.41366e-07
0.156565,88.7391,2.41607e-07
0.156722,89.0056,2.41849e-07
0.156879,89.2728,2.42091e-07
0.157036,89.5409,2.42333e-07
0.157193,89.8098,2.42575e-07
0.15735,90.0795,2.42818e-07
0.157507,90.35,2.4306e-07
0.157665,90.6213,2.43303e-07
0.157822,90.8935,2.43547e-07
0.15798,91.1664,2.4379e-07
0.158138,91.4402,2.44034e-07
0.158296,91.7148,2.44278e-07
0.158455,91.9902,2.44522e-07
0.158613,92.2665,2.44767e-07
0.158772,92.5435,2.45012e-07
0.15893,92.8215,2.45257e-07
0.159089,93.1002,2.45502e-07
0.159248,93.3798,2.45747e-07
0.159408,93.6602,2.45993e-07
0.159567,93.9415,2.46239e-07
0.159727,94.2236,2.46485e-07
0.159886,94.5065,2.46732e-07
0.160046,94.7903,2.46979e-07
0.160206,95.075,2.47226e-07
0.160366,95.3605,2.47473e-07
0.160527,95.6469,2.4772e-07
0.160687,95.9341,2.47968e-07
0.160848,96.2222,2.48216e-07
0.161009,96.5111,2.48464e-07
0.16117,96.801,2.48713e-07
0.161331,97.0916,2.48961e-07
0.161492,97.3832,2.4921e-07
0.161654,97.6757,2.4946e-07
0.161816,97.969,2.49709e-07
0.161977,98.2632,2.49959e-07
0.162139,98.5583,2.50209e-07
0.162301,98.8542,2.50459e-07
0.162464,99.1511,2.50709e-07
0.162626,99.4488,2.5096e-07
0.162789,99.7475,2.51211e-07
0.162952,100.047,2.51462e-07
0.163115,100.347,2.51714e-07
0.163278,100.649,2.51965e-07
0.163441,100.951,2.52217e-07
0.163604,101.254,2.5247e-07
0.163768,101.558,2.52722e-07
0.163932,101.863,2.52975e-07
0.164096,102.169,2.53228e-07
0.16426,102.476,2.53481e-07
0.164424,102.784,2.53734e-07
0.164589,103.092,2.53988e-07
0.164753,103.402,2.54242e-07
0.164918,103.712,2.54496e-07
0.165083,104.024,2.54751e-07
0.165248,104.336,2.55006e-07
0.165413,104.65,2.55261e-07
0.165579,104.964,2.55516e-07
0.165744,105.279,2.55771e-07
0.16591,105.595,2.56027e-07
0.166076,105.912,2.56283e-07
0.166242,106.23,2.5654e-07
0.166408,106.549,2.56796e-07
0.166575,106.869,2.57053e-07
0.166741,107.19,2.5731e-07
0.166908,107.512,2.57567e-07
0.167075,107.835,2.57825e-07
0.167242,108.159,2.58083e-07
0.167409,108.484,2.58341e-07
0.167576,108.809,2.58599e-07
0.167744,109.136,2.58858e-07
0.167912,109.464,2.59116e-07
0.16808,109.793,2.59376e-07
0.168248,110.122,2.59635e-07
0.168416,110.453,2.59895e-07
0.168584,110.785,2.60155e-07
0.168753,111.117,2.60415e-07
0.168922,111.451,2.60675e-07
0.169091,111.786,2.60936e-07
0.16926,112.122,2.61197e-07
0.169429,112.458,2.61458e-07
0.169598,112.796,2.61719e-07
0.169768,113.135,2.61981e-07
0.169938,113.474,2.62243e-07
0.170108,113.815,2.62505e-07
0.170278,114.157,2.62768e-07
0.170448,114.5,2.63031e-07
0.170619,114.844,2.63294e-07
0.170789,115.188,2.63557e-07
0.17096,115.534,2.6382e-07
0.171131,115.881,2.64084e-07
0.171302,116.229,2.64348e-07
0.171473,116.578,2.64613e-07
0.171645,116.928,2.64877e-07
0.171817,117.28,2.65142e-07
0.171988,117.632,2.65407e-07
0.17216,117.985,2.65673e-07
0.172332,118.339,2.65938e-07
0.172505,118.695,2.66204e-07
0.172677,119.051,2.66471e-07
0.17285,119.409,2.66737e-07
0.173023,119.767,2.67004e-07
0.173196,120.127,2.67271e-07
0.173369,120.488,2.67538e-07
0.173542,120.849,2.67806e-07
0.173716,121.212,2.68073e-07
0.17389,121.576,2.68341e-07
0.174064,121.941,2.6861e-07
0.174238,122.308,2.68878e-07
0.174412,122.675,2.69147e-07
0.174586,123.043,2.69416e-07
0.174761,123.413,2.69686e-07
0.174936,123.783,2.69956e-07
0.175111,124.155,2.70225e-07
0.175286,124.528,2.70496e-07
0.175461,124.902,2.70766e-07
0.175636,125.277,2.71037e-07
0.175812,125.653,2.71308e-07
0.175988,126.031,2.71579e-07
0.176164,126.409,2.71851e-07
0.17634,126.789,2.72123e-07
0.176516,127.169,2.72395e-07
0.176693,127.551,2.72667e-07
0.17687,127.934,2.7294e-07
0.177046,128.319,2.73213e-07
0.177224,128.704,2.73486e-07
0.177401,129.09,2.7376e-07
0.177578,129.478,2.74033e-07
0.177756,129.867,2.74307e-07
0.177933,130.257,2.74582e-07
0.178111,130.648,2.74856e-07
0.17829,131.04,2.75131e-07
0.178468,131.434,2.75406e-07
0.178646,131.829,2.75682e-07
0.178825,132.224,2.75957e-07
0.179004,132.622,2.76233e-07
0.179183,133.02,2.7651e-07
0.179362,133.419,2.76786e-07
0.179541,133.82,2.77063e-07
0.179721,134.222,2.7734e-07
0.179901,134.625,2.77617e-07
0.18008,135.029,2.77895e-07
0.180261,135.435,2.78173e-07
0.180441,135.841,2.78451e-07
0.180621,136.249,2.78729e-07
0.180802,136.658,2.79008e-07
0.180983,137.069,2.79287e-07
0.181164,137.48,2.79566e-07
0.181345,137.893,2.79846e-07
0.181526,138.307,2.80126e-07
0.181708,138.723,2.80406e-07
0.181889,139.139,2.80686e-07
0.182071,139.557,2.80967e-07
0.182253,139.976,2.81248e-07
0.182436,140.397,2.81529e-07
0.182618,140.818,2.81811e-07
0.182801,141.241,2.82093e-07
0.182983,141.665,2.82375e-07
0.183166,142.091,2.82657e-07
0.18335,142.517,2.8294e-07
0.183533,142.945,2.83223e-07
0.183716,143.375,2.83506e-07
0.1839,143.805,2.83789e-07
0.184084,144.237,2.84073e-07
0.184268,144.67,2.84357e-07
0.184452,145.105,2.84642e-07
0.184637,145.54,2.84926e-07
0.184822,145.977,2.85211e-07
0.185006,146.416,2.85496e-07
0.185191,146.855,2.85782e-07
0.185377,147.296,2.86068e-07
0.185562,147.739,2.86354e-07
0.185748,148.182,2.8664e-07
0.185933,148.627,2.86927e-07
0.186119,149.074,2.87214e-07
0.186305,149.521,2.87501e-07
0.186492,149.97,2.87788e-07
0.186678,150.421,2.88076e-07
0.186865,150.872,2.88364e-07
0.187052,151.326,2.88653e-07
0.187239,151.78,2.88941e-07
0.187426,152.236,2.8923e-07
0.187613,152.693,2.89519e-07
0.187801,153.151,2.89809e-07
0.187989,153.611,2.90099e-07
0.188177,154.073,2.90389e-07
0.188365,154.535,2.90679e-07
0.188553,154.999,2.9097e-07
0.188742,155.465,2.91261e-07
0.188931,155.932,2.91552e-07
0.18912,156.4,2.91844e-07
0.189309,156.87,2.92136e-07
0.189498,157.341,2.92428e-07
0.189687,157.813,2.9272e-07
0.189877,158.287,2.93013e-07
0.190067,158.763,2.93306e-07
0.190257,159.239,2.93599e-07
0.190447,159.717,2.93893e-07
0.190638,160.197,2.94187e-07
0.190828,160.678,2.94481e-07
0.191019,161.161,2.94775e-07
0.19121,161.645,2.9507e-07
0.191401,162.13,2.95365e-07
0.191593,162.617,2.9566e-07
0.191784,163.105,2.95956e-07
0.191976,163.595,2.96252e-07
0.192168,164.086,2.96548e-07
0.19236,164.579,2.96845e-07
0.192553,165.073,2.97142e-07
0.192745,165.569,2.97439e-07
0.192938,166.066,2.97736e-07
0.193131,166.565,2.98034e-07
0.193324,167.065,2.98332e-07
0.193517,167.567,2.9863e-07
0.193711,168.07,2.98929e-07
0.193905,168.575,2.99228e-07
0.194099,169.081,2.99527e-07
0.194293,169.589,2.99827e-07
0.194487,170.098,3.00127e-07
0.194681,170.609,3.00427e-07
0.194876,171.121,3.00727e-07
0.195071,171.635,3.01028e-07
0.195266,172.15,3.01329e-07
0.195461,172.667,3.0163e-07
0.195657,173.186,3.01932e-07
0.195852,173.706,3.02234e-07
0.196048,174.228,3.02536e-07
0.196244,174.751,3.02839e-07
0.196441,175.276,3.03141e-07
0.196637,175.802,3.03445e-07
0.196834,176.33,3.03748e-07
0.197031,176.859,3.04052e-07
0.197228,177.391,3.04356e-07
0.197425,177.923,3.0466e-07
0.197622,178.458,3.04965e-07
0.19782,178.994,3.0527e-07
0.198018,179.531,3.05575e-07
0.198216,180.07,3.05881e-07
0.198414,180.611,3.06186e-07
0.198612,181.153,3.06493e-07
0.198811,181.697,3.06799e-07
0.19901,182.243,3.07106e-07
0.199209,182.79,3.07413e-07
0.199408,183.339,3.0772e-07
0.199607,183.89,3.08028e-07
0.199807,184.442,3.08336e-07
0.200007,184.996,3.08645e-07
0.200207,185.551,3.08953e-07
0.200407,186.109,3.09262e-07
0.200607,186.667,3.09571e-07
0.200808,187.228,3.09881e-07
0.201009,187.79,3.10191e-07
0.20121,188.354,3.10501e-07
0.201411,188.92,3.10812e-07
0.201612,189.487,3.11122e-07
0.201814,190.056,3.11433e-07
0.202016,190.627,3.11745e-07
0.202218,191.199,3.12057e-07
0.20242,191.774,3.12369e-07
0.202623,192.349,3.12681e-07
0.202825,192.927,3.12994e-07
0.203028,193.506,3.13307e-07
0.203231,194.087,3.1362e-07
0.203434,194.67,3.13934e-07
0.203638,195.255,3.14248e-07
0.203841,195.841,3.14562e-07
0.204045,196.429,3.14876e-07
0.204249,197.019,3.15191e-07
0.204453,197.611,3.15507e-07
0.204658,198.204,3.15822e-07
0.204863,198.8,3.16138e-07
0.205067,199.397,3.16454e-07
0.205272,199.995,3.1677e-07
0.205478,200.596,3.17087e-07
0.205683,201.198,3.17404e-07
0.205889,201.803,3.17722e-07
0.206095,202.409,3.18039e-07
0.206301,203.016,3.18357e-07
0.206507,203.626,3.18676e-07
0.206714,204.238,3.18994e-07
0.20692,204.851,3.19313e-07
0.207127,205.466,3.19633e-07
0.207334,206.083,3.19952e-07
0.207542,206.702,3.20272e-07
0.207749,207.323,3.20593e-07
0.207957,207.945,3.20913e-07
0.208165,208.57,3.21234e-07
0.208373,209.196,3.21555e-07
0.208582,209.824,3.21877e-07
0.20879,210.454,3.22199e-07
0.208999,211.086,3.22521e-07
0.209208,211.72,3.22844e-07
0.209417,212.356,3.23166e-07
0.209627,212.994,3.2349e-07
0.209836,213.633,3.23813e-07
0.210046,214.275,3.24137e-07
0.210256,214.918,3.24461e-07
0.210466,215.564,3.24785e-07
0.210677,216.211,3.2511e-07
0.210887,216.86,3.25435e-07
0.211098,217.512,3.25761e-07
0.211309,218.165,3.26087e-07
0.211521,218.82,3.26413e-07
0.211732,219.477,3.26739e-07
0.211944,220.136,3.27066e-07
0.212156,220.797,3.27393e-07
0.212368,221.46,3.2772e-07
0.212581,222.125,3.28048e-07
0.212793,222.792,3.28376e-07
0.213006,223.461,3.28704e-07
0.213219,224.132,3.29033e-07
0.213432,224.806,3.29362e-07
0.213646,225.481,3.29691e-07
0.213859,226.158,3.30021e-07
0.214073,226.837,3.30351e-07
0.214287,227.518,3.30682e-07
0.214501,228.201,3.31012e-07
0.214716,228.887,3.31343e-07
0.214931,229.574,3.31675e-07
0.215146,230.263,3.32006e-07
0.215361,230.955,3.32338e-07
0.215576,231.648,3.32671e-07
0.215792,232.344,3.33003e-07
0.216007,233.042,3.33336e-07
0.216223,233.742,3.3367e-07
0.21644,234.444,3.34003e-07
0.216656,235.148,3.34337e-07
0.216873,235.854,3.34672e-07
0.21709,236.562,3.35006e-07
0.217307,237.272,3.35341e-07
0.217524,237.985,3.35677e-07
0.217742,238.7,3.36012e-07
0.217959,239.416,3.36348e-07
0.218177,240.135,3.36685e-07
0.218395,240.856,3.37021e-07
0.218614,241.58,3.37358e-07
0.218832,242.305,3.37696e-07
0.219051,243.033,3.38033e-07
0.21927,243.763,3.38371e-07
0.21949,244.495,3.3871e-07
0.219709,245.229,3.39049e-07
0.219929,245.965,3.39388e-07
0.220149,246.704,3.39727e-07
0.220369,247.445,3.40067e-07
0.220589,248.188,3.40407e-07
0.22081,248.933,3.40747e-07
0.221031,249.681,3.41088e-07
0.221252,250.431,3.41429e-07
0.221473,251.183,3.4177e-07
0.221694,251.937,3.42112e-07
0.221916,252.693,3.42454e-07
0.222138,253.452,3.42797e-07
0.22236,254.213,3.4314e-07
0.222582,254.977,3.43483e-07
0.222805,255.743,3.43826e-07
0.223028,256.511,3.4417e-07
0.223251,257.281,3.44514e-07
0.223474,258.053,3.44859e-07
0.223698,258.828,3.45204e-07
0.223921,259.606,3.45549e-07
0.224145,260.385,3.45894e-07
0.224369,261.167,3.4624e-07
0.224594,261.951,3.46586e-07
0.224818,262.738,3.46933e-07
0.225043,263.527,3.4728e-07
0.225268,264.318,3.47627e-07
0.225493,265.112,3.47975e-07
0.225719,265.908,3.48323e-07
0.225945,266.707,3.48671e-07
0.226171,267.508,3.4902e-07
0.226397,268.311,3.49369e-07
0.226623,269.117,3.49718e-07
0.22685,269.925,3.50068e-07
0.227077,270.736,3.50418e-07
0.227304,271.549,3.50768e-07
0.227531,272.364,3.51119e-07
0.227759,273.182,3.5147e-07
0.227986,274.002,3.51822e-07
0.228214,274.825,3.52174e-07
0.228443,275.65,3.52526e-07
0.228671,276.478,3.52878e-07
0.2289,277.309,3.53231e-07
0.229129,278.141,3.53584e-07
0.229358,278.977,3.53938e-07
0.229587,279.814,3.54292e-07
0.229817,280.655,3.54646e-07
0.230046,281.497,3.55001e-07
0.230277,282.343,3.55356e-07
0.230507,283.191,3.55711e-07
0.230737,284.041,3.56067e-07
0.230968,284.894,3.56423e-07
0.231199,285.75,3.56779e-07
0.23143,286.608,3.57136e-07
0.231662,287.468,3.57493e-07
0.231893,288.332,3.57851e-07
0.232125,289.197,3.58209e-07
0.232357,290.066,3.58567e-07
0.23259,290.937,3.58925e-07
0.232822,291.811,3.59284e-07
0.233055,292.687,3.59644e-07
0.233288,293.566,3.60003e-07
0.233521,294.447,3.60363e-07
0.233755,295.332,3.60724e-07
0.233989,296.219,3.61084e-07
0.234223,297.108,3.61446e-07
0.234457,298,3.61807e-07
0.234691,298.895,3.62169e-07
0.234926,299.793,3.62531e-07
0.235161,300.693,3.62893e-07
0.235396,301.596,3.63256e-07
0.235632,302.502,3.6362e-07
0.235867,303.41,3.63983e-07
0.236103,304.321,3.64347e-07
0.236339,305.235,3.64712e-07
0.236575,306.152,3.65076e-07
0.236812,307.071,3.65441e-07
0.237049,307.993,3.65807e-07
0.237286,308.918,3.66173e-07
0.237523,309.846,3.66539e-07
0.237761,310.776,3.66905e-07
0.237998,311.71,3.67272e-07
0.238236,312.646,3.67639e-07
0.238475,313.585,3.68007e-07
0.238713,314.526,3.68375e-07
0.238952,315.471,3.68744e-07
0.239191,316.418,3.69112e-07
0.23943,317.368,3.69481e-07
0.239669,318.321,3.69851e-07
0.239909,319.277,3.70221e-07
0.240149,320.236,3.70591e-07
0.240389,321.198,3.70962e-07
0.24063,322.162,3.71332e-07
0.24087,323.13,3.71704e-07
0.241111,324.1,3.72076e-07
0.241352,325.073,3.72448e-07
0.241594,326.05,3.7282e-07
0.241835,327.029,3.73193e-07
0.242077,328.011,3.73566e-07
0.242319,328.996,3.7394e-07
0.242561,329.984,3.74314e-07
0.242804,330.975,3.74688e-07
0.243047,331.969,3.75063e-07
0.24329,332.966,3.75438e-07
0.243533,333.966,3.75813e-07
0.243777,334.968,3.76189e-07
0.24402,335.974,3.76565e-07
0.244264,336.983,3.76942e-07
0.244509,337.995,3.77319e-07
0.244753,339.01,3.77696e-07
0.244998,340.028,3.78074e-07
0.245243,341.049,3.78452e-07
0.245488,342.074,3.7883e-07
0.245734,343.101,3.79209e-07
0.245979,344.131,3.79588e-07
0.246225,345.165,3.79968e-07
0.246472,346.201,3.80348e-07
0.246718,347.241,3.80728e-07
0.246965,348.283,3.81109e-07
0.247212,349.329,3.8149e-07
0.247459,350.378,3.81871e-07
0.247706,351.431,3.82253e-07
0.247954,352.486,3.82636e-07
0.248202,353.544,3.83018e-07
0.24845,354.606,3.83401e-07
0.248699,355.671,3.83785e-07
0.248947,356.739,3.84168e-07
0.249196,357.81,3.84553e-07
0.249446,358.885,3.84937e-07
0.249695,359.963,3.85322e-07
0.249945,361.044,3.85707e-07
0.250195,362.128,3.86093e-07
0.250445,363.215,3.86479e-07
0.250695,364.306,3.86866e-07
0.250946,365.4,3.87252e-07
0.251197,366.497,3.8764e-07
0.251448,367.598,3.88027e-07
0.2517,368.702,3.88415e-07
0.251951,369.809,3.88804e-07
0.252203,370.92,3.89193e-07
0.252455,372.033,3.89582e-07
0.252708,373.151,3.89971e-07
0.252961,374.271,3.90361e-07
0.253214,375.395,3.90752e-07
0.253467,376.522,3.91142e-07
0.25372,377.653,3.91534e-07
0.253974,378.787,3.91925e-07
0.254228,379.925,3.92317e-07
0.254482,381.066,3.92709e-07
0.254737,382.21,3.93102e-07
0.254991,383.358,3.93495e-07
0.255246,384.509,3.93889e-07
0.255502,385.664,3.94283e-07
0.255757,386.822,3.94677e-07
0.256013,387.983,3.95072e-07
0.256269,389.149,3.95467e-07
0.256525,390.317,3.95862e-07
0.256782,391.489,3.96258e-07
0.257038,392.665,3.96654e-07
0.257296,393.844,3.97051e-07
0.257553,395.027,3.97448e-07
0.25781,396.213,3.97845e-07
0.258068,397.403,3.98243e-07
0.258326,398.596,3.98641e-07
0.258585,399.793,3.9904e-07
0.258843,400.994,3.99439e-07
0.259102,402.198,3.99839e-07
0.259361,403.406,4.00238e-07
0.25962,404.617,4.00639e-07
0.25988,405.832,4.01039e-07
0.26014,407.051,4.0144e-07
0.2604,408.274,4.01842e-07
0.260661,409.5,4.02244e-07
0.260921,410.729,4.02646e-07
0.261182,411.963,4.03048e-07
0.261443,413.2,4.03452e-07
0.261705,414.441,4.03855e-07
0.261966,415.685,4.04259e-07
0.262228,416.934,4.04663e-07
0.262491,418.186,4.05068e-07
0.262753,419.441,4.05473e-07
0.263016,420.701,4.05878e-07
0.263279,421.964,4.06284e-07
0.263542,423.232,4.0669e-07
0.263806,424.502,4.07097e-07
0.26407,425.777,4.07504e-07
0.264334,427.056,4.07912e-07
0.264598,428.338,4.0832e-07
0.264863,429.625,4.08728e-07
0.265127,430.915,4.09137e-07
0.265392,432.209,4.09546e-07
0.265658,433.507,4.09955e-07
0.265924,434.809,4.10365e-07
0.266189,436.114,4.10776e-07
0.266456,437.424,4.11186e-07
0.266722,438.738,4.11598e-07
0.266989,440.055,4.12009e-07
0.267256,441.377,4.12421e-07
0.267523,442.702,4.12834e-07
0.267791,444.031,4.13247e-07
0.268058,445.365,4.1366e-07
0.268326,446.702,4.14073e-07
0.268595,448.044,4.14488e-07
0.268863,449.389,4.14902e-07
0.269132,450.739,4.15317e-07
0.269401,452.092,4.15732e-07
0.269671,453.45,4.16148e-07
0.26994,454.812,4.16564e-07
0.27021,456.177,4.16981e-07
0.270481,457.547,4.17398e-07
0.270751,458.921,4.17815e-07
0.271022,460.299,4.18233e-07
0.271293,461.682,4.18651e-07
0.271564,463.068,4.1907e-07
0.271836,464.459,4.19489e-07
0.272108,465.854,4.19908e-07
0.27238,467.253,4.20328e-07
0.272652,468.656,4.20749e-07
0.272925,470.063,4.21169e-07
0.273198,471.475,4.2159e-07
0.273471,472.891,4.22012e-07
0.273744,474.311,4.22434e-07
0.274018,475.735,4.22857e-07
0.274292,477.164,4.23279e-07
0.274566,478.597,4.23703e-07
0.274841,480.034,4.24126e-07
0.275116,481.475,4.2455e-07
0.275391,482.921,4.24975e-07
0.275666,484.371,4.254e-07
0.275942,485.826,4.25825e-07
0.276218,487.285,4.26251e-07
0.276494,488.748,4.26677e-07
0.276771,490.216,4.27104e-07
0.277047,491.688,4.27531e-07
0.277324,493.165,4.27959e-07
0.277602,494.646,4.28387e-07
0.277879,496.131,4.28815e-07
0.278157,497.621,4.29244e-07
0.278435,499.115,4.29673e-07
0.278714,500.614,4.30103e-07
0.278992,502.117,4.30533e-07
0.279271,503.625,4.30963e-07
0.279551,505.138,4.31394e-07
0.27983,506.655,4.31826e-07
0.28011,508.176,4.32258e-07
0.28039,509.702,4.3269e-07
0.280671,511.233,4.33123e-07
0.280951,512.768,4.33556e-07
0.281232,514.308,4.33989e-07
0.281513,515.852,4.34423e-07
0.281795,517.401,4.34858e-07
0.282077,518.955,4.35293e-07
0.282359,520.514,4.35728e-07
0.282641,522.077,4.36164e-07
0.282924,523.644,4.366e-07
0.283207,525.217,4.37036e-07
0.28349,526.794,4.37473e-07
0.283773,528.376,4.37911e-07
0.284057,529.963,4.38349e-07
0.284341,531.554,4.38787e-07
0.284626,533.151,4.39226e-07
0.28491,534.752,4.39665e-07
0.285195,536.357,4.40105e-07
0.28548,537.968,4.40545e-07
0.285766,539.584,4.40985e-07
0.286052,541.204,4.41426e-07
0.286338,542.829,4.41868e-07
0.286624,544.459,4.4231e-07
0.286911,546.094,4.42752e-07
0.287198,547.734,4.43195e-07
0.287485,549.379,4.43638e-07
0.287772,551.029,4.44082e-07
0.28806,552.684,4.44526e-07
0.288348,554.343,4.4497e-07
0.288636,556.008,4.45415e-07
0.288925,557.678,4.45861e-07
0.289214,559.353,4.46306e-07
0.289503,561.032,4.46753e-07
0.289793,562.717,4.472e-07
0.290083,564.407,4.47647e-07
0.290373,566.102,4.48094e-07
0.290663,567.802,4.48542e-07
0.290954,569.507,4.48991e-07
0.291245,571.217,4.4944e-07
0.291536,572.933,4.49889e-07
0.291827,574.653,4.50339e-07
0.292119,576.379,4.5079e-07
0.292411,578.11,4.5124e-07
0.292704,579.846,4.51692e-07
0.292996,581.587,4.52143e-07
0.293289,583.333,4.52596e-07
0.293583,585.085,4.53048e-07
0.293876,586.842,4.53501e-07
0.29417,588.604,4.53955e-07
0.294464,590.372,4.54409e-07
0.294759,592.145,4.54863e-07
0.295054,593.923,4.55318e-07
0.295349,595.707,4.55773e-07
0.295644,597.496,4.56229e-07
0.29594,599.29,4.56685e-07
0.296236,601.09,4.57142e-07
0.296532,602.895,4.57599e-07
0.296828,604.705,4.58057e-07
0.297125,606.521,4.58515e-07
0.297422,608.342,4.58973e-07
0.29772,610.169,4.59432e-07
0.298017,612.002,4.59892e-07
0.298315,613.839,4.60352e-07
0.298614,615.683,4.60812e-07
0.298912,617.532,4.61273e-07
0.299211,619.386,4.61734e-07
0.29951,621.246,4.62196e-07
0.29981,623.112,4.62658e-07
0.30011,624.983,4.63121e-07
0.30041,626.86,4.63584e-07
0.30071,628.742,4.64047e-07
0.301011,630.63,4.64511e-07
0.301312,632.524,4.64976e-07
0.301613,634.424,4.65441e-07
0.301915,636.329,4.65906e-07
0.302217,638.24,4.66372e-07
0.302519,640.156,4.66839e-07
0.302822,642.079,4.67305e-07
0.303124,644.007,4.67773e-07
0.303428,645.941,4.6824e-07
0.303731,647.881,4.68709e-07
0.304035,649.826,4.69177e-07
0.304339,651.778,4.69647e-07
0.304643,653.735,4.70116e-07
0.304948,655.698,4.70586e-07
0.305253,657.667,4.71057e-07
0.305558,659.642,4.71528e-07
0.305863,661.623,4.71999e-07
0.306169,663.61,4.72471e-07
0.306476,665.603,4.72944e-07
0.306782,667.602,4.73417e-07
0.307089,669.606,4.7389e-07
0.307396,671.617,4.74364e-07
0.307703,673.634,4.74839e-07
0.308011,675.657,4.75313e-07
0.308319,677.686,4.75789e-07
0.308627,679.721,4.76265e-07
0.308936,681.762,4.76741e-07
0.309245,683.81,4.77218e-07
0.309554,685.863,4.77695e-07
0.309864,687.923,4.78172e-07
0.310174,689.989,4.78651e-07
0.310484,692.061,4.79129e-07
0.310794,694.139,4.79608e-07
0.311105,696.223,4.80088e-07
0.311416,698.314,4.80568e-07
0.311728,700.411,4.81049e-07
0.312039,702.514,4.8153e-07
0.312351,704.624,4.82011e-07
0.312664,706.74,4.82493e-07
0.312976,708.862,4.82976e-07
0.313289,710.991,4.83459e-07
0.313603,713.126,4.83942e-07
0.313916,715.268,4.84426e-07
0.31423,717.416,4.84911e-07
0.314544,719.57,4.85395e-07
0.314859,721.731,4.85881e-07
0.315174,723.898,4.86367e-07
0.315489,726.072,4.86853e-07
0.315804,728.253,4.8734e-07
0.31612,730.44,4.87827e-07
0.316436,732.633,4.88315e-07
0.316753,734.833,4.88803e-07
0.317069,737.04,4.89292e-07
0.317387,739.253,4.89782e-07
0.317704,741.473,4.90271e-07
0.318022,743.7,4.90762e-07
0.31834,745.933,4.91252e-07
0.318658,748.173,4.91744e-07
0.318977,750.42,4.92235e-07
0.319296,752.673,4.92728e-07
0.319615,754.934,4.9322e-07
0.319935,757.201,4.93714e-07
0.320254,759.475,4.94207e-07
0.320575,761.755,4.94701e-07
0.320895,764.043,4.95196e-07
0.321216,766.337,4.95691e-07
0.321537,768.639,4.96187e-07
0.321859,770.947,4.96683e-07
0.322181,773.262,4.9718e-07
0.322503,775.584,4.97677e-07
0.322825,777.913,4.98175e-07
0.323148,780.249,4.98673e-07
0.323471,782.592,4.99172e-07
0.323795,784.943,4.99671e-07
0.324119,787.3,5.0017e-07
0.324443,789.664,5.00671e-07
0.324767,792.035,5.01171e-07
0.325092,794.414,5.01672e-07
0.325417,796.799,5.02174e-07
0.325743,799.192,5.02676e-07
0.326068,801.592,5.03179e-07
0.326394,803.999,5.03682e-07
0.326721,806.414,5.04186e-07
0.327048,808.835,5.0469e-07
0.327375,811.264,5.05195e-07
0.327702,813.701,5.057e-07
0.32803,816.144,5.06206e-07
0.328358,818.595,5.06712e-07
0.328686,821.053,5.07219e-07
0.329015,823.519,5.07726e-07
0.329344,825.992,5.08233e-07
0.329673,828.472,5.08742e-07
0.330003,830.96,5.0925e-07
0.330333,833.456,5.0976e-07
0.330663,835.959,5.10269e-07
0.330994,838.469,5.1078e-07
0.331325,840.987,5.11291e-07
0.331656,843.512,5.11802e-07
0.331988,846.045,5.12314e-07
0.33232,848.586,5.12826e-07
0.332652,851.134,5.13339e-07
0.332985,853.69,5.13852e-07
0.333318,856.254,5.14366e-07
0.333651,858.825,5.1488e-07
0.333985,861.404,5.15395e-07
0.334319,863.991,5.15911e-07
0.334653,866.586,5.16426e-07
0.334988,869.188,5.16943e-07
0.335323,871.798,5.1746e-07
0.335658,874.416,5.17977e-07
0.335994,877.042,5.18495e-07
0.33633,879.676,5.19014e-07
0.336666,882.318,5.19533e-07
0.337003,884.967,5.20052e-07
0.33734,887.625,5.20572e-07
0.337677,890.29,5.21093e-07
0.338015,892.964,5.21614e-07
0.338353,895.645,5.22136e-07
0.338691,898.335,5.22658e-07
0.33903,901.033,5.2318e-07
0.339369,903.739,5.23704e-07
0.339708,906.452,5.24227e-07
0.340048,909.175,5.24752e-07
0.340388,911.905,5.25276e-07
0.340728,914.643,5.25802e-07
0.341069,917.39,5.26327e-07
0.34141,920.145,5.26854e-07
0.341751,922.908,5.27381e-07
0.342093,925.68,5.27908e-07
0.342435,928.459,5.28436e-07
0.342778,931.248,5.28964e-07
0.34312,934.044,5.29493e-07
0.343464,936.849,5.30023e-07
0.343807,939.662,5.30553e-07
0.344151,942.484,5.31083e-07
0.344495,945.314,5.31614e-07
0.344839,948.153,5.32146e-07
0.345184,951.001,5.32678e-07
0.345529,953.856,5.33211e-07
0.345875,956.721,5.33744e-07
0.346221,959.594,5.34278e-07
0.346567,962.475,5.34812e-07
0.346914,965.366,5.35347e-07
0.347261,968.265,5.35882e-07
0.347608,971.173,5.36418e-07
0.347955,974.089,5.36955e-07
0.348303,977.014,5.37492e-07
0.348652,979.948,5.38029e-07
0.349,982.891,5.38567e-07
0.349349,985.843,5.39106e-07
0.349699,988.803,5.39645e-07
0.350048,991.772,5.40184e-07
0.350398,994.751,5.40725e-07
0.350749,997.738,5.41265e-07
0.3511,1000.73,5.41807e-07
0.351451,1003.74,5.42348e-07
0.351802,1006.75,5.42891e-07
0.352154,1009.78,5.43434e-07
0.352506,1012.81,5.43977e-07
0.352859,1015.85,5.44521e-07
0.353211,1018.9,5.45065e-07
0.353565,1021.96,5.45611e-07
0.353918,1025.03,5.46156e-07
0.354272,1028.11,5.46702e-07
0.354626,1031.2,5.47249e-07
0.354981,1034.29,5.47796e-07
0.355336,1037.4,5.48344e-07
0.355691,1040.51,5.48892e-07
0.356047,1043.64,5.49441e-07
0.356403,1046.77,5.49991e-07
0.35676,1049.92,5.50541e-07
0.357116,1053.07,5.51091e-07
0.357473,1056.23,5.51642e-07
0.357831,1059.4,5.52194e-07
0.358189,1062.58,5.52746e-07
0.358547,1065.78,5.53299e-07
0.358905,1068.98,5.53852e-07
0.359264,1072.19,5.54406e-07
0.359624,1075.41,5.54961e-07
0.359983,1078.64,5.55515e-07
0.360343,1081.87,5.56071e-07
0.360704,1085.12,5.56627e-07
0.361064,1088.38,5.57184e-07
0.361425,1091.65,5.57741e-07
0.361787,1094.93,5.58299e-07
0.362149,1098.22,5.58857e-07
0.362511,1101.51,5.59416e-07
0.362873,1104.82,5.59975e-07
0.363236,1108.14,5.60535e-07
0.363599,1111.47,5.61096e-07
0.363963,1114.81,5.61657e-07
0.364327,1118.15,5.62218e-07
0.364691,1121.51,5.62781e-07
0.365056,1124.88,5.63343e-07
0.365421,1128.26,5.63907e-07
0.365786,1131.65,5.64471e-07
0.366152,1135.04,5.65035e-07
0.366518,1138.45,5.656e-07
0.366885,1141.87,5.66166e-07
0.367252,1145.3,5.66732e-07
0.367619,1148.74,5.67299e-07
0.367987,1152.19,5.67866e-07
0.368355,1155.65,5.68434e-07
0.368723,1159.12,5.69002e-07
0.369092,1162.6,5.69571e-07
0.369461,1166.09,5.70141e-07
0.36983,1169.59,5.70711e-07
0.3702,1173.11,5.71282e-07
0.37057,1176.63,5.71853e-07
0.370941,1180.16,5.72425e-07
0.371312,1183.71,5.72997e-07
0.371683,1187.26,5.7357e-07
0.372055,1190.83,5.74144e-07
0.372427,1194.4,5.74718e-07
0.372799,1197.99,5.75293e-07
0.373172,1201.59,5.75868e-07
0.373545,1205.19,5.76444e-07
0.373919,1208.81,5.7702e-07
0.374293,1212.44,5.77597e-07
0.374667,1216.08,5.78175e-07
0.375042,1219.74,5.78753e-07
0.375417,1223.4,5.79332e-07
0.375792,1227.07,5.79911e-07
0.376168,1230.76,5.80491e-07
0.376544,1234.45,5.81072e-07
0.376921,1238.16,5.81653e-07
0.377297,1241.88,5.82234e-07
0.377675,1245.61,5.82817e-07
0.378052,1249.35,5.83399e-07
0.378431,1253.1,5.83983e-07
0.378809,1256.86,5.84567e-07
0.379188,1260.64,5.85151e-07
0.379567,1264.42,5.85736e-07
0.379947,1268.22,5.86322e-07
0.380326,1272.03,5.86909e-07
0.380707,1275.85,5.87495e-07
0.381087,1279.68,5.88083e-07
0.381469,1283.52,5.88671e-07
0.38185,1287.38,5.8926e-07
0.382232,1291.24,5.89849e-07
0.382614,1295.12,5.90439e-07
0.382997,1299.01,5.91029e-07
0.38338,1302.91,5.9162e-07
0.383763,1306.82,5.92212e-07
0.384147,1310.75,5.92804e-07
0.384531,1314.69,5.93397e-07
0.384916,1318.63,5.9399e-07
0.3853,1322.59,5.94584e-07
0.385686,1326.57,5.95179e-07
0.386071,1330.55,5.95774e-07
0.386458,1334.54,5.9637e-07
0.386844,1338.55,5.96966e-07
0.387231,1342.57,5.97563e-07
0.387618,1346.6,5.98161e-07
0.388006,1350.65,5.98759e-07
0.388394,1354.7,5.99358e-07
0.388782,1358.77,5.99957e-07
0.389171,1362.85,6.00557e-07
0.38956,1366.94,6.01158e-07
0.38995,1371.05,6.01759e-07
0.39034,1375.17,6.0236e-07
0.39073,1379.3,6.02963e-07
0.391121,1383.44,6.03566e-07
0.391512,1387.59,6.04169e-07
0.391903,1391.76,6.04773e-07
0.392295,1395.94,6.05378e-07
0.392687,1400.13,6.05984e-07
0.39308,1404.34,6.0659e-07
0.393473,1408.55,6.07196e-07
0.393867,1412.78,6.07803e-07
0.394261,1417.03,6.08411e-07
0.394655,1421.28,6.0902e-07
0.395049,1425.55,6.09629e-07
0.395445,1429.83,6.10238e-07
0.39584,1434.12,6.10849e-07
0.396236,1438.43,6.11459e-07
0.396632,1442.75,6.12071e-07
0.397029,1447.08,6.12683e-07
0.397426,1451.43,6.13296e-07
0.397823,1455.79,6.13909e-07
0.398221,1460.16,6.14523e-07
0.398619,1464.54,6.15137e-07
0.399018,1468.94,6.15752e-07
0.399417,1473.35,6.16368e-07
0.399816,1477.78,6.16985e-07
0.400216,1482.21,6.17602e-07
0.400616,1486.67,6.18219e-07
0.401017,1491.13,6.18837e-07
0.401418,1495.61,6.19456e-07
0.401819,1500.1,6.20076e-07
0.402221,1504.6,6.20696e-07
0.402623,1509.12,6.21316e-07
0.403026,1513.65,6.21938e-07
0.403429,1518.2,6.2256e-07
0.403832,1522.76,6.23182e-07
0.404236,1527.33,6.23805e-07
0.40464,1531.92,6.24429e-07
0.405045,1536.52,6.25054e-07
0.40545,1541.13,6.25679e-07
0.405856,1545.76,6.26304e-07
0.406261,1550.4,6.26931e-07
0.406668,1555.06,6.27558e-07
0.407074,1559.73,6.28185e-07
0.407481,1564.41,6.28813e-07
0.407889,1569.11,6.29442e-07
0.408297,1573.82,6.30072e-07
0.408705,1578.55,6.30702e-07
0.409114,1583.29,6.31332e-07
0.409523,1588.04,6.31964e-07
0.409932,1592.81,6.32596e-07
0.410342,1597.6,6.33228e-07
0.410753,1602.39,6.33862e-07
0.411164,1607.21,6.34495e-07
0.411575,1612.03,6.3513e-07
0.411986,1616.87,6.35765e-07
0.412398,1621.73,6.36401e-07
0.412811,1626.6,6.37037e-07
0.413223,1631.48,6.37674e-07
0.413637,1636.38,6.38312e-07
0.41405,1641.3,6.3895e-07
0.414464,1646.23,6.39589e-07
0.414879,1651.17,6.40229e-07
0.415294,1656.13,6.40869e-07
0.415709,1661.1,6.4151e-07
0.416125,1666.09,6.42151e-07
0.416541,1671.09,6.42794e-07
0.416957,1676.11,6.43436e-07
0.417374,1681.14,6.4408e-07
0.417792,1686.19,6.44724e-07
0.41821,1691.26,6.45369e-07
0.418628,1696.33,6.46014e-07
0.419046,1701.43,6.4666e-07
0.419465,1706.54,6.47307e-07
0.419885,1711.66,6.47954e-07
0.420305,1716.8,6.48602e-07
0.420725,1721.96,6.4925e-07
0.421146,1727.13,6.499e-07
0.421567,1732.32,6.5055e-07
0.421988,1737.52,6.512e-07
0.42241,1742.74,6.51851e-07
0.422833,1747.97,6.52503e-07
0.423256,1753.22,6.53156e-07
0.423679,1758.48,6.53809e-07
0.424103,1763.76,6.54463e-07
0.424527,1769.06,6.55117e-07
0.424951,1774.37,6.55772e-07
0.425376,1779.7,6.56428e-07
0.425802,1785.05,6.57084e-07
0.426227,1790.41,6.57742e-07
0.426654,1795.78,6.58399e-07
0.42708,1801.18,6.59058e-07
0.427507,1806.59,6.59717e-07
0.427935,1812.01,6.60376e-07
0.428363,1817.45,6.61037e-07
0.428791,1822.91,6.61698e-07
0.42922,1828.38,6.6236e-07
0.429649,1833.87,6.63022e-07
0.430079,1839.38,6.63685e-07
0.430509,1844.91,6.64349e-07
0.430939,1850.45,6.65013e-07
0.43137,1856,6.65678e-07
0.431802,1861.58,6.66344e-07
0.432234,1867.17,6.6701e-07
0.432666,1872.77,6.67677e-07
0.433098,1878.4,6.68345e-07
0.433532,1884.04,6.69013e-07
0.433965,1889.7,6.69682e-07
0.434399,1895.37,6.70352e-07
0.434833,1901.06,6.71022e-07
0.435268,1906.77,6.71693e-07
0.435704,1912.5,6.72365e-07
0.436139,1918.24,6.73037e-07
0.436575,1924,6.7371e-07
0.437012,1929.78,6.74384e-07
0.437449,1935.57,6.75058e-07
0.437886,1941.39,6.75733e-07
0.438324,1947.22,6.76409e-07
0.438763,1953.06,6.77085e-07
0.439201,1958.93,6.77763e-07
0.439641,1964.81,6.7844e-07
0.44008,1970.71,6.79119e-07
0.44052,1976.63,6.79798e-07
0.440961,1982.57,6.80478e-07
0.441402,1988.52,6.81158e-07
0.441843,1994.49,6.81839e-07
0.442285,2000.48,6.82521e-07
0.442727,2006.49,6.83204e-07
0.44317,2012.51,6.83887e-07
0.443613,2018.56,6.84571e-07
0.444057,2024.62,6.85255e-07
0.444501,2030.7,6.85941e-07
0.444945,2036.8,6.86627e-07
0.44539,2042.91,6.87313e-07
0.445836,2049.05,6.88e-07
0.446282,2055.2,6.88688e-07
0.446728,2061.37,6.89377e-07
0.447175,2067.56,6.90067e-07
0.447622,2073.77,6.90757e-07
0.448069,2080,6.91447e-07
0.448517,2086.25,6.92139e-07
0.448966,2092.51,6.92831e-07
0.449415,2098.8,6.93524e-07
0.449864,2105.1,6.94217e-07
0.450314,2111.42,6.94912e-07
0.450765,2117.76,6.95606e-07
0.451215,2124.12,6.96302e-07
0.451666,2130.5,6.96998e-07
0.452118,2136.9,6.97695e-07
0.45257,2143.31,6.98393e-07
0.453023,2149.75,6.99091e-07
0.453476,2156.21,6.99791e-07
0.453929,2162.68,7.0049e-07
0.454383,2169.18,7.01191e-07
0.454838,2175.69,7.01892e-07
0.455292,2182.22,7.02594e-07
0.455748,2188.78,7.03296e-07
0.456204,2195.35,7.04e-07
0.45666,2201.94,7.04704e-07
0.457116,2208.55,7.05408e-07
0.457574,2215.19,7.06114e-07
0.458031,2221.84,7.0682e-07
0.458489,2228.51,7.07527e-07
0.458948,2235.2,7.08234e-07
0.459407,2241.92,7.08943e-07
0.459866,2248.65,7.09652e-07
0.460326,2255.4,7.10361e-07
0.460786,2262.17,7.11072e-07
0.461247,2268.97,7.11783e-07
0.461708,2275.78,7.12494e-07
0.46217,2282.61,7.13207e-07
0.462632,2289.47,7.1392e-07
0.463095,2296.34,7.14634e-07
0.463558,2303.24,7.15349e-07
0.464021,2310.16,7.16064e-07
0.464485,2317.09,7.1678e-07
0.46495,2324.05,7.17497e-07
0.465415,2331.03,7.18214e-07
0.46588,2338.03,7.18933e-07
0.466346,2345.05,7.19651e-07
0.466812,2352.1,7.20371e-07
0.467279,2359.16,7.21092e-07
0.467747,2366.24,7.21813e-07
0.468214,2373.35,7.22534e-07
0.468682,2380.48,7.23257e-07
0.469151,2387.62,7.2398e-07
0.46962,2394.79,7.24704e-07
0.47009,2401.99,7.25429e-07
0.47056,2409.2,7.26154e-07
0.471031,2416.43,7.2688e-07
0.471502,2423.69,7.27607e-07
0.471973,2430.97,7.28335e-07
0.472445,2438.27,7.29063e-07
0.472918,2445.59,7.29792e-07
0.47339,2452.94,7.30522e-07
0.473864,2460.3,7.31253e-07
0.474338,2467.69,7.31984e-07
0.474812,2475.1,7.32716e-07
0.475287,2482.53,7.33449e-07
0.475762,2489.99,7.34182e-07
0.476238,2497.47,7.34916e-07
0.476714,2504.97,7.35651e-07
0.477191,2512.49,7.36387e-07
0.477668,2520.03,7.37123e-07
0.478146,2527.6,7.3786e-07
0.478624,2535.19,7.38598e-07
0.479102,2542.8,7.39337e-07
0.479582,2550.44,7.40076e-07
0.480061,2558.1,7.40816e-07
0.480541,2565.78,7.41557e-07
0.481022,2573.49,7.42299e-07
0.481503,2581.21,7.43041e-07
0.481984,2588.97,7.43784e-07
0.482466,2596.74,7.44528e-07
0.482949,2604.54,7.45272e-07
0.483432,2612.36,7.46018e-07
0.483915,2620.21,7.46764e-07
0.484399,2628.07,7.4751e-07
0.484883,2635.97,7.48258e-07
0.485368,2643.88,7.49006e-07
0.485854,2651.82,7.49755e-07
0.48634,2659.78,7.50505e-07
0.486826,2667.77,7.51255e-07
0.487313,2675.78,7.52007e-07
0.4878,2683.82,7.52759e-07
0.488288,2691.88,7.53511e-07
0.488776,2699.96,7.54265e-07
0.489265,2708.07,7.55019e-07
0.489754,2716.2,7.55774e-07
0.490244,2724.36,7.5653e-07
0.490734,2732.54,7.57286e-07
0.491225,2740.75,7.58044e-07
0.491716,2748.98,7.58802e-07
0.492208,2757.23,7.59561e-07
0.4927,2765.51,7.6032e-07
0.493193,2773.82,7.6108e-07
0.493686,2782.15,7.61842e-07
0.49418,2790.5,7.62603e-07
0.494674,2798.88,7.63366e-07
0.495168,2807.29,7.64129e-07
0.495664,2815.72,7.64893e-07
0.496159,2824.17,7.65658e-07
0.496655,2832.65,7.66424e-07
0.497152,2841.16,7.6719e-07
0.497649,2849.69,7.67958e-07
0.498147,2858.25,7.68726e-07
0.498645,2866.83,7.69494e-07
0.499144,2875.44,7.70264e-07
0.499643,2884.08,7.71034e-07
0.500143,2892.74,7.71805e-07
0.500643,2901.42,7.72577e-07
0.501143,2910.14,7.7335e-07
0.501644,2918.88,7.74123e-07
0.502146,2927.64,7.74897e-07
0.502648,2936.43,7.75672e-07
0.503151,2945.25,7.76448e-07
0.503654,2954.1,7.77224e-07
0.504158,2962.97,7.78001e-07
0.504662,2971.87,7.78779e-07
0.505166,2980.79,7.79558e-07
0.505672,2989.74,7.80338e-07
0.506177,2998.72,7.81118e-07
0.506684,3007.72,7.81899e-07
0.50719,3016.76,7.82681e-07
0.507697,3025.82,7.83464e-07
0.508205,3034.9,7.84247e-07
0.508713,3044.02,7.85031e-07
0.509222,3053.16,7.85816e-07
0.509731,3062.33,7.86602e-07
0.510241,3071.52,7.87389e-07
0.510751,3080.75,7.88176e-07
0.511262,3090,7.88964e-07
0.511773,3099.28,7.89753e-07
0.512285,3108.58,7.90543e-07
0.512797,3117.92,7.91334e-07
0.51331,3127.28,7.92125e-07
0.513823,3136.67,7.92917e-07
0.514337,3146.09,7.9371e-07
0.514852,3155.54,7.94504e-07
0.515366,3165.02,7.95298e-07
0.515882,3174.52,7.96093e-07
0.516398,3184.05,7.9689e-07
0.516914,3193.62,7.97686e-07
0.517431,3203.21,7.98484e-07
0.517948,3212.83,7.99283e-07
0.518466,3222.47,8.00082e-07
0.518985,3232.15,8.00882e-07
0.519504,3241.86,8.01683e-07
0.520023,3251.59,8.02485e-07
0.520543,3261.36,8.03287e-07
0.521064,3271.15,8.0409e-07
0.521585,3280.97,8.04894e-07
0.522106,3290.83,8.05699e-07
0.522629,3300.71,8.06505e-07
0.523151,3310.62,8.07312e-07
0.523674,3320.56,8.08119e-07
0.524198,3330.53,8.08927e-07
0.524722,3340.54,8.09736e-07
0.525247,3350.57,8.10546e-07
0.525772,3360.63,8.11356e-07
0.526298,3370.72,8.12168e-07
0.526824,3380.84,8.1298e-07
0.527351,3391,8.13793e-07
0.527878,3401.18,8.14606e-07
0.528406,3411.39,8.15421e-07
0.528935,3421.64,8.16236e-07
0.529464,3431.91,8.17053e-07
0.529993,3442.22,8.1787e-07
0.530523,3452.56,8.18688e-07
0.531054,3462.92,8.19506e-07
0.531585,3473.32,8.20326e-07
0.532116,3483.75,8.21146e-07
0.532648,3494.22,8.21967e-07
0.533181,3504.71,8.22789e-07
0.533714,3515.23,8.23612e-07
0.534248,3525.79,8.24436e-07
0.534782,3536.38,8.2526e-07
0.535317,3547,8.26085e-07
0.535852,3557.65,8.26911e-07
0.536388,3568.33,8.27738e-07
0.536925,3579.05,8.28566e-07
0.537461,3589.8,8.29395e-07
0.537999,3600.58,8.30224e-07
0.538537,3611.39,8.31054e-07
0.539075,3622.23,8.31885e-07
0.539615,3633.11,8.32717e-07
0.540154,3644.02,8.3355e-07
0.540694,3654.96,8.34383e-07
0.541235,3665.94,8.35218e-07
0.541776,3676.95,8.36053e-07
0.542318,3687.99,8.36889e-07
0.54286,3699.07,8.37726e-07
0.543403,3710.17,8.38564e-07
0.543947,3721.32,8.39402e-07
0.544491,3732.49,8.40242e-07
0.545035,3743.7,8.41082e-07
0.54558,3754.94,8.41923e-07
0.546126,3766.22,8.42765e-07
0.546672,3777.53,8.43608e-07
0.547218,3788.87,8.44451e-07
0.547766,3800.25,8.45296e-07
0.548313,3811.66,8.46141e-07
0.548862,3823.11,8.46987e-07
0.549411,3834.59,8.47834e-07
0.54996,3846.1,8.48682e-07
0.55051,3857.65,8.49531e-07
0.55106,3869.24,8.5038e-07
0.551612,3880.86,8.51231e-07
0.552163,3892.51,8.52082e-07
0.552715,3904.2,8.52934e-07
0.553268,3915.93,8.53787e-07
0.553821,3927.69,8.54641e-07
0.554375,3939.48,8.55495e-07
0.55493,3951.31,8.56351e-07
0.555484,3963.18,8.57207e-07
0.55604,3975.08,8.58064e-07
0.556596,3987.01,8.58922e-07
0.557153,3998.99,8.59781e-07
0.55771,4011,8.60641e-07
0.558267,4023.04,8.61502e-07
0.558826,4035.12,8.62363e-07
0.559385,4047.24,8.63226e-07
0.559944,4059.39,8.64089e-07
0.560504,4071.58,8.64953e-07
0.561064,4083.81,8.65818e-07
0.561625,4096.08,8.66684e-07
0.562187,4108.38,8.6755e-07
0.562749,4120.71,8.68418e-07
0.563312,4133.09,8.69286e-07
0.563875,4145.5,8.70156e-07
0.564439,4157.95,8.71026e-07
0.565004,4170.43,8.71897e-07
0.565569,4182.96,8.72769e-07
0.566134,4195.52,8.73642e-07
0.5667,4208.12,8.74515e-07
0.567267,4220.76,8.7539e-07
0.567834,4233.43,8.76265e-07
0.568402,4246.14,8.77141e-07
0.568971,4258.9,8.78018e-07
0.569539,4271.68,8.78896e-07
0.570109,4284.51,8.79775e-07
0.570679,4297.38,8.80655e-07
0.57125,4310.28,8.81536e-07
0.571821,4323.23,8.82417e-07
0.572393,4336.21,8.833e-07
0.572965,4349.23,8.84183e-07
0.573538,4362.29,8.85067e-07
0.574112,4375.39,8.85952e-07
0.574686,4388.53,8.86838e-07
0.575261,4401.71,8.87725e-07
0.575836,4414.93,8.88613e-07
0.576412,4428.19,8.89501e-07
0.576988,4441.49,8.90391e-07
0.577565,4454.82,8.91281e-07
0.578143,4468.2,8.92173e-07
0.578721,4481.62,8.93065e-07
0.5793,4495.08,8.93958e-07
0.579879,4508.58,8.94852e-07
0.580459,4522.12,8.95747e-07
0.581039,4535.7,8.96642e-07
0.58162,4549.32,8.97539e-07
0.582202,4562.98,8.98437e-07
0.582784,4576.68,8.99335e-07
0.583367,4590.42,9.00234e-07
0.58395,4604.21,9.01135e-07
0.584534,4618.04,9.02036e-07
0.585119,4631.9,9.02938e-07
0.585704,4645.81,9.03841e-07
0.586289,4659.76,9.04745e-07
0.586876,4673.76,9.05649e-07
0.587463,4687.79,9.06555e-07
0.58805,4701.87,9.07461e-07
0.588638,4715.99,9.08369e-07
0.589227,4730.15,9.09277e-07
0.589816,4744.36,9.10187e-07
0.590406,4758.6,9.11097e-07
0.590996,4772.89,9.12008e-07
0.591587,4787.23,9.1292e-07
0.592179,4801.6,9.13833e-07
0.592771,4816.02,9.14747e-07
0.593364,4830.48,9.15661e-07
0.593957,4844.99,9.16577e-07
0.594551,4859.54,9.17494e-07
0.595146,4874.13,9.18411e-07
0.595741,4888.77,9.1933e-07
0.596337,4903.45,9.20249e-07
0.596933,4918.18,9.21169e-07
0.59753,4932.95,9.2209e-07
0.598127,4947.76,9.23012e-07
0.598725,4962.62,9.23935e-07
0.599324,4977.52,9.24859e-07
0.599923,4992.47,9.25784e-07
0.600523,5007.46,9.2671e-07
0.601124,5022.5,9.27637e-07
0.601725,5037.58,9.28564e-07
0.602327,5052.71,9.29493e-07
0.602929,5067.88,9.30422e-07
0.603532,5083.1,9.31353e-07
0.604136,5098.36,9.32284e-07
0.60474,5113.68,9.33216e-07
0.605344,5129.03,9.3415e-07
0.60595,5144.43,9.35084e-07
0.606556,5159.88,9.36019e-07
0.607162,5175.38,9.36955e-07
0.607769,5190.92,9.37892e-07
0.608377,5206.51,9.3883e-07
0.608986,5222.14,9.39769e-07
0.609595,5237.83,9.40708e-07
0.610204,5253.55,9.41649e-07
0.610814,5269.33,9.42591e-07
0.611425,5285.15,9.43533e-07
0.612037,5301.03,9.44477e-07
0.612649,5316.95,9.45421e-07
0.613261,5332.91,9.46367e-07
0.613875,5348.93,9.47313e-07
0.614488,5364.99,9.4826e-07
0.615103,5381.1,9.49209e-07
0.615718,5397.26,9.50158e-07
0.616334,5413.47,9.51108e-07
0.61695,5429.72,9.52059e-07
0.617567,5446.03,9.53011e-07
0.618185,5462.38,9.53964e-07
0.618803,5478.79,9.54918e-07
0.619422,5495.24,9.55873e-07
0.620041,5511.74,9.56829e-07
0.620661,5528.29,9.57786e-07
0.621282,5544.9,9.58744e-07
0.621903,5561.55,9.59702e-07
0.622525,5578.25,9.60662e-07
0.623147,5595,9.61623e-07
0.623771,5611.8,9.62584e-07
0.624394,5628.65,9.63547e-07
0.625019,5645.56,9.6451e-07
0.625644,5662.51,9.65475e-07
0.626269,5679.52,9.6644e-07
0.626896,5696.57,9.67407e-07
0.627523,5713.68,9.68374e-07
0.62815,5730.84,9.69343e-07
0.628778,5748.05,9.70312e-07
0.629407,5765.31,9.71282e-07
0.630036,5782.62,9.72254e-07
0.630666,5799.99,9.73226e-07
0.631297,5817.4,9.74199e-07
0.631928,5834.87,9.75173e-07
0.63256,5852.39,9.76148e-07
0.633193,5869.97,9.77125e-07
0.633826,5887.6,9.78102e-07
0.63446,5905.28,9.7908e-07
0.635094,5923.01,9.80059e-07
0.635729,5940.8,9.81039e-07
0.636365,5958.64,9.8202e-07
0.637002,5976.53,9.83002e-07
0.637639,5994.48,9.83985e-07
0.638276,6012.48,9.84969e-07
0.638915,6030.54,9.85954e-07
0.639553,6048.65,9.8694e-07
0.640193,6066.81,9.87927e-07
0.640833,6085.03,9.88915e-07
0.641474,6103.3,9.89904e-07
0.642115,6121.63,9.90894e-07
0.642758,6140.01,9.91884e-07
0.6434,6158.45,9.92876e-07
0.644044,6176.95,9.93869e-07
0.644688,6195.5,9.94863e-07
0.645332,6214.1,9.95858e-07
0.645978,6232.76,9.96854e-07
0.646624,6251.48,9.97851e-07
0.64727,6270.25,9.98849e-07
0.647918,6289.08,9.99847e-07
0.648566,6307.97,1.00085e-06
0.649214,6326.91,1.00185e-06
0.649863,6345.91,1.00285e-06
0.650513,6364.97,1.00385e-06
0.651164,6384.08,1.00486e-06
0.651815,6403.25,1.00586e-06
0.652467,6422.48,1.00687e-06
0.653119,6441.77,1.00787e-06
0.653772,6461.11,1.00888e-06
0.654426,6480.51,1.00989e-06
0.655081,6499.98,1.0109e-06
0.655736,6519.5,1.01191e-06
0.656391,6539.07,1.01292e-06
0.657048,6558.71,1.01394e-06
0.657705,6578.41,1.01495e-06
0.658362,6598.16,1.01597e-06
0.659021,6617.98,1.01698e-06
0.65968,6637.85,1.018e-06
0.66034,6657.78,1.01902e-06
0.661,6677.78,1.02004e-06
0.661661,6697.83,1.02106e-06
0.662323,6717.94,1.02208e-06
0.662985,6738.12,1.0231e-06
0.663648,6758.35,1.02412e-06
0.664311,6778.65,1.02515e-06
0.664976,6799,1.02617e-06
0.665641,6819.42,1.0272e-06
0.666306,6839.9,1.02822e-06
0.666973,6860.44,1.02925e-06
0.66764,6881.04,1.03028e-06
0.668307,6901.71,1.03131e-06
0.668976,6922.43,1.03234e-06
0.669645,6943.22,1.03338e-06
0.670314,6964.07,1.03441e-06
0.670985,6984.98,1.03544e-06
0.671656,7005.96,1.03648e-06
0.672327,7027,1.03752e-06
0.673,7048.1,1.03855e-06
0.673673,7069.26,1.03959e-06
0.674346,7090.49,1.04063e-06
0.675021,7111.79,1.04167e-06
0.675696,7133.14,1.04271e-06
0.676371,7154.56,1.04376e-06
0.677048,7176.05,1.0448e-06
0.677725,7197.6,1.04584e-06
0.678402,7219.21,1.04689e-06
0.679081,7240.89,1.04794e-06
0.67976,7262.64,1.04899e-06
0.68044,7284.45,1.05003e-06
0.68112,7306.32,1.05108e-06
0.681801,7328.26,1.05214e-06
0.682483,7350.27,1.05319e-06
0.683166,7372.34,1.05424e-06
0.683849,7394.48,1.0553e-06
0.684533,7416.69,1.05635e-06
0.685217,7438.96,1.05741e-06
0.685902,7461.3,1.05846e-06
0.686588,7483.71,1.05952e-06
0.687275,7506.18,1.06058e-06
0.687962,7528.72,1.06164e-06
0.68865,7551.33,1.0627e-06
0.689339,7574.01,1.06377e-06
0.690028,7596.75,1.06483e-06
0.690718,7619.56,1.0659e-06
0.691409,7642.44,1.06696e-06
0.6921,7665.39,1.06803e-06
0.692792,7688.41,1.0691e-06
0.693485,7711.5,1.07017e-06
0.694179,7734.66,1.07124e-06
0.694873,7757.89,1.07231e-06
0.695568,7781.18,1.07338e-06
0.696263,7804.55,1.07445e-06
0.696959,7827.99,1.07553e-06
0.697656,7851.5,1.0766e-06
0.698354,7875.07,1.07768e-06
0.699052,7898.72,1.07876e-06
0.699751,7922.44,1.07984e-06
0.700451,7946.23,1.08092e-06
0.701152,7970.1,1.082e-06
0.701853,7994.03,1.08308e-06
0.702555,8018.04,1.08416e-06
0.703257,8042.11,1.08525e-06
0.70396,8066.26,1.08633e-06
0.704664,8090.49,1.08742e-06
0.705369,8114.78,1.0885e-06
0.706074,8139.15,1.08959e-06
0.706781,8163.59,1.09068e-06
0.707487,8188.11,1.09177e-06
0.708195,8212.7,1.09287e-06
0.708903,8237.36,1.09396e-06
0.709612,8262.1,1.09505e-06
0.710322,8286.91,1.09615e-06
0.711032,8311.79,1.09724e-06
0.711743,8336.75,1.09834e-06
0.712455,8361.79,1.09944e-06
0.713167,8386.9,1.10054e-06
0.71388,8412.09,1.10164e-06
0.714594,8437.35,1.10274e-06
0.715309,8462.69,1.10384e-06
0.716024,8488.1,1.10495e-06
0.71674,8513.59,1.10605e-06
0.717457,8539.15,1.10716e-06
0.718174,8564.8,1.10827e-06
0.718892,8590.52,1.10937e-06
0.719611,8616.32,1.11048e-06
0.720331,8642.19,1.11159e-06
0.721051,8668.14,1.1127e-06
0.721772,8694.17,1.11382e-06
0.722494,8720.28,1.11493e-06
0.723217,8746.47,1.11605e-06
0.72394,8772.73,1.11716e-06
0.724664,8799.08,1.11828e-06
0.725388,8825.5,1.1194e-06
0.726114,8852.01,1.12052e-06
0.72684,8878.59,1.12164e-06
0.727567,8905.25,1.12276e-06
0.728294,8931.99,1.12388e-06
0.729023,8958.82,1.12501e-06
0.729752,8985.72,1.12613e-06
0.730481,9012.7,1.12726e-06
0.731212,9039.77,1.12838e-06
0.731943,9066.92,1.12951e-06
0.732675,9094.14,1.13064e-06
0.733408,9121.45,1.13177e-06
0.734141,9148.84,1.1329e-06
0.734875,9176.32,1.13404e-06
0.73561,9203.87,1.13517e-06
0.736346,9231.51,1.13631e-06
0.737082,9259.24,1.13744e-06
0.737819,9287.04,1.13858e-06
0.738557,9314.93,1.13972e-06
0.739295,9342.9,1.14086e-06
0.740035,9370.96,1.142e-06
0.740775,9399.1,1.14314e-06
0.741516,9427.33,1.14428e-06
0.742257,9455.64,1.14543e-06
0.742999,9484.03,1.14657e-06
0.743742,9512.51,1.14772e-06
0.744486,9541.08,1.14887e-06
0.745231,9569.73,1.15002e-06
0.745976,9598.47,1.15117e-06
0.746722,9627.29,1.15232e-06
0.747469,9656.2,1.15347e-06
0.748216,9685.2,1.15462e-06
0.748964,9714.29,1.15578e-06
0.749713,9743.46,1.15694e-06
0.750463,9772.72,1.15809e-06
0.751213,9802.07,1.15925e-06
0.751965,9831.5,1.16041e-06
0.752717,9861.02,1.16157e-06
0.753469,9890.64,1.16273e-06
0.754223,9920.34,1.16389e-06
0.754977,9950.13,1.16506e-06
0.755732,9980.01,1.16622e-06
0.756488,10010,1.16739e-06
0.757244,10040,1.16856e-06
0.758001,10070.2,1.16973e-06
0.758759,10100.4,1.1709e-06
0.759518,10130.8,1.17207e-06
0.760278,10161.2,1.17324e-06
0.761038,10191.7,1.17441e-06
0.761799,10222.3,1.17559e-06
0.762561,10253,1.17676e-06
0.763323,10283.8,1.17794e-06
0.764087,10314.7,1.17912e-06
0.764851,10345.6,1.1803e-06
0.765616,10376.7,1.18148e-06
0.766381,10407.9,1.18266e-06
0.767148,10439.1,1.18384e-06
0.767915,10470.5,1.18502e-06
0.768683,10501.9,1.18621e-06
0.769451,10533.5,1.18739e-06
0.770221,10565.1,1.18858e-06
0.770991,10596.8,1.18977e-06
0.771762,10628.6,1.19096e-06
0.772534,10660.6,1.19215e-06
0.773306,10692.6,1.19334e-06
0.77408,10724.7,1.19454e-06
0.774854,10756.9,1.19573e-06
0.775629,10789.2,1.19693e-06
0.776404,10821.6,1.19812e-06
0.777181,10854.1,1.19932e-06
0.777958,10886.7,1.20052e-06
0.778736,10919.4,1.20172e-06
0.779514,10952.2,1.20292e-06
0.780294,10985.1,1.20413e-06
0.781074,11018,1.20533e-06
0.781855,11051.1,1.20654e-06
0.782637,11084.3,1.20774e-06
0.78342,11117.6,1.20895e-06
0.784203,11151,1.21016e-06
0.784987,11184.5,1.21137e-06
0.785772,11218.1,1.21258e-06
0.786558,11251.8,1.21379e-06
0.787345,11285.5,1.21501e-06
0.788132,11319.4,1.21622e-06
0.78892,11353.4,1.21744e-06
0.789709,11387.5,1.21866e-06
0.790499,11421.7,1.21987e-06
0.791289,11456,1.22109e-06
0.792081,11490.4,1.22232e-06
0.792873,11524.9,1.22354e-06
0.793666,11559.5,1.22476e-06
0.794459,11594.2,1.22599e-06
0.795254,11629.1,1.22721e-06
0.796049,11664,1.22844e-06
0.796845,11699,1.22967e-06
0.797642,11734.1,1.2309e-06
0.79844,11769.4,1.23213e-06
0.799238,11804.7,1.23336e-06
0.800037,11840.2,1.23459e-06
0.800837,11875.7,1.23583e-06
0.801638,11911.4,1.23706e-06
0.80244,11947.2,1.2383e-06
0.803242,11983,1.23954e-06
0.804045,12019,1.24078e-06
0.804849,12055.1,1.24202e-06
0.805654,12091.3,1.24326e-06
0.80646,12127.6,1.24451e-06
0.807266,12164.1,1.24575e-06
0.808074,12200.6,1.247e-06
0.808882,12237.2,1.24824e-06
0.809691,12274,1.24949e-06
0.8105,12310.8,1.25074e-06
0.811311,12347.8,1.25199e-06
0.812122,12384.9,1.25324e-06
0.812934,12422.1,1.2545e-06
0.813747,12459.4,1.25575e-06
0.814561,12496.8,1.25701e-06
0.815375,12534.3,1.25826e-06
0.816191,12572,1.25952e-06
0.817007,12609.7,1.26078e-06
0.817824,12647.6,1.26204e-06
0.818642,12685.6,1.2633e-06
0.819461,12723.7,1.26457e-06
0.82028,12761.9,1.26583e-06
0.8211,12800.2,1.2671e-06
0.821921,12838.6,1.26836e-06
0.822743,12877.2,1.26963e-06
0.823566,12915.8,1.2709e-06
0.82439,12954.6,1.27217e-06
0.825214,12993.5,1.27345e-06
0.826039,13032.6,1.27472e-06
0.826865,13071.7,1.27599e-06
0.827692,13110.9,1.27727e-06
0.82852,13150.3,1.27855e-06
0.829348,13189.8,1.27983e-06
0.830178,13229.4,1.28111e-06
0.831008,13269.1,1.28239e-06
0.831839,13309,1.28367e-06
0.832671,13349,1.28495e-06
0.833503,13389,1.28624e-06
0.834337,13429.3,1.28752e-06
0.835171,13469.6,1.28881e-06
0.836006,13510,1.2901e-06
0.836842,13550.6,1.29139e-06
0.837679,13591.3,1.29268e-06
0.838517,13632.1,1.29397e-06
0.839355,13673,1.29527e-06
0.840195,13714.1,1.29656e-06
0.841035,13755.3,1.29786e-06
0.841876,13796.6,1.29916e-06
0.842718,13838,1.30046e-06
0.843561,13879.6,1.30176e-06
0.844404,13921.3,1.30306e-06
0.845249,13963.1,1.30436e-06
0.846094,14005,1.30567e-06
0.84694,14047.1,1.30697e-06
0.847787,14089.2,1.30828e-06
0.848635,14131.6,1.30959e-06
0.849483,14174,1.3109e-06
0.850333,14216.6,1.31221e-06
0.851183,14259.2,1.31352e-06
0.852034,14302.1,1.31483e-06
0.852886,14345,1.31615e-06
0.853739,14388.1,1.31747e-06
0.854593,14431.3,1.31878e-06
0.855448,14474.6,1.3201e-06
0.856303,14518.1,1.32142e-06
0.857159,14561.7,1.32274e-06
0.858016,14605.4,1.32407e-06
0.858874,14649.3,1.32539e-06
0.859733,14693.3,1.32672e-06
0.860593,14737.4,1.32804e-06
0.861454,14781.7,1.32937e-06
0.862315,14826.1,1.3307e-06
0.863177,14870.6,1.33203e-06
0.864041,14915.2,1.33336e-06
0.864905,14960,1.3347e-06
0.86577,15005,1.33603e-06
0.866635,15050,1.33737e-06
0.867502,15095.2,1.3387e-06
0.868369,15140.5,1.34004e-06
0.869238,15186,1.34138e-06
0.870107,15231.6,1.34272e-06
0.870977,15277.3,1.34407e-06
0.871848,15323.2,1.34541e-06
0.87272,15369.2,1.34676e-06
0.873593,15415.4,1.3481e-06
0.874466,15461.7,1.34945e-06
0.875341,15508.1,1.3508e-06
0.876216,15554.7,1.35215e-06
0.877092,15601.4,1.3535e-06
0.877969,15648.3,1.35486e-06
0.878847,15695.2,1.35621e-06
0.879726,15742.4,1.35757e-06
0.880606,15789.7,1.35893e-06
0.881487,15837.1,1.36028e-06
0.882368,15884.6,1.36164e-06
0.88325,15932.3,1.36301e-06
0.884134,15980.2,1.36437e-06
0.885018,16028.2,1.36573e-06
0.885903,16076.3,1.3671e-06
0.886789,16124.6,1.36847e-06
0.887676,16173,1.36983e-06
0.888563,16221.6,1.3712e-06
0.889452,16270.3,1.37258e-06
0.890341,16319.1,1.37395e-06
0.891232,16368.1,1.37532e-06
0.892123,16417.3,1.3767e-06
0.893015,16466.6,1.37807e-06
0.893908,16516,1.37945e-06
0.894802,16565.6,1.38083e-06
0.895697,16615.4,1.38221e-06
0.896592,16665.3,1.38359e-06
0.897489,16715.3,1.38498e-06
0.898386,16765.5,1.38636e-06
0.899285,16815.9,1.38775e-06
0.900184,16866.4,1.38914e-06
0.901084,16917,1.39053e-06
0.901985,16967.8,1.39192e-06
0.902887,17018.8,1.39331e-06
0.90379,17069.9,1.3947e-06
0.904694,17121.1,1.3961e-06
0.905599,17172.6,1.39749e-06
0.906504,17224.1,1.39889e-06
0.907411,17275.9,1.40029e-06
0.908318,17327.7,1.40169e-06
0.909227,17379.8,1.40309e-06
0.910136,17432,1.40449e-06
0.911046,17484.3,1.4059e-06
0.911957,17536.8,1.4073e-06
0.912869,17589.5,1.40871e-06
0.913782,17642.3,1.41012e-06
0.914696,17695.3,1.41153e-06
0.91561,17748.4,1.41294e-06
0.916526,17801.7,1.41436e-06
0.917442,17855.2,1.41577e-06
0.91836,17908.8,1.41719e-06
0.919278,17962.6,1.4186e-06
0.920197,18016.5,1.42002e-06
0.921118,18070.6,1.42144e-06
0.922039,18124.9,1.42286e-06
0.922961,18179.3,1.42429e-06
0.923884,18233.9,1.42571e-06
0.924808,18288.7,1.42714e-06
0.925732,18343.6,1.42856e-06
0.926658,18398.7,1.42999e-06
0.927585,18453.9,1.43142e-06
0.928512,18509.3,1.43285e-06
0.929441,18564.9,1.43429e-06
0.93037,18620.7,1.43572e-06
0.931301,18676.6,1.43716e-06
0.932232,18732.7,1.43859e-06
0.933164,18788.9,1.44003e-06
0.934097,18845.4,1.44147e-06
0.935032,18901.9,1.44291e-06
0.935967,18958.7,1.44436e-06
0.936903,19015.6,1.4458e-06
0.937839,19072.7,1.44725e-06
0.938777,19130,1.44869e-06
0.939716,19187.5,1.45014e-06
0.940656,19245.1,1.45159e-06
0.941596,19302.9,1.45304e-06
0.942538,19360.8,1.4545e-06
0.943481,19419,1.45595e-06
0.944424,19477.3,1.45741e-06
0.945368,19535.8,1.45886e-06
0.946314,19594.5,1.46032e-06
0.94726,19653.3,1.46178e-06
0.948207,19712.3,1.46325e-06
0.949156,19771.5,1.46471e-06
0.950105,19830.9,1.46617e-06
0.951055,19890.4,1.46764e-06
0.952006,19950.2,1.46911e-06
0.952958,20010.1,1.47058e-06
0.953911,20070.2,1.47205e-06
0.954865,20130.4,1.47352e-06
0.95582,20190.9,1.47499e-06
0.956776,20251.5,1.47647e-06
0.957732,20312.3,1.47794e-06
0.95869,20373.3,1.47942e-06
0.959649,20434.5,1.4809e-06
0.960608,20495.9,1.48238e-06
0.961569,20557.4,1.48386e-06
0.962531,20619.2,1.48535e-06
0.963493,20681.1,1.48683e-06
0.964457,20743.2,1.48832e-06
0.965421,20805.5,1.48981e-06
0.966386,20868,1.4913e-06
0.967353,20930.6,1.49279e-06
0.96832,20993.5,1.49428e-06
0.969288,21056.5,1.49578e-06
0.970258,21119.8,1.49727e-06
0.971228,21183.2,1.49877e-06
0.972199,21246.8,1.50027e-06
0.973171,21310.6,1.50177e-06
0.974145,21374.6,1.50327e-06
0.975119,21438.8,1.50477e-06
0.976094,21503.2,1.50628e-06
0.97707,21567.7,1.50779e-06
0.978047,21632.5,1.50929e-06
0.979025,21697.5,1.5108e-06
0.980004,21762.6,1.51231e-06
0.980984,21828,1.51383e-06
0.981965,21893.5,1.51534e-06
0.982947,21959.3,1.51685e-06
0.98393,22025.2,1.51837e-06
0.984914,22091.4,1.51989e-06
0.985899,22157.7,1.52141e-06
0.986885,22224.2,1.52293e-06
0.987872,22291,1.52445e-06
0.98886,22357.9,1.52598e-06
0.989848,22425.1,1.5275e-06
0.990838,22492.4,1.52903e-06
0.991829,22560,1.53056e-06
0.992821,22627.7,1.53209e-06
0.993814,22695.7,1.53362e-06
0.994808,22763.8,1.53516e-06
0.995802,22832.2,1.53669e-06
0.996798,22900.7,1.53823e-06
0.997795,22969.5,1.53977e-06
0.998793,23038.5,1.54131e-06
0.999792,23107.7,1.54285e-06
1.00079,23177.1,1.54439e-06
1.00179,23246.7,1.54594e-06
1.00279,23316.5,1.54748e-06
1.0038,23386.5,1.54903e-06
1.0048,23456.7,1.55058e-06
1.00581,23527.2,1.55213e-06
1.00681,23597.8,1.55368e-06
1.00782,23668.7,1.55523e-06
1.00883,23739.8,1.55679e-06
1.00983,23811,1.55835e-06
1.01084,23882.5,1.55991e-06
1.01186,23954.3,1.56147e-06
1.01287,24026.2,1.56303e-06
1.01388,24098.4,1.56459e-06
1.01489,24170.7,1.56615e-06
1.01591,24243.3,1.56772e-06
1.01692,24316.1,1.56929e-06
1.01794,24389.1,1.57086e-06
1.01896,24462.4,1.57243e-06
1.01998,24535.8,1.574e-06
1.021,24609.5,1.57557e-06
1.02202,24683.4,1.57715e-06
1.02304,24757.5,1.57873e-06
1.02406,24831.9,1.58031e-06
1.02509,24906.5,1.58189e-06
1.02611,24981.2,1.58347e-06
1.02714,25056.3,1.58505e-06
1.02817,25131.5,1.58664e-06
1.0292,25207,1.58822e-06
1.03022,25282.7,1.58981e-06
1.03125,25358.6,1.5914e-06
1.03229,25434.8,1.59299e-06
1.03332,25511.1,1.59459e-06
1.03435,25587.7,1.59618e-06
1.03539,25664.6,1.59778e-06
1.03642,25741.7,1.59937e-06
1.03746,25819,1.60097e-06
1.03849,25896.5,1.60257e-06
1.03953,25974.3,1.60418e-06
1.04057,26052.3,1.60578e-06
1.04161,26130.5,1.60739e-06
1.04266,26209,1.60899e-06
1.0437,26287.7,1.6106e-06
1.04474,26366.6,1.61221e-06
1.04579,26445.8,1.61383e-06
1.04683,26525.2,1.61544e-06
1.04788,26604.9,1.61706e-06
1.04893,26684.8,1.61867e-06
1.04998,26764.9,1.62029e-06
1.05103,26845.3,1.62191e-06
1.05208,26925.9,1.62353e-06
1.05313,27006.7,1.62516e-06
1.05418,27087.8,1.62678e-06
1.05524,27169.2,1.62841e-06
1.05629,27250.8,1.63004e-06
1.05735,27332.6,1.63167e-06
1.0584,27414.7,1.6333e-06
1.05946,27497,1.63493e-06
1.06052,27579.6,1.63657e-06
1.06158,27662.4,1.6382e-06
1.06264,27745.5,1.63984e-06
1.06371,27828.8,1.64148e-06
1.06477,27912.4,1.64312e-06
1.06584,27996.2,1.64477e-06
1.0669,28080.3,1.64641e-06
1.06797,28164.6,1.64806e-06
1.06904,28249.2,1.64971e-06
1.07011,28334,1.65136e-06
1.07118,28419.1,1.65301e-06
1.07225,28504.4,1.65466e-06
1.07332,28590,1.65631e-06
1.07439,28675.9,1.65797e-06
1.07547,28762,1.65963e-06
1.07654,28848.4,1.66129e-06
1.07762,28935,1.66295e-06
1.0787,29021.9,1.66461e-06
1.07978,29109,1.66628e-06
1.08086,29196.5,1.66794e-06
1.08194,29284.1,1.66961e-06
1.08302,29372.1,1.67128e-06
1.0841,29460.3,1.67295e-06
1.08519,29548.8,1.67463e-06
1.08627,29637.5,1.6763e-06
1.08736,29726.5,1.67798e-06
1.08844,29815.8,1.67965e-06
1.08953,29905.3,1.68133e-06
1.09062,29995.1,1.68302e-06
1.09171,30085.2,1.6847e-06
1.0928,30175.5,1.68638e-06
1.0939,30266.1,1.68807e-06
1.09499,30357,1.68976e-06
1.09609,30448.2,1.69145e-06
1.09718,30539.6,1.69314e-06
1.09828,30631.3,1.69483e-06
1.09938,30723.3,1.69653e-06
1.10048,30815.6,1.69822e-06
1.10158,30908.1,1.69992e-06
1.10268,31000.9,1.70162e-06
1.10378,31094,1.70332e-06
1.10489,31187.4,1.70503e-06
1.10599,31281.1,1.70673e-06
1.1071,31375,1.70844e-06
1.1082,31469.2,1.71015e-06
1.10931,31563.7,1.71186e-06
1.11042,31658.5,1.71357e-06
1.11153,31753.6,1.71528e-06
1.11264,31848.9,1.717e-06
1.11376,31944.6,1.71871e-06
1.11487,32040.5,1.72043e-06
1.11598,32136.7,1.72215e-06
1.1171,32233.2,1.72388e-06
1.11822,32330,1.7256e-06
1.11934,32427.1,1.72733e-06
1.12045,32524.5,1.72905e-06
1.12158,32622.2,1.73078e-06
1.1227,32720.1,1.73251e-06
1.12382,32818.4,1.73424e-06
1.12494,32916.9,1.73598e-06
1.12607,33015.8,1.73772e-06
1.12719,33114.9,1.73945e-06
1.12832,33214.4,1.74119e-06
1.12945,33314.1,1.74293e-06
1.13058,33414.2,1.74468e-06
1.13171,33514.5,1.74642e-06
1.13284,33615.2,1.74817e-06
1.13397,33716.1,1.74992e-06
1.13511,33817.4,1.75167e-06
1.13624,33918.9,1.75342e-06
1.13738,34020.8,1.75517e-06
1.13852,34122.9,1.75693e-06
1.13966,34225.4,1.75868e-06
1.1408,34328.2,1.76044e-06
1.14194,34431.3,1.7622e-06
1.14308,34534.7,1.76396e-06
1.14422,34638.4,1.76573e-06
1.14537,34742.4,1.76749e-06
1.14651,34846.7,1.76926e-06
1.14766,34951.4,1.77103e-06
1.1488,35056.3,1.7728e-06
1.14995,35161.6,1.77457e-06
1.1511,35267.2,1.77635e-06
1.15225,35373.1,1.77813e-06
1.15341,35479.3,1.7799e-06
1.15456,35585.9,1.78168e-06
1.15571,35692.7,1.78346e-06
1.15687,35799.9,1.78525e-06
1.15803,35907.4,1.78703e-06
1.15919,36015.3,1.78882e-06
1.16034,36123.4,1.79061e-06
1.1615,36231.9,1.7924e-06
1.16267,36340.7,1.79419e-06
1.16383,36449.8,1.79599e-06
1.16499,36559.3,1.79778e-06
1.16616,36669.1,1.79958e-06
1.16732,36779.2,1.80138e-06
1.16849,36889.6,1.80318e-06
1.16966,37000.4,1.80498e-06
1.17083,37111.5,1.80679e-06
1.172,37223,1.8086e-06
1.17317,37334.8,1.81041e-06
1.17435,37446.9,1.81222e-06
1.17552,37559.3,1.81403e-06
1.1767,37672.1,1.81584e-06
1.17787,37785.2,1.81766e-06
1.17905,37898.7,1.81948e-06
1.18023,38012.5,1.82129e-06
1.18141,38126.7,1.82312e-06
1.18259,38241.2,1.82494e-06
1.18377,38356,1.82676e-06
1.18496,38471.2,1.82859e-06
1.18614,38586.7,1.83042e-06
1.18733,38702.6,1.83225e-06
1.18852,38818.8,1.83408e-06
1.1897,38935.4,1.83592e-06
1.19089,39052.3,1.83775e-06
1.19208,39169.6,1.83959e-06
1.19328,39287.2,1.84143e-06
1.19447,39405.2,1.84327e-06
1.19566,39523.5,1.84511e-06
1.19686,39642.2,1.84696e-06
1.19806,39761.3,1.84881e-06
1.19926,39880.7,1.85065e-06
1.20045,40000.4,1.85251e-06
1.20165,40120.5,1.85436e-06
1.20286,40241,1.85621e-06
1.20406,40361.9,1.85807e-06
1.20526,40483.1,1.85993e-06
1.20647,40604.6,1.86179e-06
1.20768,40726.6,1.86365e-06
1.20888,40848.9,1.86551e-06
1.21009,40971.6,1.86738e-06
1.2113,41094.6,1.86924e-06
1.21251,41218,1.87111e-06
1.21373,41341.8,1.87299e-06
1.21494,41465.9,1.87486e-06
1.21615,41590.5,1.87673e-06
1.21737,41715.3,1.87861e-06
1.21859,41840.6,1.88049e-06
1.21981,41966.3,1.88237e-06
1.22103,42092.3,1.88425e-06
1.22225,42218.7,1.88614e-06
1.22347,42345.5,1.88802e-06
1.22469,42472.6,1.88991e-06
1.22592,42600.2,1.8918e-06
1.22714,42728.1,1.89369e-06
1.22837,42856.4,1.89559e-06
1.2296,42985.1,1.89748e-06
1.23083,43114.2,1.89938e-06
1.23206,43243.7,1.90128e-06
1.23329,43373.5,1.90318e-06
1.23452,43503.8,1.90508e-06
1.23576,43634.4,1.90699e-06
1.237,43765.5,1.90889e-06
1.23823,43896.9,1.9108e-06
1.23947,44028.7,1.91271e-06
1.24071,44160.9,1.91463e-06
1.24195,44293.6,1.91654e-06
1.24319,44426.6,1.91846e-06
1.24444,44560,1.92038e-06
1.24568,44693.8,1.9223e-06
1.24693,44828,1.92422e-06
1.24817,44962.6,1.92614e-06
1.24942,45097.6,1.92807e-06
1.25067,45233.1,1.93e-06
1.25192,45368.9,1.93193e-06
1.25317,45505.2,1.93386e-06
1.25443,45641.8,1.93579e-06
1.25568,45778.9,1.93773e-06
1.25694,45916.3,1.93967e-06
1.25819,46054.2,1.94161e-06
1.25945,46192.5,1.94355e-06
1.26071,46331.2,1.94549e-06
1.26197,46470.4,1.94744e-06
1.26323,46609.9,1.94938e-06
1.2645,46749.9,1.95133e-06
1.26576,46890.3,1.95329e-06
1.26703,47031.1,1.95524e-06
1.26829,47172.3,1.95719e-06
1.26956,47314,1.95915e-06
1.27083,47456.1,1.96111e-06
1.2721,47598.6,1.96307e-06
1.27337,47741.5,1.96503e-06
1.27465,47884.9,1.967e-06
1.27592,48028.7,1.96897e-06
1.2772,48172.9,1.97094e-06
1.27848,48317.6,1.97291e-06
1.27975,48462.7,1.97488e-06
1.28103,48608.2,1.97685e-06
1.28232,48754.2,1.97883e-06
1.2836,48900.6,1.98081e-06
1.28488,49047.4,1.98279e-06
1.28617,49194.7,1.98477e-06
1.28745,49342.5,1.98676e-06
1.28874,49490.6,1.98874e-06
1.29003,49639.3,1.99073e-06
1.29132,49788.3,1.99272e-06
1.29261,49937.8,1.99472e-06
1.2939,50087.8,1.99671e-06
1.2952,50238.2,1.99871e-06
1.29649,50389.1,2.00071e-06
1.29779,50540.4,2.00271e-06
1.29909,50692.2,2.00471e-06
1.30038,50844.4,2.00672e-06
1.30169,50997.1,2.00872e-06
1.30299,51150.2,2.01073e-06
1.30429,51303.8,2.01274e-06
1.30559,51457.9,2.01475e-06
1.3069,51612.4,2.01677e-06
1.30821,51767.4,2.01879e-06
1.30951,51922.9,2.0208e-06
1.31082,52078.8,2.02283e-06
1.31214,52235.2,2.02485e-06
1.31345,52392.1,2.02687e-06
1.31476,52549.4,2.0289e-06
1.31608,52707.2,2.03093e-06
1.31739,52865.5,2.03296e-06
1.31871,53024.2,2.03499e-06
1.32003,53183.5,2.03703e-06
1.32135,53343.2,2.03906e-06
1.32267,53503.4,2.0411e-06
1.32399,53664,2.04314e-06
1.32532,53825.2,2.04519e-06
1.32664,53986.8,2.04723e-06
1.32797,54149,2.04928e-06
1.3293,54311.6,2.05133e-06
1.33062,54474.7,2.05338e-06
1.33196,54638.2,2.05543e-06
1.33329,54802.3,2.05749e-06
1.33462,54966.9,2.05955e-06
1.33596,55132,2.06161e-06
1.33729,55297.5,2.06367e-06
1.33863,55463.6,2.06573e-06
1.33997,55630.1,2.0678e-06
1.34131,55797.2,2.06987e-06
1.34265,55964.8,2.07194e-06
1.34399,56132.8,2.07401e-06
1.34534,56301.4,2.07608e-06
1.34668,56470.5,2.07816e-06
1.34803,56640,2.08024e-06
1.34938,56810.1,2.08232e-06
1.35072,56980.7,2.0844e-06
1.35208,57151.8,2.08648e-06
1.35343,57323.5,2.08857e-06
1.35478,57495.6,2.09066e-06
1.35614,57668.3,2.09275e-06
1.35749,57841.5,2.09484e-06
1.35885,58015.2,2.09694e-06
1.36021,58189.4,2.09903e-06
1.36157,58364.1,2.10113e-06
1.36293,58539.4,2.10323e-06
1.36429,58715.2,2.10534e-06
1.36566,58891.5,2.10744e-06
1.36702,59068.3,2.10955e-06
1.36839,59245.7,2.11166e-06
1.36976,59423.6,2.11377e-06
1.37113,59602.1,2.11588e-06
1.3725,59781.1,2.118e-06
1.37387,59960.6,2.12012e-06
1.37525,60140.7,2.12224e-06
1.37662,60321.3,2.12436e-06
1.378,60502.4,2.12648e-06
1.37938,60684.1,2.12861e-06
1.38075,60866.3,2.13074e-06
1.38214,61049.1,2.13287e-06
1.38352,61232.4,2.135e-06
1.3849,61416.3,2.13714e-06
1.38629,61600.8,2.13928e-06
1.38767,61785.7,2.14141e-06
1.38906,61971.3,2.14356e-06
1.39045,62157.4,2.1457e-06
1.39184,62344,2.14785e-06
1.39323,62531.3,2.14999e-06
1.39462,62719,2.15214e-06
1.39602,62907.4,2.1543e-06
1.39742,63096.3,2.15645e-06
1.39881,63285.8,2.15861e-06
1.40021,63475.8,2.16076e-06
1.40161,63666.4,2.16293e-06
1.40301,63857.6,2.16509e-06
1.40442,64049.4,2.16725e-06
1.40582,64241.7,2.16942e-06
1.40723,64434.7,2.17159e-06
1.40863,64628.2,2.17376e-06
1.41004,64822.2,2.17594e-06
1.41145,65016.9,2.17811e-06
1.41286,65212.1,2.18029e-06
1.41428,65408,2.18247e-06
1.41569,65604.4,2.18465e-06
1.41711,65801.4,2.18684e-06
1.41852,65999,2.18902e-06
1.41994,66197.2,2.19121e-06
1.42136,66396,2.1934e-06
1.42278,66595.4,2.1956e-06
1.42421,66795.4,2.19779e-06
1.42563,66996,2.19999e-06
1.42706,67197.1,2.20219e-06
1.42848,67398.9,2.20439e-06
1.42991,67601.3,2.2066e-06
1.43134,67804.3,2.2088e-06
1.43277,68008,2.21101e-06
1.43421,68212.2,2.21322e-06
1.43564,68417,2.21544e-06
1.43708,68622.5,2.21765e-06
1.43851,68828.6,2.21987e-06
1.43995,69035.3,2.22209e-06
1.44139,69242.6,2.22431e-06
1.44283,69450.5,2.22654e-06
1.44428,69659.1,2.22876e-06
1.44572,69868.2,2.23099e-06
1.44717,70078.1,2.23322e-06
1.44861,70288.5,2.23546e-06
1.45006,70499.6,2.23769e-06
1.45151,70711.3,2.23993e-06
1.45296,70923.6,2.24217e-06
1.45442,71136.6,2.24441e-06
1.45587,71350.2,2.24666e-06
1.45733,71564.5,2.2489e-06
1.45878,71779.4,2.25115e-06
1.46024,71995,2.2534e-06
1.4617,72211.2,2.25566e-06
1.46316,72428,2.25791e-06
1.46463,72645.5,2.26017e-06
1.46609,72863.7,2.26243e-06
1.46756,73082.5,2.26469e-06
1.46903,73302,2.26696e-06
1.47049,73522.1,2.26922e-06
1.47196,73742.9,2.27149e-06
1.47344,73964.3,2.27376e-06
1.47491,74186.4,2.27604e-06
1.47639,74409.2,2.27831e-06
1.47786,74632.7,2.28059e-06
1.47934,74856.8,2.28287e-06
1.48082,75081.6,2.28516e-06
1.4823,75307.1,2.28744e-06
1.48378,75533.2,2.28973e-06
1.48527,75760,2.29202e-06
1.48675,75987.5,2.29431e-06
1.48824,76215.7,2.2966e-06
1.48973,76444.6,2.2989e-06
1.49122,76674.2,2.3012e-06
1.49271,76904.4,2.3035e-06
1.4942,77135.4,2.3058e-06
1.49569,77367,2.30811e-06
1.49719,77599.3,2.31042e-06
1.49869,77832.4,2.31273e-06
1.50019,78066.1,2.31504e-06
1.50169,78300.5,2.31736e-06
1.50319,78535.7,2.31967e-06
1.50469,78771.5,2.32199e-06
1.5062,79008.1,2.32432e-06
1.5077,79245.3,2.32664e-06
1.50921,79483.3,2.32897e-06
1.51072,79722,2.3313e-06
1.51223,79961.4,2.33363e-06
1.51374,80201.5,2.33596e-06
1.51525,80442.4,2.3383e-06
1.51677,80683.9,2.34063e-06
1.51829,80926.2,2.34298e-06
1.51981,81169.2,2.34532e-06
1.52132,81413,2.34766e-06
1.52285,81657.5,2.35001e-06
1.52437,81902.7,2.35236e-06
1.52589,82148.6,2.35471e-06
1.52742,82395.3,2.35707e-06
1.52895,82642.8,2.35943e-06
1.53048,82890.9,2.36178e-06
1.53201,83139.9,2.36415e-06
1.53354,83389.5,2.36651e-06
1.53507,83640,2.36888e-06
1.53661,83891.1,2.37125e-06
1.53814,84143,2.37362e-06
1.53968,84395.7,2.37599e-06
1.54122,84649.2,2.37837e-06
1.54276,84903.4,2.38075e-06
1.54431,85158.3,2.38313e-06
1.54585,85414.1,2.38551e-06
1.5474,85670.6,2.38789e-06
1.54894,85927.8,2.39028e-06
1.55049,86185.9,2.39267e-06
1.55204,86444.7,2.39507e-06
1.55359,86704.3,2.39746e-06
1.55515,86964.7,2.39986e-06
1.5567,87225.8,2.40226e-06
1.55826,87487.8,2.40466e-06
1.55982,87750.5,2.40707e-06
1.56138,88014,2.40947e-06
1.56294,88278.3,2.41188e-06
1.5645,88543.4,2.41429e-06
1.56607,88809.3,2.41671e-06
1.56763,89076,2.41912e-06
1.5692,89343.5,2.42154e-06
1.57077,89611.8,2.42397e-06
1.57234,89880.9,2.42639e-06
1.57391,90150.8,2.42882e-06
1.57549,90421.5,2.43124e-06
1.57706,90693.1,2.43368e-06
1.57864,90965.4,2.43611e-06
1.58022,91238.6,2.43855e-06
1.5818,91512.6,2.44098e-06
1.58338,91787.4,2.44342e-06
1.58496,92063,2.44587e-06
1.58655,92339.5,2.44831e-06
1.58813,92616.8,2.45076e-06
1.58972,92894.9,2.45321e-06
1.59131,93173.9,2.45567e-06
1.5929,93453.7,2.45812e-06
1.5945,93734.3,2.46058e-06
1.59609,94015.8,2.46304e-06
1.59769,94298.1,2.4655e-06
1.59929,94581.3,2.46797e-06
1.60088,94865.3,2.47044e-06
1.60249,95150.2,2.47291e-06
1.60409,95436,2.47538e-06
1.60569,95722.5,2.47786e-06
1.6073,96010,2.48033e-06
1.6089,96298.3,2.48281e-06
1.61051,96587.5,2.4853e-06
1.61212,96877.6,2.48778e-06
1.61374,97168.5,2.49027e-06
1.61535,97460.3,2.49276e-06
1.61697,97752.9,2.49525e-06
1.61858,98046.5,2.49775e-06
1.6202,98340.9,2.50025e-06
1.62182,98636.3,2.50275e-06
1.62344,98932.5,2.50525e-06
1.62507,99229.6,2.50775e-06
1.62669,99527.5,2.51026e-06
1.62832,99826.4,2.51277e-06
1.62995,100126,2.51529e-06
1.63158,100427,2.5178e-06
1.63321,100728,2.52032e-06
1.63484,101031,2.52284e-06
1.63648,101334,2.52536e-06
1.63811,101639,2.52789e-06
1.63975,101944,2.53041e-06
1.64139,102250,2.53295e-06
1.64303,102557,2.53548e-06
1.64467,102865,2.53801e-06
1.64632,103174,2.54055e-06
1.64797,103484,2.54309e-06
1.64961,103795,2.54564e-06
1.65126,104106,2.54818e-06
1.65291,104419,2.55073e-06
1.65457,104732,2.55328e-06
1.65622,105047,2.55583e-06
1.65788,105362,2.55839e-06
1.65954,105679,2.56095e-06
1.6612,105996,2.56351e-06
1.66286,106314,2.56607e-06
1.66452,106634,2.56864e-06
1.66618,106954,2.57121e-06
1.66785,107275,2.57378e-06
1.66952,107597,2.57635e-06
1.67119,107920,2.57893e-06
1.67286,108244,2.58151e-06
1.67453,108570,2.58409e-06
1.67621,108896,2.58667e-06
1.67788,109223,2.58926e-06
1.67956,109551,2.59185e-06
1.68124,109880,2.59444e-06
1.68292,110210,2.59703e-06
1.6846,110540,2.59963e-06
1.68629,110872,2.60223e-06
1.68798,111205,2.60483e-06
1.68966,111539,2.60744e-06
1.69135,111874,2.61005e-06
1.69304,112210,2.61266e-06
1.69474,112547,2.61527e-06
1.69643,112885,2.61788e-06
1.69813,113224,2.6205e-06
1.69983,113564,2.62312e-06
1.70153,113905,2.62575e-06
1.70323,114247,2.62837e-06
1.70493,114590,2.631e-06
1.70664,114935,2.63363e-06
1.70834,115280,2.63626e-06
1.71005,115626,2.6389e-06
1.71176,115973,2.64154e-06
1.71347,116321,2.64418e-06
1.71519,116671,2.64682e-06
1.7169,117021,2.64947e-06
1.71862,117372,2.65212e-06
1.72034,117725,2.65477e-06
1.72206,118078,2.65743e-06
1.72378,118433,2.66009e-06
1.7255,118789,2.66275e-06
1.72723,119145,2.66541e-06
1.72896,119503,2.66807e-06
1.73068,119862,2.67074e-06
1.73242,120222,2.67341e-06
1.73415,120583,2.67609e-06
1.73588,120945,2.67876e-06
1.73762,121308,2.68144e-06
1.73936,121673,2.68412e-06
1.74109,122038,2.68681e-06
1.74284,122404,2.68949e-06
1.74458,122772,2.69218e-06
1.74632,123141,2.69487e-06
1.74807,123511,2.69757e-06
1.74982,123881,2.70027e-06
1.75157,124253,2.70297e-06
1.75332,124627,2.70567e-06
1.75507,125001,2.70838e-06
1.75683,125376,2.71108e-06
1.75858,125753,2.7138e-06
1.76034,126130,2.71651e-06
1.7621,126509,2.71923e-06
1.76387,126889,2.72195e-06
1.76563,127270,2.72467e-06
1.7674,127652,2.72739e-06
1.76916,128036,2.73012e-06
1.77093,128420,2.73285e-06
1.7727,128806,2.73558e-06
1.77448,129193,2.73832e-06
1.77625,129581,2.74106e-06
1.77803,129970,2.7438e-06
1.7798,130360,2.74654e-06
1.78158,130751,2.74929e-06
1.78337,131144,2.75204e-06
1.78515,131538,2.75479e-06
1.78693,131933,2.75754e-06
1.78872,132329,2.7603e-06
1.79051,132726,2.76306e-06
1.7923,133125,2.76582e-06
1.79409,133525,2.76859e-06
1.79589,133926,2.77136e-06
1.79768,134328,2.77413e-06
1.79948,134731,2.7769e-06
1.80128,135136,2.77968e-06
1.80308,135542,2.78246e-06
1.80488,135949,2.78524e-06
1.80669,136357,2.78803e-06
1.8085,136767,2.79082e-06
1.8103,137177,2.79361e-06
1.81211,137589,2.7964e-06
1.81393,138002,2.7992e-06
1.81574,138417,2.802e-06
1.81756,138832,2.8048e-06
1.81937,139249,2.8076e-06
1.82119,139668,2.81041e-06
1.82301,140087,2.81322e-06
1.82484,140508,2.81603e-06
1.82666,140930,2.81885e-06
1.82849,141353,2.82167e-06
1.83032,141777,2.82449e-06
1.83215,142203,2.82732e-06
1.83398,142630,2.83014e-06
1.83581,143058,2.83297e-06
1.83765,143488,2.83581e-06
1.83949,143919,2.83864e-06
1.84133,144351,2.84148e-06
1.84317,144785,2.84432e-06
1.84501,145219,2.84717e-06
1.84686,145655,2.85001e-06
1.8487,146093,2.85286e-06
1.85055,146532,2.85572e-06
1.8524,146972,2.85857e-06
1.85425,147413,2.86143e-06
1.85611,147856,2.86429e-06
1.85796,148300,2.86716e-06
1.85982,148745,2.87002e-06
1.86168,149192,2.87289e-06
1.86354,149640,2.87577e-06
1.86541,150089,2.87864e-06
1.86727,150540,2.88152e-06
1.86914,150992,2.8844e-06
1.87101,151445,2.88729e-06
1.87288,151900,2.89017e-06
1.87475,152356,2.89306e-06
1.87663,152814,2.89596e-06
1.8785,153273,2.89885e-06
1.88038,153733,2.90175e-06
1.88226,154195,2.90465e-06
1.88415,154658,2.90756e-06
1.88603,155122,2.91047e-06
1.88792,155588,2.91338e-06
1.8898,156055,2.91629e-06
1.89169,156524,2.91921e-06
1.89359,156994,2.92213e-06
1.89548,157465,2.92505e-06
1.89737,157938,2.92797e-06
1.89927,158412,2.9309e-06
1.90117,158888,2.93383e-06
1.90307,159365,2.93677e-06
1.90498,159844,2.9397e-06
1.90688,160324,2.94264e-06
1.90879,160805,2.94558e-06
1.9107,161288,2.94853e-06
1.91261,161773,2.95148e-06
1.91452,162258,2.95443e-06
1.91643,162746,2.95738e-06
1.91835,163234,2.96034e-06
1.92027,163725,2.9633e-06
1.92219,164216,2.96627e-06
1.92411,164709,2.96923e-06
1.92604,165204,2.9722e-06
1.92796,165700,2.97517e-06
1.92989,166198,2.97815e-06
1.93182,166697,2.98113e-06
1.93375,167197,2.98411e-06
1.93568,167699,2.98709e-06
1.93762,168203,2.99008e-06
1.93956,168708,2.99307e-06
1.9415,169215,2.99606e-06
1.94344,169723,2.99906e-06
1.94538,170233,3.00206e-06
1.94733,170744,3.00506e-06
1.94928,171257,3.00806e-06
1.95122,171771,3.01107e-06
1.95318,172287,3.01408e-06
1.95513,172804,3.0171e-06
1.95708,173323,3.02011e-06
1.95904,173844,3.02313e-06
1.961,174366,3.02616e-06
1.96296,174889,3.02918e-06
1.96492,175414,3.03221e-06
1.96689,175941,3.03525e-06
1.96886,176470,3.03828e-06
1.97083,176999,3.04132e-06
1.9728,177531,3.04436e-06
1.97477,178064,3.0474e-06
1.97674,178599,3.05045e-06
1.97872,179135,3.0535e-06
1.9807,179673,3.05656e-06
1.98268,180213,3.05961e-06
1.98466,180754,3.06267e-06
1.98665,181297,3.06573e-06
1.98863,181841,3.0688e-06
1.99062,182387,3.07187e-06
1.99261,182935,3.07494e-06
1.99461,183484,3.07802e-06
1.9966,184035,3.08109e-06
1.9986,184588,3.08418e-06
2.0006,185142,3.08726e-06
2.0026,185698,3.09035e-06
2.0046,186256,3.09344e-06
2.0066,186815,3.09653e-06
2.00861,187376,3.09963e-06
2.01062,187939,3.10273e-06
2.01263,188503,3.10583e-06
2.01464,189069,3.10894e-06
2.01666,189637,3.11204e-06
2.01867,190207,3.11516e-06
2.02069,190778,3.11827e-06
2.02271,191351,3.12139e-06
2.02473,191925,3.12451e-06
2.02676,192502,3.12764e-06
2.02879,193080,3.13076e-06
2.03082,193660,3.13389e-06
2.03285,194241,3.13703e-06
2.03488,194824,3.14016e-06
2.03691,195409,3.1433e-06
2.03895,195996,3.14645e-06
2.04099,196585,3.14959e-06
2.04303,197175,3.15274e-06
2.04507,197767,3.1559e-06
2.04712,198361,3.15905e-06
2.04917,198957,3.16221e-06
2.05121,199554,3.16537e-06
2.05327,200154,3.16854e-06
2.05532,200755,3.17171e-06
2.05737,201358,3.17488e-06
2.05943,201962,3.17805e-06
2.06149,202569,3.18123e-06
2.06355,203177,3.18441e-06
2.06562,203787,3.1876e-06
2.06768,204399,3.19079e-06
2.06975,205013,3.19398e-06
2.07182,205629,3.19717e-06
2.07389,206246,3.20037e-06
2.07597,206865,3.20357e-06
2.07804,207487,3.20677e-06
2.08012,208110,3.20998e-06
2.0822,208735,3.21319e-06
2.08428,209362,3.2164e-06
2.08637,209990,3.21962e-06
2.08845,210621,3.22284e-06
2.09054,211253,3.22606e-06
2.09263,211888,3.22929e-06
2.09472,212524,3.23252e-06
2.09682,213162,3.23575e-06
2.09892,213802,3.23898e-06
2.10101,214444,3.24222e-06
2.10312,215088,3.24547e-06
2.10522,215734,3.24871e-06
2.10732,216382,3.25196e-06
2.10943,217032,3.25521e-06
2.11154,217684,3.25847e-06
2.11365,218337,3.26173e-06
2.11577,218993,3.26499e-06
2.11788,219651,3.26825e-06
2.12,220310,3.27152e-06
2.12212,220972,3.27479e-06
2.12424,221636,3.27807e-06
2.12637,222301,3.28134e-06
2.12849,222969,3.28463e-06
2.13062,223638,3.28791e-06
2.13275,224310,3.2912e-06
2.13488,224983,3.29449e-06
2.13702,225659,3.29778e-06
2.13916,226337,3.30108e-06
2.14129,227016,3.30438e-06
2.14344,227698,3.30769e-06
2.14558,228382,3.311e-06
2.14773,229068,3.31431e-06
2.14987,229756,3.31762e-06
2.15202,230446,3.32094e-06
2.15417,231138,3.32426e-06
2.15633,231832,3.32758e-06
2.15849,232528,3.33091e-06
2.16064,233226,3.33424e-06
2.1628,233927,3.33758e-06
2.16497,234629,3.34091e-06
2.16713,235334,3.34425e-06
2.1693,236040,3.3476e-06
2.17147,236749,3.35095e-06
2.17364,237460,3.3543e-06
2.17581,238173,3.35765e-06
2.17799,238888,3.36101e-06
2.18017,239606,3.36437e-06
2.18235,240325,3.36773e-06
2.18453,241047,3.3711e-06
2.18671,241771,3.37447e-06
2.1889,242497,3.37785e-06
2.19109,243225,3.38123e-06
2.19328,243956,3.38461e-06
2.19547,244688,3.38799e-06
2.19767,245423,3.39138e-06
2.19987,246160,3.39477e-06
2.20207,246899,3.39817e-06
2.20427,247641,3.40156e-06
2.20647,248384,3.40497e-06
2.20868,249130,3.40837e-06
2.21089,249878,3.41178e-06
2.2131,250629,3.41519e-06
2.21531,251381,3.41861e-06
2.21753,252136,3.42202e-06
2.21975,252893,3.42545e-06
2.22197,253653,3.42887e-06
2.22419,254415,3.4323e-06
2.22641,255179,3.43573e-06
2.22864,255945,3.43917e-06
2.23087,256714,3.44261e-06
2.2331,257484,3.44605e-06
2.23533,258258,3.4495e-06
2.23757,259033,3.45295e-06
2.2398,259811,3.4564e-06
2.24204,260591,3.45986e-06
2.24429,261374,3.46332e-06
2.24653,262159,3.46678e-06
2.24878,262946,3.47025e-06
2.25103,263736,3.47372e-06
2.25328,264528,3.47719e-06
2.25553,265322,3.48067e-06
2.25779,266119,3.48415e-06
2.26004,266918,3.48763e-06
2.2623,267719,3.49112e-06
2.26457,268523,3.49461e-06
2.26683,269330,3.4981e-06
2.2691,270139,3.5016e-06
2.27137,270950,3.5051e-06
2.27364,271764,3.50861e-06
2.27591,272580,3.51212e-06
2.27819,273398,3.51563e-06
2.28046,274219,3.51915e-06
2.28275,275043,3.52267e-06
2.28503,275869,3.52619e-06
2.28731,276697,3.52971e-06
2.2896,277528,3.53324e-06
2.29189,278361,3.53678e-06
2.29418,279197,3.54031e-06
2.29648,280036,3.54385e-06
2.29877,280877,3.5474e-06
2.30107,281720,3.55095e-06
2.30337,282566,3.5545e-06
2.30568,283415,3.55805e-06
2.30798,284266,3.56161e-06
2.31029,285119,3.56517e-06
2.3126,285976,3.56874e-06
2.31491,286834,3.5723e-06
2.31723,287696,3.57588e-06
2.31954,288560,3.57945e-06
2.32186,289426,3.58303e-06
2.32419,290295,3.58661e-06
2.32651,291167,3.5902e-06
2.32884,292042,3.59379e-06
2.33117,292919,3.59739e-06
2.3335,293798,3.60098e-06
2.33583,294681,3.60458e-06
2.33817,295565,3.60819e-06
2.3405,296453,3.6118e-06
2.34284,297343,3.61541e-06
2.34519,298236,3.61902e-06
2.34753,299132,3.62264e-06
2.34988,300030,3.62627e-06
2.35223,300931,3.62989e-06
2.35458,301835,3.63352e-06
2.35694,302741,3.63716e-06
2.35929,303650,3.64079e-06
2.36165,304562,3.64443e-06
2.36401,305477,3.64808e-06
2.36638,306394,3.65173e-06
2.36875,307314,3.65538e-06
2.37111,308237,3.65903e-06
2.37348,309163,3.66269e-06
2.37586,310091,3.66635e-06
2.37823,311022,3.67002e-06
2.38061,311956,3.67369e-06
2.38299,312893,3.67736e-06
2.38538,313833,3.68104e-06
2.38776,314775,3.68472e-06
2.39015,315720,3.68841e-06
2.39254,316669,3.6921e-06
2.39493,317620,3.69579e-06
2.39733,318573,3.69948e-06
2.39972,319530,3.70318e-06
2.40212,320490,3.70689e-06
2.40453,321452,3.71059e-06
2.40693,322417,3.7143e-06
2.40934,323386,3.71802e-06
2.41175,324357,3.72174e-06
2.41416,325331,3.72546e-06
2.41657,326308,3.72918e-06
2.41899,327288,3.73291e-06
2.42141,328270,3.73665e-06
2.42383,329256,3.74038e-06
2.42625,330245,3.74412e-06
2.42868,331237,3.74787e-06
2.43111,332231,3.75161e-06
2.43354,333229,3.75537e-06
2.43597,334230,3.75912e-06
2.43841,335233,3.76288e-06
2.44085,336240,3.76664e-06
2.44329,337250,3.77041e-06
2.44573,338263,3.77418e-06
2.44818,339278,3.77795e-06
2.45063,340297,3.78173e-06
2.45308,341319,3.78551e-06
2.45553,342344,3.7893e-06
2.45798,343372,3.79309e-06
2.46044,344403,3.79688e-06
2.4629,345438,3.80068e-06
2.46537,346475,3.80448e-06
2.46783,347516,3.80828e-06
2.4703,348559,3.81209e-06
2.47277,349606,3.8159e-06
2.47524,350656,3.81972e-06
2.47772,351709,3.82354e-06
2.4802,352765,3.82736e-06
2.48268,353824,3.83119e-06
2.48516,354887,3.83502e-06
2.48764,355953,3.83886e-06
2.49013,357021,3.8427e-06
2.49262,358094,3.84654e-06
2.49511,359169,3.85039e-06
2.49761,360248,3.85424e-06
2.50011,361329,3.85809e-06
2.50261,362414,3.86195e-06
2.50511,363503,3.86581e-06
2.50761,364594,3.86968e-06
2.51012,365689,3.87355e-06
2.51263,366787,3.87742e-06
2.51514,367889,3.8813e-06
2.51766,368994,3.88518e-06
2.52018,370102,3.88906e-06
2.5227,371213,3.89295e-06
2.52522,372328,3.89685e-06
2.52775,373446,3.90074e-06
2.53027,374567,3.90464e-06
2.5328,375692,3.90855e-06
2.53534,376820,3.91246e-06
2.53787,377952,3.91637e-06
2.54041,379087,3.92028e-06
2.54295,380225,3.92421e-06
2.54549,381367,3.92813e-06
2.54804,382512,3.93206e-06
2.55059,383661,3.93599e-06
2.55314,384813,3.93993e-06
2.55569,385969,3.94387e-06
2.55825,387128,3.94781e-06
2.5608,388291,3.95176e-06
2.56336,389457,3.95571e-06
2.56593,390626,3.95966e-06
2.56849,391799,3.96362e-06
2.57106,392976,3.96759e-06
2.57363,394156,3.97156e-06
2.57621,395339,3.97553e-06
2.57878,396527,3.9795e-06
2.58136,397717,3.98348e-06
2.58394,398912,3.98747e-06
2.58653,400110,3.99145e-06
2.58911,401311,3.99544e-06
2.5917,402516,3.99944e-06
2.5943,403725,4.00344e-06
2.59689,404938,4.00744e-06
2.59949,406154,4.01145e-06
2.60209,407373,4.01546e-06
2.60469,408597,4.01948e-06
2.60729,409824,4.0235e-06
2.6099,411054,4.02752e-06
2.61251,412289,4.03155e-06
2.61512,413527,4.03558e-06
2.61774,414769,4.03961e-06
2.62036,416014,4.04365e-06
2.62298,417263,4.0477e-06
2.6256,418517,4.05175e-06
2.62822,419773,4.0558e-06
2.63085,421034,4.05985e-06
2.63348,422298,4.06391e-06
2.63612,423566,4.06798e-06
2.63875,424838,4.07205e-06
2.64139,426114,4.07612e-06
2.64403,427394,4.08019e-06
2.64668,428677,4.08427e-06
2.64932,429965,4.08836e-06
2.65197,431256,4.09245e-06
2.65462,432551,4.09654e-06
2.65728,433850,4.10064e-06
2.65994,435153,4.10474e-06
2.6626,436459,4.10884e-06
2.66526,437770,4.11295e-06
2.66792,439085,4.11706e-06
2.67059,440403,4.12118e-06
2.67326,441726,4.1253e-06
2.67594,443052,4.12943e-06
2.67861,444383,4.13356e-06
2.68129,445717,4.13769e-06
2.68397,447056,4.14183e-06
2.68666,448398,4.14597e-06
2.68934,449745,4.15011e-06
2.69203,451095,4.15426e-06
2.69472,452450,4.15842e-06
2.69742,453809,4.16258e-06
2.70012,455172,4.16674e-06
2.70282,456538,4.17091e-06
2.70552,457909,4.17508e-06
2.70822,459285,4.17925e-06
2.71093,460664,4.18343e-06
2.71364,462047,4.18762e-06
2.71636,463435,4.1918e-06
2.71907,464826,4.19599e-06
2.72179,466222,4.20019e-06
2.72451,467622,4.20439e-06
2.72724,469027,4.2086e-06
2.72997,470435,4.2128e-06
2.7327,471848,4.21702e-06
2.73543,473265,4.22123e-06
2.73816,474686,4.22545e-06
2.7409,476111,4.22968e-06
2.74364,477541,4.23391e-06
2.74639,478975,4.23814e-06
2.74913,480414,4.24238e-06
2.75188,481856,4.24662e-06
2.75463,483303,4.25087e-06
2.75739,484755,4.25512e-06
2.76015,486210,4.25938e-06
2.76291,487670,4.26364e-06
2.76567,489135,4.2679e-06
2.76844,490604,4.27217e-06
2.7712,492077,4.27644e-06
2.77398,493555,4.28072e-06
2.77675,495037,4.285e-06
2.77953,496524,4.28928e-06
2.78231,498015,4.29357e-06
2.78509,499510,4.29786e-06
2.78787,501010,4.30216e-06
2.79066,502515,4.30646e-06
2.79345,504024,4.31077e-06
2.79624,505537,4.31508e-06
2.79904,507055,4.3194e-06
2.80184,508578,4.32372e-06
2.80464,510105,4.32804e-06
2.80745,511637,4.33237e-06
2.81025,513174,4.3367e-06
2.81306,514715,4.34104e-06
2.81588,516260,4.34538e-06
2.81869,517811,4.34972e-06
2.82151,519366,4.35407e-06
2.82433,520925,4.35843e-06
2.82716,522490,4.36279e-06
2.82998,524059,4.36715e-06
2.83281,525633,4.37152e-06
2.83565,527211,4.37589e-06
2.83848,528794,4.38026e-06
2.84132,530382,4.38464e-06
2.84416,531975,4.38903e-06
2.84701,533572,4.39342e-06
2.84985,535175,4.39781e-06
2.8527,536782,4.40221e-06
2.85556,538394,4.40661e-06
2.85841,540011,4.41102e-06
2.86127,541632,4.41543e-06
2.86413,543259,4.41984e-06
2.867,544890,4.42426e-06
2.86986,546527,4.42869e-06
2.87273,548168,4.43312e-06
2.87561,549814,4.43755e-06
2.87848,551465,4.44199e-06
2.88136,553121,4.44643e-06
2.88424,554782,4.45088e-06
2.88713,556448,4.45533e-06
2.89001,558119,4.45978e-06
2.8929,559795,4.46424e-06
2.8958,561476,4.46871e-06
2.89869,563162,4.47317e-06
2.90159,564854,4.47765e-06
2.90449,566550,4.48213e-06
2.9074,568251,4.48661e-06
2.9103,569958,4.49109e-06
2.91321,571669,4.49559e-06
2.91613,573386,4.50008e-06
2.91904,575108,4.50458e-06
2.92196,576835,4.50909e-06
2.92488,578567,4.51359e-06
2.92781,580304,4.51811e-06
2.93074,582047,4.52263e-06
2.93367,583795,4.52715e-06
2.9366,585548,4.53168e-06
2.93954,587307,4.53621e-06
2.94248,589070,4.54074e-06
2.94542,590839,4.54528e-06
2.94837,592614,4.54983e-06
2.95131,594393,4.55438e-06
2.95426,596178,4.55893e-06
2.95722,597968,4.56349e-06
2.96018,599764,4.56806e-06
2.96314,601565,4.57262e-06
2.9661,603372,4.5772e-06
2.96907,605184,4.58177e-06
2.97203,607001,4.58636e-06
2.97501,608824,4.59094e-06
2.97798,610652,4.59553e-06
2.98096,612486,4.60013e-06
2.98394,614325,4.60473e-06
2.98692,616170,4.60933e-06
2.98991,618020,4.61394e-06
2.9929,619876,4.61856e-06
2.99589,621738,4.62318e-06
2.99889,623605,4.6278e-06
3.00189,625478,4.63243e-06
3.00489,627356,4.63706e-06
3.0079,629240,4.6417e-06
3.0109,631129,4.64634e-06
3.01391,633025,4.65098e-06
3.01693,634926,4.65564e-06
3.01995,636832,4.66029e-06
3.02297,638745,4.66495e-06
3.02599,640663,4.66962e-06
3.02901,642587,4.67429e-06
3.03204,644517,4.67896e-06
3.03508,646452,4.68364e-06
3.03811,648393,4.68832e-06
3.04115,650340,4.69301e-06
3.04419,652293,4.6977e-06
3.04723,654252,4.7024e-06
3.05028,656217,4.7071e-06
3.05333,658188,4.71181e-06
3.05639,660164,4.71652e-06
3.05944,662147,4.72124e-06
3.0625,664135,4.72596e-06
3.06556,666129,4.73069e-06
3.06863,668130,4.73542e-06
3.0717,670136,4.74015e-06
3.07477,672149,4.74489e-06
3.07784,674167,4.74964e-06
3.08092,676192,4.75439e-06
3.084,678222,4.75914e-06
3.08709,680259,4.7639e-06
3.09017,682302,4.76867e-06
3.09326,684351,4.77343e-06
3.09636,686406,4.77821e-06
3.09945,688467,4.78299e-06
3.10255,690535,4.78777e-06
3.10566,692608,4.79256e-06
3.10876,694688,4.79735e-06
3.11187,696774,4.80215e-06
3.11498,698867,4.80695e-06
3.1181,700965,4.81176e-06
3.12122,703070,4.81657e-06
3.12434,705182,4.82138e-06
3.12746,707299,4.8262e-06
3.13059,709423,4.83103e-06
3.13372,711554,4.83586e-06
3.13685,713691,4.8407e-06
3.13999,715834,4.84554e-06
3.14313,717983,4.85038e-06
3.14627,720140,4.85523e-06
3.14942,722302,4.86009e-06
3.15257,724471,4.86495e-06
3.15572,726647,4.86981e-06
3.15888,728829,4.87468e-06
3.16204,731018,4.87956e-06
3.1652,733213,4.88444e-06
3.16836,735415,4.88932e-06
3.17153,737623,4.89421e-06
3.1747,739838,4.89911e-06
3.17788,742060,4.90401e-06
3.18106,744288,4.90891e-06
3.18424,746523,4.91382e-06
3.18742,748765,4.91873e-06
3.19061,751014,4.92365e-06
3.1938,753269,4.92858e-06
3.19699,755531,4.9335e-06
3.20019,757800,4.93844e-06
3.20339,760076,4.94338e-06
3.20659,762358,4.94832e-06
3.2098,764648,4.95327e-06
3.21301,766944,4.95822e-06
3.21622,769247,4.96318e-06
3.21944,771557,4.96814e-06
3.22266,773874,4.97311e-06
3.22588,776198,4.97808e-06
3.22911,778529,4.98306e-06
3.23234,780867,4.98804e-06
3.23557,783212,4.99303e-06
3.2388,785564,4.99803e-06
3.24204,787923,5.00302e-06
3.24528,790289,5.00803e-06
3.24853,792662,5.01303e-06
3.25178,795042,5.01805e-06
3.25503,797430,5.02307e-06
3.25828,799825,5.02809e-06
3.26154,802227,5.03312e-06
3.2648,804636,5.03815e-06
3.26807,807052,5.04319e-06
3.27134,809476,5.04823e-06
3.27461,811906,5.05328e-06
3.27788,814345,5.05833e-06
3.28116,816790,5.06339e-06
3.28444,819243,5.06845e-06
3.28773,821703,5.07352e-06
3.29101,824171,5.0786e-06
3.29431,826646,5.08368e-06
3.2976,829128,5.08876e-06
3.3009,831618,5.09385e-06
3.3042,834115,5.09894e-06
3.3075,836620,5.10404e-06
3.31081,839132,5.10914e-06
3.31412,841652,5.11425e-06
3.31744,844180,5.11937e-06
3.32075,846715,5.12449e-06
3.32407,849258,5.12961e-06
3.3274,851808,5.13474e-06
3.33072,854366,5.13988e-06
3.33406,856932,5.14502e-06
3.33739,859505,5.15016e-06
3.34073,862086,5.15531e-06
3.34407,864675,5.16047e-06
3.34741,867272,5.16563e-06
3.35076,869876,5.17079e-06
3.35411,872488,5.17596e-06
3.35746,875108,5.18114e-06
3.36082,877736,5.18632e-06
3.36418,880372,5.19151e-06
3.36755,883016,5.1967e-06
3.37091,885668,5.20189e-06
3.37428,888327,5.2071e-06
3.37766,890995,5.2123e-06
3.38104,893670,5.21752e-06
3.38442,896354,5.22273e-06
3.3878,899046,5.22796e-06
3.39119,901746,5.23318e-06
3.39458,904454,5.23842e-06
3.39798,907170,5.24366e-06
3.40137,909894,5.2489e-06
3.40478,912626,5.25415e-06
3.40818,915367,5.2594e-06
3.41159,918116,5.26466e-06
3.415,920873,5.26993e-06
3.41841,923638,5.2752e-06
3.42183,926412,5.28047e-06
3.42526,929194,5.28575e-06
3.42868,931984,5.29104e-06
3.43211,934783,5.29633e-06
3.43554,937590,5.30163e-06
3.43898,940406,5.30693e-06
3.44242,943230,5.31223e-06
3.44586,946062,5.31755e-06
3.4493,948904,5.32286e-06
3.45275,951753,5.32819e-06
3.45621,954611,5.33351e-06
3.45966,957478,5.33885e-06
3.46312,960353,5.34419e-06
3.46658,963237,5.34953e-06
3.47005,966130,5.35488e-06
3.47352,969031,5.36024e-06
3.477,971941,5.3656e-06
3.48047,974860,5.37096e-06
3.48395,977787,5.37633e-06
3.48744,980724,5.38171e-06
3.49092,983669,5.38709e-06
3.49441,986623,5.39248e-06
3.49791,989585,5.39787e-06
3.50141,992557,5.40327e-06
3.50491,995538,5.40867e-06
3.50841,998527,5.41408e-06
3.51192,1.00153e+06,5.41949e-06
3.51543,1.00453e+06,5.42491e-06
3.51895,1.00755e+06,5.43034e-06
3.52247,1.01058e+06,5.43577e-06
3.52599,1.01361e+06,5.4412e-06
3.52952,1.01665e+06,5.44665e-06
3.53305,1.01971e+06,5.45209e-06
3.53658,1.02277e+06,5.45754e-06
3.54012,1.02584e+06,5.463e-06
3.54366,1.02892e+06,5.46847e-06
3.5472,1.03201e+06,5.47393e-06
3.55075,1.03511e+06,5.47941e-06
3.5543,1.03822e+06,5.48489e-06
3.55785,1.04134e+06,5.49037e-06
3.56141,1.04446e+06,5.49586e-06
3.56497,1.0476e+06,5.50136e-06
3.56854,1.05075e+06,5.50686e-06
3.5721,1.0539e+06,5.51237e-06
3.57568,1.05707e+06,5.51788e-06
3.57925,1.06024e+06,5.5234e-06
3.58283,1.06343e+06,5.52892e-06
3.58641,1.06662e+06,5.53445e-06
3.59,1.06982e+06,5.53998e-06
3.59359,1.07303e+06,5.54552e-06
3.59718,1.07626e+06,5.55107e-06
3.60078,1.07949e+06,5.55662e-06
3.60438,1.08273e+06,5.56218e-06
3.60799,1.08598e+06,5.56774e-06
3.61159,1.08924e+06,5.57331e-06
3.61521,1.09251e+06,5.57888e-06
3.61882,1.09579e+06,5.58446e-06
3.62244,1.09909e+06,5.59004e-06
3.62606,1.10239e+06,5.59563e-06
3.62969,1.1057e+06,5.60123e-06
3.63332,1.10902e+06,5.60683e-06
3.63695,1.11235e+06,5.61244e-06
3.64059,1.11569e+06,5.61805e-06
3.64423,1.11904e+06,5.62367e-06
3.64787,1.1224e+06,5.62929e-06
3.65152,1.12577e+06,5.63492e-06
3.65517,1.12915e+06,5.64056e-06
3.65883,1.13254e+06,5.6462e-06
3.66249,1.13594e+06,5.65184e-06
3.66615,1.13935e+06,5.65749e-06
3.66982,1.14277e+06,5.66315e-06
3.67349,1.14621e+06,5.66881e-06
3.67716,1.14965e+06,5.67448e-06
3.68084,1.1531e+06,5.68016e-06
3.68452,1.15656e+06,5.68584e-06
3.6882,1.16004e+06,5.69152e-06
3.69189,1.16352e+06,5.69722e-06
3.69558,1.16701e+06,5.70291e-06
3.69928,1.17052e+06,5.70862e-06
3.70298,1.17403e+06,5.71432e-06
3.70668,1.17756e+06,5.72004e-06
3.71039,1.1811e+06,5.72576e-06
3.7141,1.18464e+06,5.73148e-06
3.71781,1.1882e+06,5.73722e-06
3.72153,1.19177e+06,5.74295e-06
3.72525,1.19535e+06,5.7487e-06
3.72898,1.19894e+06,5.75444e-06
3.7327,1.20254e+06,5.7602e-06
3.73644,1.20615e+06,5.76596e-06
3.74017,1.20977e+06,5.77172e-06
3.74391,1.2134e+06,5.7775e-06
3.74766,1.21705e+06,5.78327e-06
3.75141,1.2207e+06,5.78906e-06
3.75516,1.22437e+06,5.79485e-06
3.75891,1.22804e+06,5.80064e-06
3.76267,1.23173e+06,5.80644e-06
3.76643,1.23543e+06,5.81225e-06
3.7702,1.23914e+06,5.81806e-06
3.77397,1.24286e+06,5.82388e-06
3.77774,1.24659e+06,5.8297e-06
3.78152,1.25034e+06,5.83553e-06
3.7853,1.25409e+06,5.84137e-06
3.78909,1.25786e+06,5.84721e-06
3.79288,1.26164e+06,5.85306e-06
3.79667,1.26542e+06,5.85891e-06
3.80047,1.26922e+06,5.86477e-06
3.80427,1.27304e+06,5.87063e-06
3.80807,1.27686e+06,5.8765e-06
3.81188,1.28069e+06,5.88238e-06
3.81569,1.28454e+06,5.88826e-06
3.81951,1.2884e+06,5.89415e-06
3.82333,1.29227e+06,5.90005e-06
3.82715,1.29615e+06,5.90595e-06
3.83098,1.30004e+06,5.91185e-06
3.83481,1.30394e+06,5.91776e-06
3.83864,1.30786e+06,5.92368e-06
3.84248,1.31179e+06,5.9296e-06
3.84632,1.31573e+06,5.93553e-06
3.85017,1.31968e+06,5.94147e-06
3.85402,1.32364e+06,5.94741e-06
3.85787,1.32761e+06,5.95336e-06
3.86173,1.3316e+06,5.95931e-06
3.86559,1.3356e+06,5.96527e-06
3.86946,1.33961e+06,5.97124e-06
3.87333,1.34363e+06,5.97721e-06
3.8772,1.34767e+06,5.98318e-06
3.88108,1.35172e+06,5.98917e-06
3.88496,1.35578e+06,5.99516e-06
3.88885,1.35985e+06,6.00115e-06
3.89273,1.36393e+06,6.00715e-06
3.89663,1.36803e+06,6.01316e-06
3.90052,1.37213e+06,6.01917e-06
3.90442,1.37625e+06,6.02519e-06
3.90833,1.38039e+06,6.03122e-06
3.91224,1.38453e+06,6.03725e-06
3.91615,1.38869e+06,6.04329e-06
3.92007,1.39286e+06,6.04933e-06
3.92399,1.39704e+06,6.05538e-06
3.92791,1.40124e+06,6.06143e-06
3.93184,1.40545e+06,6.0675e-06
3.93577,1.40967e+06,6.07356e-06
3.93971,1.4139e+06,6.07964e-06
3.94365,1.41815e+06,6.08572e-06
3.94759,1.42241e+06,6.0918e-06
3.95154,1.42668e+06,6.09789e-06
3.95549,1.43096e+06,6.10399e-06
3.95944,1.43526e+06,6.1101e-06
3.9634,1.43957e+06,6.11621e-06
3.96737,1.44389e+06,6.12232e-06
3.97133,1.44823e+06,6.12844e-06
3.97531,1.45258e+06,6.13457e-06
3.97928,1.45694e+06,6.14071e-06
3.98326,1.46131e+06,6.14685e-06
3.98724,1.4657e+06,6.153e-06
3.99123,1.4701e+06,6.15915e-06
3.99522,1.47452e+06,6.16531e-06
3.99922,1.47895e+06,6.17147e-06
4.00322,1.48339e+06,6.17764e-06
4.00722,1.48784e+06,6.18382e-06
4.01123,1.49231e+06,6.19001e-06
4.01524,1.49679e+06,6.1962e-06
4.01925,1.50129e+06,6.20239e-06
4.02327,1.5058e+06,6.20859e-06
4.0273,1.51032e+06,6.2148e-06
4.03132,1.51485e+06,6.22102e-06
4.03535,1.5194e+06,6.22724e-06
4.03939,1.52396e+06,6.23347e-06
4.04343,1.52854e+06,6.2397e-06
4.04747,1.53313e+06,6.24594e-06
4.05152,1.53773e+06,6.25218e-06
4.05557,1.54235e+06,6.25844e-06
4.05963,1.54698e+06,6.2647e-06
4.06369,1.55163e+06,6.27096e-06
4.06775,1.55629e+06,6.27723e-06
4.07182,1.56096e+06,6.28351e-06
4.07589,1.56565e+06,6.28979e-06
4.07997,1.57035e+06,6.29608e-06
4.08405,1.57507e+06,6.30238e-06
4.08813,1.5798e+06,6.30868e-06
4.09222,1.58454e+06,6.31499e-06
4.09631,1.5893e+06,6.3213e-06
4.10041,1.59407e+06,6.32763e-06
4.10451,1.59886e+06,6.33395e-06
4.10861,1.60366e+06,6.34029e-06
4.11272,1.60848e+06,6.34663e-06
4.11683,1.61331e+06,6.35297e-06
4.12095,1.61815e+06,6.35933e-06
4.12507,1.62301e+06,6.36569e-06
4.1292,1.62789e+06,6.37205e-06
4.13332,1.63277e+06,6.37842e-06
4.13746,1.63768e+06,6.3848e-06
4.1416,1.6426e+06,6.39119e-06
4.14574,1.64753e+06,6.39758e-06
4.14988,1.65248e+06,6.40398e-06
4.15403,1.65744e+06,6.41038e-06
4.15819,1.66242e+06,6.41679e-06
4.16234,1.66741e+06,6.42321e-06
4.16651,1.67241e+06,6.42963e-06
4.17067,1.67744e+06,6.43606e-06
4.17484,1.68247e+06,6.4425e-06
4.17902,1.68753e+06,6.44894e-06
4.1832,1.69259e+06,6.45539e-06
4.18738,1.69768e+06,6.46184e-06
4.19157,1.70278e+06,6.4683e-06
4.19576,1.70789e+06,6.47477e-06
4.19996,1.71302e+06,6.48125e-06
4.20416,1.71816e+06,6.48773e-06
4.20836,1.72332e+06,6.49422e-06
4.21257,1.7285e+06,6.50071e-06
4.21678,1.73369e+06,6.50721e-06
4.221,1.73889e+06,6.51372e-06
4.22522,1.74412e+06,6.52023e-06
4.22944,1.74935e+06,6.52675e-06
4.23367,1.75461e+06,6.53328e-06
4.23791,1.75988e+06,6.53981e-06
4.24214,1.76516e+06,6.54635e-06
4.24639,1.77046e+06,6.5529e-06
4.25063,1.77578e+06,6.55945e-06
4.25488,1.78111e+06,6.56601e-06
4.25914,1.78646e+06,6.57258e-06
4.2634,1.79182e+06,6.57915e-06
4.26766,1.7972e+06,6.58573e-06
4.27193,1.8026e+06,6.59231e-06
4.2762,1.80802e+06,6.59891e-06
4.28048,1.81344e+06,6.60551e-06
4.28476,1.81889e+06,6.61211e-06
4.28904,1.82435e+06,6.61872e-06
4.29333,1.82983e+06,6.62534e-06
4.29762,1.83533e+06,6.63197e-06
4.30192,1.84084e+06,6.6386e-06
4.30622,1.84637e+06,6.64524e-06
4.31053,1.85191e+06,6.65188e-06
4.31484,1.85747e+06,6.65854e-06
4.31916,1.86305e+06,6.66519e-06
4.32348,1.86864e+06,6.67186e-06
4.3278,1.87426e+06,6.67853e-06
4.33213,1.87988e+06,6.68521e-06
4.33646,1.88553e+06,6.69189e-06
4.3408,1.89119e+06,6.69859e-06
4.34514,1.89687e+06,6.70529e-06
4.34948,1.90257e+06,6.71199e-06
4.35383,1.90828e+06,6.7187e-06
4.35818,1.91401e+06,6.72542e-06
4.36254,1.91976e+06,6.73215e-06
4.3669,1.92552e+06,6.73888e-06
4.37127,1.93131e+06,6.74562e-06
4.37564,1.93711e+06,6.75236e-06
4.38002,1.94292e+06,6.75912e-06
4.3844,1.94876e+06,6.76587e-06
4.38878,1.95461e+06,6.77264e-06
4.39317,1.96048e+06,6.77941e-06
4.39757,1.96637e+06,6.78619e-06
4.40196,1.97227e+06,6.79298e-06
4.40636,1.97819e+06,6.79977e-06
4.41077,1.98414e+06,6.80657e-06
4.41518,1.99009e+06,6.81338e-06
4.4196,1.99607e+06,6.82019e-06
4.42402,2.00206e+06,6.82701e-06
4.42844,2.00808e+06,6.83384e-06
4.43287,2.01411e+06,6.84067e-06
4.4373,2.02015e+06,6.84751e-06
4.44174,2.02622e+06,6.85436e-06
4.44618,2.03231e+06,6.86121e-06
4.45063,2.03841e+06,6.86808e-06
4.45508,2.04453e+06,6.87494e-06
4.45953,2.05067e+06,6.88182e-06
4.46399,2.05683e+06,6.8887e-06
4.46846,2.063e+06,6.89559e-06
4.47292,2.0692e+06,6.90249e-06
4.4774,2.07541e+06,6.90939e-06
4.48188,2.08165e+06,6.9163e-06
4.48636,2.0879e+06,6.92321e-06
4.49084,2.09417e+06,6.93014e-06
4.49533,2.10046e+06,6.93707e-06
4.49983,2.10676e+06,6.944e-06
4.50433,2.11309e+06,6.95095e-06
4.50883,2.11944e+06,6.9579e-06
4.51334,2.1258e+06,6.96486e-06
4.51786,2.13218e+06,6.97182e-06
4.52237,2.13859e+06,6.97879e-06
4.5269,2.14501e+06,6.98577e-06
4.53142,2.15145e+06,6.99276e-06
4.53595,2.15791e+06,6.99975e-06
4.54049,2.16439e+06,7.00675e-06
4.54503,2.17089e+06,7.01376e-06
4.54958,2.17741e+06,7.02077e-06
4.55413,2.18395e+06,7.02779e-06
4.55868,2.19051e+06,7.03482e-06
4.56324,2.19709e+06,7.04185e-06
4.5678,2.20368e+06,7.0489e-06
4.57237,2.2103e+06,7.05595e-06
4.57694,2.21694e+06,7.063e-06
4.58152,2.2236e+06,7.07006e-06
4.5861,2.23027e+06,7.07713e-06
4.59069,2.23697e+06,7.08421e-06
4.59528,2.24369e+06,7.0913e-06
4.59987,2.25043e+06,7.09839e-06
4.60447,2.25719e+06,7.10549e-06
4.60908,2.26396e+06,7.11259e-06
4.61369,2.27076e+06,7.1197e-06
4.6183,2.27758e+06,7.12682e-06
4.62292,2.28442e+06,7.13395e-06
4.62754,2.29128e+06,7.14108e-06
4.63217,2.29816e+06,7.14822e-06
4.6368,2.30506e+06,7.15537e-06
4.64144,2.31199e+06,7.16253e-06
4.64608,2.31893e+06,7.16969e-06
4.65072,2.32589e+06,7.17686e-06
4.65538,2.33288e+06,7.18404e-06
4.66003,2.33988e+06,7.19122e-06
4.66469,2.34691e+06,7.19841e-06
4.66936,2.35396e+06,7.20561e-06
4.67402,2.36103e+06,7.21282e-06
4.6787,2.36812e+06,7.22003e-06
4.68338,2.37523e+06,7.22725e-06
4.68806,2.38236e+06,7.23448e-06
4.69275,2.38951e+06,7.24171e-06
4.69744,2.39669e+06,7.24895e-06
4.70214,2.40389e+06,7.2562e-06
4.70684,2.41111e+06,7.26346e-06
4.71155,2.41835e+06,7.27072e-06
4.71626,2.42561e+06,7.27799e-06
4.72098,2.43289e+06,7.28527e-06
4.7257,2.4402e+06,7.29256e-06
4.73042,2.44753e+06,7.29985e-06
4.73515,2.45488e+06,7.30715e-06
4.73989,2.46225e+06,7.31446e-06
4.74463,2.46964e+06,7.32177e-06
4.74937,2.47706e+06,7.32909e-06
4.75412,2.4845e+06,7.33642e-06
4.75888,2.49196e+06,7.34376e-06
4.76364,2.49944e+06,7.3511e-06
4.7684,2.50695e+06,7.35845e-06
4.77317,2.51448e+06,7.36581e-06
4.77794,2.52203e+06,7.37318e-06
4.78272,2.5296e+06,7.38055e-06
4.7875,2.5372e+06,7.38793e-06
4.79229,2.54482e+06,7.39532e-06
4.79708,2.55246e+06,7.40271e-06
4.80188,2.56012e+06,7.41012e-06
4.80668,2.56781e+06,7.41753e-06
4.81149,2.57552e+06,7.42494e-06
4.8163,2.58326e+06,7.43237e-06
4.82111,2.59101e+06,7.4398e-06
4.82594,2.5988e+06,7.44724e-06
4.83076,2.6066e+06,7.45469e-06
4.83559,2.61443e+06,7.46214e-06
4.84043,2.62228e+06,7.4696e-06
4.84527,2.63015e+06,7.47707e-06
4.85011,2.63805e+06,7.48455e-06
4.85496,2.64597e+06,7.49204e-06
4.85982,2.65392e+06,7.49953e-06
4.86468,2.66189e+06,7.50703e-06
4.86954,2.66988e+06,7.51453e-06
4.87441,2.6779e+06,7.52205e-06
4.87929,2.68594e+06,7.52957e-06
4.88417,2.69401e+06,7.5371e-06
4.88905,2.7021e+06,7.54464e-06
4.89394,2.71021e+06,7.55218e-06
4.89883,2.71835e+06,7.55973e-06
4.90373,2.72651e+06,7.56729e-06
4.90864,2.7347e+06,7.57486e-06
4.91354,2.74291e+06,7.58244e-06
4.91846,2.75115e+06,7.59002e-06
4.92338,2.75941e+06,7.59761e-06
4.9283,2.7677e+06,7.60521e-06
4.93323,2.77601e+06,7.61281e-06
4.93816,2.78435e+06,7.62042e-06
4.9431,2.79271e+06,7.62804e-06
4.94804,2.8011e+06,7.63567e-06
4.95299,2.80951e+06,7.64331e-06
4.95794,2.81794e+06,7.65095e-06
4.9629,2.82641e+06,7.6586e-06
4.96786,2.83489e+06,7.66626e-06
4.97283,2.84341e+06,7.67393e-06
4.97781,2.85195e+06,7.6816e-06
4.98278,2.86051e+06,7.68928e-06
4.98777,2.8691e+06,7.69697e-06
4.99275,2.87772e+06,7.70467e-06
4.99775,2.88636e+06,7.71237e-06
5.00274,2.89503e+06,7.72009e-06
5.00775,2.90372e+06,7.72781e-06
5.01275,2.91244e+06,7.73553e-06
5.01777,2.92119e+06,7.74327e-06
5.02279,2.92996e+06,7.75101e-06
5.02781,2.93876e+06,7.75876e-06
5.03284,2.94758e+06,7.76652e-06
5.03787,2.95643e+06,7.77429e-06
5.04291,2.96531e+06,7.78206e-06
5.04795,2.97422e+06,7.78985e-06
5.053,2.98315e+06,7.79764e-06
5.05805,2.99211e+06,7.80543e-06
5.06311,3.00109e+06,7.81324e-06
5.06817,3.0101e+06,7.82105e-06
5.07324,3.01914e+06,7.82887e-06
5.07831,3.02821e+06,7.8367e-06
5.08339,3.0373e+06,7.84454e-06
5.08847,3.04642e+06,7.85238e-06
5.09356,3.05557e+06,7.86024e-06
5.09866,3.06475e+06,7.8681e-06
5.10376,3.07395e+06,7.87596e-06
5.10886,3.08318e+06,7.88384e-06
5.11397,3.09244e+06,7.89172e-06
5.11908,3.10173e+06,7.89962e-06
5.1242,3.11104e+06,7.90752e-06
5.12932,3.12039e+06,7.91542e-06
5.13445,3.12976e+06,7.92334e-06
5.13959,3.13916e+06,7.93126e-06
5.14473,3.14858e+06,7.93919e-06
5.14987,3.15804e+06,7.94713e-06
5.15502,3.16752e+06,7.95508e-06
5.16018,3.17703e+06,7.96303e-06
5.16534,3.18657e+06,7.971e-06
5.1705,3.19614e+06,7.97897e-06
5.17567,3.20574e+06,7.98695e-06
5.18085,3.21537e+06,7.99493e-06
5.18603,3.22502e+06,8.00293e-06
5.19122,3.23471e+06,8.01093e-06
5.19641,3.24442e+06,8.01894e-06
5.2016,3.25417e+06,8.02696e-06
5.20681,3.26394e+06,8.03499e-06
5.21201,3.27374e+06,8.04302e-06
5.21722,3.28357e+06,8.05107e-06
5.22244,3.29343e+06,8.05912e-06
5.22766,3.30332e+06,8.06718e-06
5.23289,3.31324e+06,8.07524e-06
5.23812,3.32319e+06,8.08332e-06
5.24336,3.33317e+06,8.0914e-06
5.24861,3.34318e+06,8.09949e-06
5.25385,3.35322e+06,8.10759e-06
5.25911,3.36329e+06,8.1157e-06
5.26437,3.37339e+06,8.12382e-06
5.26963,3.38352e+06,8.13194e-06
5.2749,3.39368e+06,8.14007e-06
5.28018,3.40387e+06,8.14821e-06
5.28546,3.41409e+06,8.15636e-06
5.29074,3.42435e+06,8.16452e-06
5.29603,3.43463e+06,8.17268e-06
5.30133,3.44494e+06,8.18085e-06
5.30663,3.45529e+06,8.18904e-06
5.31194,3.46566e+06,8.19722e-06
5.31725,3.47607e+06,8.20542e-06
5.32257,3.48651e+06,8.21363e-06
5.32789,3.49698e+06,8.22184e-06
5.33322,3.50748e+06,8.23006e-06
5.33855,3.51801e+06,8.23829e-06
5.34389,3.52858e+06,8.24653e-06
5.34923,3.53918e+06,8.25478e-06
5.35458,3.5498e+06,8.26303e-06
5.35994,3.56046e+06,8.2713e-06
5.3653,3.57116e+06,8.27957e-06
5.37066,3.58188e+06,8.28785e-06
5.37603,3.59264e+06,8.29613e-06
5.38141,3.60343e+06,8.30443e-06
5.38679,3.61425e+06,8.31273e-06
5.39218,3.6251e+06,8.32105e-06
5.39757,3.63599e+06,8.32937e-06
5.40297,3.6469e+06,8.3377e-06
5.40837,3.65786e+06,8.34604e-06
5.41378,3.66884e+06,8.35438e-06
5.41919,3.67986e+06,8.36274e-06
5.42461,3.69091e+06,8.3711e-06
5.43004,3.70199e+06,8.37947e-06
5.43547,3.71311e+06,8.38785e-06
5.4409,3.72426e+06,8.39624e-06
5.44634,3.73544e+06,8.40463e-06
5.45179,3.74666e+06,8.41304e-06
5.45724,3.75791e+06,8.42145e-06
5.4627,3.7692e+06,8.42987e-06
5.46816,3.78052e+06,8.4383e-06
5.47363,3.79187e+06,8.44674e-06
5.4791,3.80326e+06,8.45519e-06
5.48458,3.81468e+06,8.46364e-06
5.49006,3.82613e+06,8.47211e-06
5.49556,3.83762e+06,8.48058e-06
5.50105,3.84915e+06,8.48906e-06
5.50655,3.86071e+06,8.49755e-06
5.51206,3.8723e+06,8.50605e-06
5.51757,3.88393e+06,8.51455e-06
5.52309,3.89559e+06,8.52307e-06
5.52861,3.90729e+06,8.53159e-06
5.53414,3.91902e+06,8.54012e-06
5.53967,3.93079e+06,8.54866e-06
5.54521,3.9426e+06,8.55721e-06
5.55076,3.95444e+06,8.56577e-06
5.55631,3.96631e+06,8.57433e-06
5.56187,3.97822e+06,8.58291e-06
5.56743,3.99017e+06,8.59149e-06
5.57299,4.00215e+06,8.60008e-06
5.57857,4.01417e+06,8.60868e-06
5.58415,4.02623e+06,8.61729e-06
5.58973,4.03832e+06,8.62591e-06
5.59532,4.05044e+06,8.63453e-06
5.60092,4.06261e+06,8.64317e-06
5.60652,4.07481e+06,8.65181e-06
5.61212,4.08704e+06,8.66046e-06
5.61774,4.09932e+06,8.66912e-06
5.62335,4.11163e+06,8.67779e-06
5.62898,4.12397e+06,8.68647e-06
5.63461,4.13636e+06,8.69516e-06
5.64024,4.14878e+06,8.70385e-06
5.64588,4.16124e+06,8.71256e-06
5.65153,4.17374e+06,8.72127e-06
5.65718,4.18627e+06,8.72999e-06
5.66283,4.19884e+06,8.73872e-06
5.6685,4.21145e+06,8.74746e-06
5.67417,4.2241e+06,8.75621e-06
5.67984,4.23678e+06,8.76496e-06
5.68552,4.2495e+06,8.77373e-06
5.69121,4.26227e+06,8.7825e-06
5.6969,4.27507e+06,8.79128e-06
5.70259,4.2879e+06,8.80007e-06
5.7083,4.30078e+06,8.80887e-06
5.714,4.3137e+06,8.81768e-06
5.71972,4.32665e+06,8.8265e-06
5.72544,4.33964e+06,8.83533e-06
5.73116,4.35267e+06,8.84416e-06
5.73689,4.36575e+06,8.85301e-06
5.74263,4.37886e+06,8.86186e-06
5.74837,4.39201e+06,8.87072e-06
5.75412,4.40519e+06,8.87959e-06
5.75988,4.41842e+06,8.88847e-06
5.76564,4.43169e+06,8.89736e-06
5.7714,4.445e+06,8.90626e-06
5.77717,4.45835e+06,8.91516e-06
5.78295,4.47174e+06,8.92408e-06
5.78873,4.48517e+06,8.933e-06
5.79452,4.49863e+06,8.94194e-06
5.80032,4.51214e+06,8.95088e-06
5.80612,4.52569e+06,8.95983e-06
5.81192,4.53928e+06,8.96879e-06
5.81774,4.55292e+06,8.97776e-06
5.82355,4.56659e+06,8.98674e-06
5.82938,4.5803e+06,8.99572e-06
5.83521,4.59406e+06,9.00472e-06
5.84104,4.60785e+06,9.01372e-06
5.84688,4.62169e+06,9.02274e-06
5.85273,4.63557e+06,9.03176e-06
5.85858,4.64949e+06,9.04079e-06
5.86444,4.66345e+06,9.04983e-06
5.87031,4.67746e+06,9.05888e-06
5.87618,4.6915e+06,9.06794e-06
5.88205,4.70559e+06,9.07701e-06
5.88793,4.71972e+06,9.08609e-06
5.89382,4.7339e+06,9.09517e-06
5.89972,4.74811e+06,9.10427e-06
5.90562,4.76237e+06,9.11337e-06
5.91152,4.77667e+06,9.12248e-06
5.91743,4.79102e+06,9.13161e-06
5.92335,4.8054e+06,9.14074e-06
5.92927,4.81983e+06,9.14988e-06
5.9352,4.83431e+06,9.15903e-06
5.94114,4.84882e+06,9.16819e-06
5.94708,4.86339e+06,9.17736e-06
5.95303,4.87799e+06,9.18653e-06
5.95898,4.89264e+06,9.19572e-06
5.96494,4.90733e+06,9.20492e-06
5.9709,4.92207e+06,9.21412e-06
5.97687,4.93685e+06,9.22333e-06
5.98285,4.95167e+06,9.23256e-06
5.98883,4.96654e+06,9.24179e-06
5.99482,4.98146e+06,9.25103e-06
6.00082,4.99642e+06,9.26028e-06
6.00682,5.01142e+06,9.26954e-06
6.01282,5.02647e+06,9.27881e-06
6.01884,5.04157e+06,9.28809e-06
6.02486,5.05671e+06,9.29738e-06
6.03088,5.07189e+06,9.30668e-06
6.03691,5.08712e+06,9.31598e-06
6.04295,5.1024e+06,9.3253e-06
6.04899,5.11772e+06,9.33463e-06
6.05504,5.13309e+06,9.34396e-06
6.0611,5.14851e+06,9.3533e-06
6.06716,5.16397e+06,9.36266e-06
6.07322,5.17947e+06,9.37202e-06
6.0793,5.19503e+06,9.38139e-06
6.08538,5.21063e+06,9.39077e-06
6.09146,5.22628e+06,9.40016e-06
6.09755,5.24197e+06,9.40956e-06
6.10365,5.25771e+06,9.41897e-06
6.10975,5.2735e+06,9.42839e-06
6.11586,5.28934e+06,9.43782e-06
6.12198,5.30522e+06,9.44726e-06
6.1281,5.32115e+06,9.45671e-06
6.13423,5.33713e+06,9.46616e-06
6.14036,5.35316e+06,9.47563e-06
6.14651,5.36923e+06,9.4851e-06
6.15265,5.38536e+06,9.49459e-06
6.1588,5.40153e+06,9.50408e-06
6.16496,5.41775e+06,9.51359e-06
6.17113,5.43402e+06,9.5231e-06
6.1773,5.45034e+06,9.53263e-06
6.18348,5.46671e+06,9.54216e-06
6.18966,5.48312e+06,9.5517e-06
6.19585,5.49959e+06,9.56125e-06
6.20205,5.5161e+06,9.57081e-06
6.20825,5.53267e+06,9.58038e-06
6.21446,5.54928e+06,9.58996e-06
6.22067,5.56595e+06,9.59955e-06
6.22689,5.58266e+06,9.60915e-06
6.23312,5.59943e+06,9.61876e-06
6.23935,5.61624e+06,9.62838e-06
6.24559,5.63311e+06,9.63801e-06
6.25184,5.65002e+06,9.64765e-06
6.25809,5.66699e+06,9.6573e-06
6.26435,5.68401e+06,9.66695e-06
6.27061,5.70108e+06,9.67662e-06
6.27688,5.7182e+06,9.6863e-06
6.28316,5.73537e+06,9.69598e-06
6.28944,5.75259e+06,9.70568e-06
6.29573,5.76987e+06,9.71538e-06
6.30203,5.7872e+06,9.7251e-06
6.30833,5.80458e+06,9.73482e-06
6.31464,5.82201e+06,9.74456e-06
6.32095,5.83949e+06,9.7543e-06
6.32727,5.85703e+06,9.76406e-06
6.3336,5.87461e+06,9.77382e-06
6.33993,5.89226e+06,9.7836e-06
6.34627,5.90995e+06,9.79338e-06
6.35262,5.9277e+06,9.80317e-06
6.35897,5.9455e+06,9.81298e-06
6.36533,5.96335e+06,9.82279e-06
6.3717,5.98126e+06,9.83261e-06
6.37807,5.99922e+06,9.84244e-06
6.38445,6.01724e+06,9.85229e-06
6.39083,6.03531e+06,9.86214e-06
6.39722,6.05343e+06,9.872e-06
6.40362,6.07161e+06,9.88187e-06
6.41002,6.08984e+06,9.89176e-06
6.41643,6.10813e+06,9.90165e-06
6.42285,6.12647e+06,9.91155e-06
6.42927,6.14487e+06,9.92146e-06
6.4357,6.16333e+06,9.93138e-06
6.44214,6.18183e+06,9.94131e-06
6.44858,6.2004e+06,9.95125e-06
6.45503,6.21902e+06,9.96121e-06
6.46148,6.23769e+06,9.97117e-06
6.46794,6.25643e+06,9.98114e-06
6.47441,6.27521e+06,9.99112e-06
6.48089,6.29406e+06,1.00011e-05
6.48737,6.31296e+06,1.00111e-05
6.49385,6.33192e+06,1.00211e-05
6.50035,6.35093e+06,1.00311e-05
6.50685,6.37e+06,1.00412e-05
6.51335,6.38913e+06,1.00512e-05
6.51987,6.40832e+06,1.00613e-05
6.52639,6.42756e+06,1.00713e-05
6.53291,6.44687e+06,1.00814e-05
6.53945,6.46623e+06,1.00915e-05
6.54599,6.48564e+06,1.01016e-05
6.55253,6.50512e+06,1.01117e-05
6.55909,6.52465e+06,1.01218e-05
6.56564,6.54425e+06,1.01319e-05
6.57221,6.5639e+06,1.0142e-05
6.57878,6.58361e+06,1.01522e-05
6.58536,6.60338e+06,1.01623e-05
6.59195,6.62321e+06,1.01725e-05
6.59854,6.6431e+06,1.01827e-05
6.60514,6.66305e+06,1.01929e-05
6.61174,6.68306e+06,1.0203e-05
6.61835,6.70313e+06,1.02132e-05
6.62497,6.72326e+06,1.02235e-05
6.6316,6.74345e+06,1.02337e-05
6.63823,6.7637e+06,1.02439e-05
6.64487,6.78401e+06,1.02542e-05
6.65151,6.80438e+06,1.02644e-05
6.65816,6.82482e+06,1.02747e-05
6.66482,6.84531e+06,1.0285e-05
6.67149,6.86587e+06,1.02952e-05
6.67816,6.88649e+06,1.03055e-05
6.68484,6.90717e+06,1.03158e-05
6.69152,6.92791e+06,1.03262e-05
6.69821,6.94871e+06,1.03365e-05
6.70491,6.96958e+06,1.03468e-05
6.71162,6.99051e+06,1.03572e-05
6.71833,7.0115e+06,1.03675e-05
6.72505,7.03256e+06,1.03779e-05
6.73177,7.05368e+06,1.03883e-05
6.7385,7.07486e+06,1.03987e-05
6.74524,7.0961e+06,1.04091e-05
6.75199,7.11741e+06,1.04195e-05
6.75874,7.13879e+06,1.04299e-05
6.7655,7.16023e+06,1.04403e-05
6.77226,7.18173e+06,1.04508e-05
6.77903,7.20329e+06,1.04612e-05
6.78581,7.22493e+06,1.04717e-05
6.7926,7.24662e+06,1.04821e-05
6.79939,7.26838e+06,1.04926e-05
6.80619,7.29021e+06,1.05031e-05
6.813,7.3121e+06,1.05136e-05
6.81981,7.33406e+06,1.05241e-05
6.82663,7.35609e+06,1.05347e-05
6.83346,7.37818e+06,1.05452e-05
6.84029,7.40033e+06,1.05557e-05
6.84713,7.42256e+06,1.05663e-05
6.85398,7.44485e+06,1.05769e-05
6.86083,7.4672e+06,1.05874e-05
6.86769,7.48963e+06,1.0598e-05
6.87456,7.51212e+06,1.06086e-05
6.88143,7.53468e+06,1.06192e-05
6.88832,7.5573e+06,1.06298e-05
6.8952,7.58e+06,1.06405e-05
6.9021,7.60276e+06,1.06511e-05
6.909,7.62559e+06,1.06618e-05
6.91591,7.64849e+06,1.06724e-05
6.92283,7.67146e+06,1.06831e-05
6.92975,7.6945e+06,1.06938e-05
6.93668,7.7176e+06,1.07045e-05
6.94362,7.74078e+06,1.07152e-05
6.95056,7.76403e+06,1.07259e-05
6.95751,7.78734e+06,1.07366e-05
6.96447,7.81073e+06,1.07474e-05
6.97143,7.83418e+06,1.07581e-05
6.9784,7.85771e+06,1.07689e-05
6.98538,7.88131e+06,1.07796e-05
6.99237,7.90497e+06,1.07904e-05
6.99936,7.92871e+06,1.08012e-05
7.00636,7.95252e+06,1.0812e-05
7.01337,7.9764e+06,1.08228e-05
7.02038,8.00036e+06,1.08336e-05
7.0274,8.02438e+06,1.08445e-05
7.03443,8.04848e+06,1.08553e-05
7.04146,8.07265e+06,1.08662e-05
7.0485,8.09689e+06,1.0877e-05
7.05555,8.12121e+06,1.08879e-05
7.06261,8.14559e+06,1.08988e-05
7.06967,8.17005e+06,1.09097e-05
7.07674,8.19459e+06,1.09206e-05
7.08382,8.2192e+06,1.09315e-05
7.0909,8.24388e+06,1.09425e-05
7.09799,8.26864e+06,1.09534e-05
7.10509,8.29347e+06,1.09644e-05
7.11219,8.31837e+06,1.09753e-05
7.11931,8.34335e+06,1.09863e-05
7.12642,8.36841e+06,1.09973e-05
7.13355,8.39354e+06,1.10083e-05
7.14068,8.41874e+06,1.10193e-05
7.14783,8.44402e+06,1.10303e-05
7.15497,8.46938e+06,1.10413e-05
7.16213,8.49482e+06,1.10524e-05
7.16929,8.52033e+06,1.10634e-05
7.17646,8.54591e+06,1.10745e-05
7.18364,8.57158e+06,1.10856e-05
7.19082,8.59732e+06,1.10967e-05
7.19801,8.62313e+06,1.11078e-05
7.20521,8.64903e+06,1.11189e-05
7.21241,8.675e+06,1.113e-05
7.21963,8.70105e+06,1.11411e-05
7.22685,8.72718e+06,1.11523e-05
7.23407,8.75339e+06,1.11634e-05
7.24131,8.77968e+06,1.11746e-05
7.24855,8.80604e+06,1.11857e-05
7.2558,8.83249e+06,1.11969e-05
7.26305,8.85901e+06,1.12081e-05
7.27032,8.88561e+06,1.12193e-05
7.27759,8.9123e+06,1.12306e-05
7.28486,8.93906e+06,1.12418e-05
7.29215,8.96591e+06,1.1253e-05
7.29944,8.99283e+06,1.12643e-05
7.30674,9.01984e+06,1.12755e-05
7.31405,9.04692e+06,1.12868e-05
7.32136,9.07409e+06,1.12981e-05
7.32868,9.10134e+06,1.13094e-05
7.33601,9.12867e+06,1.13207e-05
7.34335,9.15608e+06,1.1332e-05
7.35069,9.18358e+06,1.13434e-05
7.35804,9.21116e+06,1.13547e-05
7.3654,9.23882e+06,1.13661e-05
7.37276,9.26656e+06,1.13774e-05
7.38014,9.29439e+06,1.13888e-05
7.38752,9.3223e+06,1.14002e-05
7.3949,9.3503e+06,1.14116e-05
7.4023,9.37838e+06,1.1423e-05
7.4097,9.40654e+06,1.14344e-05
7.41711,9.43479e+06,1.14459e-05
7.42453,9.46312e+06,1.14573e-05
7.43195,9.49154e+06,1.14688e-05
7.43939,9.52004e+06,1.14802e-05
7.44682,9.54863e+06,1.14917e-05
7.45427,9.5773e+06,1.15032e-05
7.46173,9.60606e+06,1.15147e-05
7.46919,9.63491e+06,1.15262e-05
7.47666,9.66385e+06,1.15378e-05
7.48413,9.69287e+06,1.15493e-05
7.49162,9.72197e+06,1.15608e-05
7.49911,9.75117e+06,1.15724e-05
7.50661,9.78045e+06,1.1584e-05
7.51411,9.80982e+06,1.15956e-05
7.52163,9.83928e+06,1.16072e-05
7.52915,9.86883e+06,1.16188e-05
7.53668,9.89846e+06,1.16304e-05
7.54422,9.92819e+06,1.1642e-05
7.55176,9.958e+06,1.16537e-05
7.55931,9.98791e+06,1.16653e-05
7.56687,1.00179e+07,1.1677e-05
7.57444,1.0048e+07,1.16886e-05
7.58201,1.00782e+07,1.17003e-05
7.58959,1.01084e+07,1.1712e-05
7.59718,1.01388e+07,1.17238e-05
7.60478,1.01692e+07,1.17355e-05
7.61239,1.01998e+07,1.17472e-05
7.62,1.02304e+07,1.1759e-05
7.62762,1.02611e+07,1.17707e-05
7.63525,1.02919e+07,1.17825e-05
7.64288,1.03228e+07,1.17943e-05
7.65052,1.03538e+07,1.18061e-05
7.65817,1.03849e+07,1.18179e-05
7.66583,1.04161e+07,1.18297e-05
7.6735,1.04474e+07,1.18415e-05
7.68117,1.04788e+07,1.18534e-05
7.68885,1.05102e+07,1.18652e-05
7.69654,1.05418e+07,1.18771e-05
7.70424,1.05735e+07,1.1889e-05
7.71194,1.06052e+07,1.19008e-05
7.71966,1.06371e+07,1.19127e-05
7.72737,1.0669e+07,1.19247e-05
7.7351,1.0701e+07,1.19366e-05
7.74284,1.07332e+07,1.19485e-05
7.75058,1.07654e+07,1.19605e-05
7.75833,1.07977e+07,1.19724e-05
7.76609,1.08302e+07,1.19844e-05
7.77386,1.08627e+07,1.19964e-05
7.78163,1.08953e+07,1.20084e-05
7.78941,1.0928e+07,1.20204e-05
7.7972,1.09608e+07,1.20324e-05
7.805,1.09938e+07,1.20444e-05
7.8128,1.10268e+07,1.20565e-05
7.82062,1.10599e+07,1.20685e-05
7.82844,1.10931e+07,1.20806e-05
7.83626,1.11264e+07,1.20927e-05
7.8441,1.11598e+07,1.21048e-05
7.85194,1.11933e+07,1.21169e-05
7.8598,1.12269e+07,1.2129e-05
7.86766,1.12607e+07,1.21411e-05
7.87552,1.12945e+07,1.21533e-05
7.8834,1.13284e+07,1.21654e-05
7.89128,1.13624e+07,1.21776e-05
7.89917,1.13965e+07,1.21898e-05
7.90707,1.14308e+07,1.2202e-05
7.91498,1.14651e+07,1.22142e-05
7.9229,1.14995e+07,1.22264e-05
7.93082,1.1534e+07,1.22386e-05
7.93875,1.15687e+07,1.22508e-05
7.94669,1.16034e+07,1.22631e-05
7.95463,1.16383e+07,1.22754e-05
7.96259,1.16732e+07,1.22876e-05
7.97055,1.17083e+07,1.22999e-05
7.97852,1.17434e+07,1.23122e-05
7.9865,1.17787e+07,1.23245e-05
7.99449,1.18141e+07,1.23369e-05
8.00248,1.18495e+07,1.23492e-05
8.01048,1.18851e+07,1.23615e-05
8.01849,1.19208e+07,1.23739e-05
8.02651,1.19566e+07,1.23863e-05
8.03454,1.19925e+07,1.23987e-05
8.04257,1.20285e+07,1.24111e-05
8.05062,1.20647e+07,1.24235e-05
8.05867,1.21009e+07,1.24359e-05
8.06673,1.21372e+07,1.24483e-05
8.07479,1.21737e+07,1.24608e-05
8.08287,1.22102e+07,1.24732e-05
8.09095,1.22469e+07,1.24857e-05
8.09904,1.22837e+07,1.24982e-05
8.10714,1.23206e+07,1.25107e-05
8.11525,1.23576e+07,1.25232e-05
8.12336,1.23947e+07,1.25357e-05
8.13149,1.24319e+07,1.25483e-05
8.13962,1.24692e+07,1.25608e-05
8.14776,1.25067e+07,1.25734e-05
8.15591,1.25442e+07,1.2586e-05
8.16406,1.25819e+07,1.25985e-05
8.17223,1.26197e+07,1.26111e-05
8.1804,1.26576e+07,1.26237e-05
8.18858,1.26956e+07,1.26364e-05
8.19677,1.27337e+07,1.2649e-05
8.20496,1.2772e+07,1.26617e-05
8.21317,1.28103e+07,1.26743e-05
8.22138,1.28488e+07,1.2687e-05
8.2296,1.28874e+07,1.26997e-05
8.23783,1.29261e+07,1.27124e-05
8.24607,1.29649e+07,1.27251e-05
8.25432,1.30038e+07,1.27378e-05
8.26257,1.30429e+07,1.27506e-05
8.27083,1.3082e+07,1.27633e-05
8.2791,1.31213e+07,1.27761e-05
8.28738,1.31607e+07,1.27888e-05
8.29567,1.32002e+07,1.28016e-05
8.30397,1.32399e+07,1.28144e-05
8.31227,1.32796e+07,1.28272e-05
8.32058,1.33195e+07,1.28401e-05
8.3289,1.33595e+07,1.28529e-05
8.33723,1.33996e+07,1.28658e-05
8.34557,1.34399e+07,1.28786e-05
8.35391,1.34802e+07,1.28915e-05
8.36227,1.35207e+07,1.29044e-05
8.37063,1.35613e+07,1.29173e-05
8.379,1.36021e+07,1.29302e-05
8.38738,1.36429e+07,1.29432e-05
8.39577,1.36839e+07,1.29561e-05
8.40416,1.3725e+07,1.29691e-05
8.41257,1.37662e+07,1.2982e-05
8.42098,1.38075e+07,1.2995e-05
8.4294,1.3849e+07,1.3008e-05
8.43783,1.38906e+07,1.3021e-05
8.44627,1.39323e+07,1.3034e-05
8.45471,1.39741e+07,1.30471e-05
8.46317,1.40161e+07,1.30601e-05
8.47163,1.40582e+07,1.30732e-05
8.4801,1.41004e+07,1.30862e-05
8.48858,1.41427e+07,1.30993e-05
8.49707,1.41852e+07,1.31124e-05
8.50557,1.42278e+07,1.31255e-05
8.51408,1.42705e+07,1.31387e-05
8.52259,1.43134e+07,1.31518e-05
8.53111,1.43564e+07,1.3165e-05
8.53964,1.43995e+07,1.31781e-05
8.54818,1.44427e+07,1.31913e-05
8.55673,1.44861e+07,1.32045e-05
8.56529,1.45296e+07,1.32177e-05
8.57385,1.45732e+07,1.32309e-05
8.58243,1.4617e+07,1.32441e-05
8.59101,1.46609e+07,1.32574e-05
8.5996,1.47049e+07,1.32706e-05
8.6082,1.47491e+07,1.32839e-05
8.61681,1.47934e+07,1.32972e-05
8.62543,1.48378e+07,1.33105e-05
8.63405,1.48823e+07,1.33238e-05
8.64268,1.4927e+07,1.33371e-05
8.65133,1.49719e+07,1.33505e-05
8.65998,1.50168e+07,1.33638e-05
8.66864,1.50619e+07,1.33772e-05
8.67731,1.51072e+07,1.33906e-05
8.68598,1.51525e+07,1.3404e-05
8.69467,1.5198e+07,1.34174e-05
8.70337,1.52437e+07,1.34308e-05
8.71207,1.52894e+07,1.34442e-05
8.72078,1.53354e+07,1.34577e-05
8.7295,1.53814e+07,1.34711e-05
8.73823,1.54276e+07,1.34846e-05
8.74697,1.54739e+07,1.34981e-05
8.75572,1.55204e+07,1.35116e-05
8.76447,1.5567e+07,1.35251e-05
8.77324,1.56137e+07,1.35386e-05
8.78201,1.56606e+07,1.35521e-05
8.79079,1.57077e+07,1.35657e-05
8.79958,1.57548e+07,1.35793e-05
8.80838,1.58021e+07,1.35928e-05
8.81719,1.58496e+07,1.36064e-05
8.82601,1.58972e+07,1.362e-05
8.83483,1.59449e+07,1.36337e-05
8.84367,1.59928e+07,1.36473e-05
8.85251,1.60408e+07,1.36609e-05
8.86136,1.6089e+07,1.36746e-05
8.87023,1.61373e+07,1.36883e-05
8.8791,1.61858e+07,1.3702e-05
8.88798,1.62344e+07,1.37157e-05
8.89686,1.62831e+07,1.37294e-05
8.90576,1.6332e+07,1.37431e-05
8.91467,1.63811e+07,1.37568e-05
8.92358,1.64303e+07,1.37706e-05
8.9325,1.64796e+07,1.37844e-05
8.94144,1.65291e+07,1.37982e-05
8.95038,1.65788e+07,1.3812e-05
8.95933,1.66285e+07,1.38258e-05
8.96829,1.66785e+07,1.38396e-05
8.97726,1.67286e+07,1.38534e-05
8.98623,1.67788e+07,1.38673e-05
8.99522,1.68292e+07,1.38812e-05
9.00421,1.68797e+07,1.3895e-05
9.01322,1.69304e+07,1.39089e-05
9.02223,1.69813e+07,1.39228e-05
9.03125,1.70322e+07,1.39368e-05
9.04029,1.70834e+07,1.39507e-05
9.04933,1.71347e+07,1.39647e-05
9.05838,1.71861e+07,1.39786e-05
9.06743,1.72378e+07,1.39926e-05
9.0765,1.72895e+07,1.40066e-05
9.08558,1.73414e+07,1.40206e-05
9.09466,1.73935e+07,1.40346e-05
9.10376,1.74458e+07,1.40486e-05
9.11286,1.74981e+07,1.40627e-05
9.12197,1.75507e+07,1.40768e-05
9.1311,1.76034e+07,1.40908e-05
9.14023,1.76563e+07,1.41049e-05
9.14937,1.77093e+07,1.4119e-05
9.15852,1.77625e+07,1.41332e-05
9.16768,1.78158e+07,1.41473e-05
9.17684,1.78693e+07,1.41614e-05
9.18602,1.7923e+07,1.41756e-05
9.19521,1.79768e+07,1.41898e-05
9.2044,1.80308e+07,1.4204e-05
9.21361,1.80849e+07,1.42182e-05
9.22282,1.81392e+07,1.42324e-05
9.23204,1.81937e+07,1.42466e-05
9.24127,1.82483e+07,1.42609e-05
9.25052,1.83031e+07,1.42751e-05
9.25977,1.83581e+07,1.42894e-05
9.26903,1.84132e+07,1.43037e-05
9.27829,1.84685e+07,1.4318e-05
9.28757,1.8524e+07,1.43323e-05
9.29686,1.85796e+07,1.43466e-05
9.30616,1.86354e+07,1.4361e-05
9.31546,1.86914e+07,1.43753e-05
9.32478,1.87475e+07,1.43897e-05
9.3341,1.88038e+07,1.44041e-05
9.34344,1.88603e+07,1.44185e-05
9.35278,1.89169e+07,1.44329e-05
9.36213,1.89737e+07,1.44474e-05
9.3715,1.90307e+07,1.44618e-05
9.38087,1.90878e+07,1.44763e-05
9.39025,1.91452e+07,1.44908e-05
9.39964,1.92027e+07,1.45052e-05
9.40904,1.92603e+07,1.45197e-05
9.41845,1.93182e+07,1.45343e-05
9.42787,1.93762e+07,1.45488e-05
9.43729,1.94344e+07,1.45634e-05
9.44673,1.94927e+07,1.45779e-05
9.45618,1.95513e+07,1.45925e-05
9.46563,1.961e+07,1.46071e-05
9.4751,1.96689e+07,1.46217e-05
9.48457,1.97279e+07,1.46363e-05
9.49406,1.97872e+07,1.4651e-05
9.50355,1.98466e+07,1.46656e-05
9.51306,1.99062e+07,1.46803e-05
9.52257,1.9966e+07,1.46949e-05
9.53209,2.00259e+07,1.47096e-05
9.54162,2.00861e+07,1.47244e-05
9.55117,2.01464e+07,1.47391e-05
9.56072,2.02069e+07,1.47538e-05
9.57028,2.02676e+07,1.47686e-05
9.57985,2.03284e+07,1.47833e-05
9.58943,2.03895e+07,1.47981e-05
9.59902,2.04507e+07,1.48129e-05
9.60862,2.05121e+07,1.48277e-05
9.61823,2.05737e+07,1.48426e-05
9.62784,2.06355e+07,1.48574e-05
9.63747,2.06975e+07,1.48723e-05
9.64711,2.07596e+07,1.48871e-05
9.65676,2.0822e+07,1.4902e-05
9.66641,2.08845e+07,1.49169e-05
9.67608,2.09472e+07,1.49318e-05
9.68576,2.10101e+07,1.49468e-05
9.69544,2.10732e+07,1.49617e-05
9.70514,2.11365e+07,1.49767e-05
9.71484,2.12e+07,1.49917e-05
9.72456,2.12636e+07,1.50066e-05
9.73428,2.13275e+07,1.50217e-05
9.74402,2.13915e+07,1.50367e-05
9.75376,2.14558e+07,1.50517e-05
9.76351,2.15202e+07,1.50668e-05
9.77328,2.15848e+07,1.50818e-05
9.78305,2.16496e+07,1.50969e-05
9.79283,2.17146e+07,1.5112e-05
9.80263,2.17799e+07,1.51271e-05
9.81243,2.18453e+07,1.51422e-05
9.82224,2.19109e+07,1.51574e-05
9.83206,2.19767e+07,1.51725e-05
9.8419,2.20427e+07,1.51877e-05
9.85174,2.21088e+07,1.52029e-05
9.86159,2.21752e+07,1.52181e-05
9.87145,2.22418e+07,1.52333e-05
9.88132,2.23086e+07,1.52486e-05
9.8912,2.23756e+07,1.52638e-05
9.90109,2.24428e+07,1.52791e-05
9.911,2.25102e+07,1.52944e-05
9.92091,2.25778e+07,1.53096e-05
9.93083,2.26456e+07,1.5325e-05
9.94076,2.27136e+07,1.53403e-05
9.9507,2.27818e+07,1.53556e-05
9.96065,2.28502e+07,1.5371e-05
9.97061,2.29189e+07,1.53864e-05
9.98058,2.29877e+07,1.54017e-05
9.99056,2.30567e+07,1.54171e-05
10.0006,2.3126e+07,1.54326e-05
10.0106,2.31954e+07,1.5448e-05
10.0206,2.32651e+07,1.54634e-05
10.0306,2.33349e+07,1.54789e-05
10.0406,2.3405e+07,1.54944e-05
10.0507,2.34753e+07,1.55099e-05
10.0607,2.35458e+07,1.55254e-05
10.0708,2.36165e+07,1.55409e-05
10.0808,2.36874e+07,1.55564e-05
10.0909,2.37585e+07,1.5572e-05
10.101,2.38299e+07,1.55876e-05
10.1111,2.39014e+07,1.56032e-05
10.1212,2.39732e+07,1.56188e-05
10.1313,2.40452e+07,1.56344e-05
10.1415,2.41174e+07,1.565e-05
10.1516,2.41898e+07,1.56657e-05
10.1618,2.42625e+07,1.56813e-05
10.1719,2.43353e+07,1.5697e-05
10.1821,2.44084e+07,1.57127e-05
10.1923,2.44817e+07,1.57284e-05
10.2025,2.45552e+07,1.57442e-05
10.2127,2.4629e+07,1.57599e-05
10.2229,2.47029e+07,1.57757e-05
10.2331,2.47771e+07,1.57914e-05
10.2433,2.48515e+07,1.58072e-05
10.2536,2.49262e+07,1.5823e-05
10.2638,2.5001e+07,1.58389e-05
10.2741,2.50761e+07,1.58547e-05
10.2844,2.51514e+07,1.58706e-05
10.2947,2.52269e+07,1.58864e-05
10.305,2.53027e+07,1.59023e-05
10.3153,2.53787e+07,1.59182e-05
10.3256,2.54549e+07,1.59341e-05
10.3359,2.55313e+07,1.59501e-05
10.3462,2.5608e+07,1.5966e-05
10.3566,2.56849e+07,1.5982e-05
10.3669,2.5762e+07,1.5998e-05
10.3773,2.58394e+07,1.6014e-05
10.3877,2.5917e+07,1.603e-05
10.3981,2.59948e+07,1.6046e-05
10.4085,2.60729e+07,1.6062e-05
10.4189,2.61512e+07,1.60781e-05
10.4293,2.62297e+07,1.60942e-05
10.4397,2.63085e+07,1.61103e-05
10.4502,2.63875e+07,1.61264e-05
10.4606,2.64667e+07,1.61425e-05
10.4711,2.65462e+07,1.61587e-05
10.4816,2.66259e+07,1.61748e-05
10.492,2.67059e+07,1.6191e-05
10.5025,2.67861e+07,1.62072e-05
10.513,2.68665e+07,1.62234e-05
10.5235,2.69472e+07,1.62396e-05
10.5341,2.70281e+07,1.62559e-05
10.5446,2.71093e+07,1.62721e-05
10.5551,2.71907e+07,1.62884e-05
10.5657,2.72723e+07,1.63047e-05
10.5763,2.73542e+07,1.6321e-05
10.5868,2.74364e+07,1.63373e-05
10.5974,2.75188e+07,1.63536e-05
10.608,2.76014e+07,1.637e-05
10.6186,2.76843e+07,1.63864e-05
10.6293,2.77674e+07,1.64027e-05
10.6399,2.78508e+07,1.64191e-05
10.6505,2.79345e+07,1.64356e-05
10.6612,2.80183e+07,1.6452e-05
10.6718,2.81025e+07,1.64685e-05
10.6825,2.81869e+07,1.64849e-05
10.6932,2.82715e+07,1.65014e-05
10.7039,2.83564e+07,1.65179e-05
10.7146,2.84416e+07,1.65344e-05
10.7253,2.8527e+07,1.6551e-05
10.736,2.86127e+07,1.65675e-05
10.7468,2.86986e+07,1.65841e-05
10.7575,2.87848e+07,1.66007e-05
10.7683,2.88712e+07,1.66173e-05
10.779,2.89579e+07,1.66339e-05
10.7898,2.90449e+07,1.66505e-05
10.8006,2.91321e+07,1.66672e-05
10.8114,2.92196e+07,1.66838e-05
10.8222,2.93073e+07,1.67005e-05
10.833,2.93953e+07,1.67172e-05
10.8439,2.94836e+07,1.67339e-05
10.8547,2.95721e+07,1.67507e-05
10.8656,2.96609e+07,1.67674e-05
10.8764,2.975e+07,1.67842e-05
10.8873,2.98394e+07,1.6801e-05
10.8982,2.9929e+07,1.68178e-05
10.9091,3.00188e+07,1.68346e-05
10.92,3.0109e+07,1.68514e-05
10.9309,3.01994e+07,1.68683e-05
10.9419,3.02901e+07,1.68851e-05
10.9528,3.0381e+07,1.6902e-05
10.9637,3.04723e+07,1.69189e-05
10.9747,3.05638e+07,1.69359e-05
10.9857,3.06556e+07,1.69528e-05
10.9967,3.07476e+07,1.69697e-05
11.0077,3.084e+07,1.69867e-05
11.0187,3.09326e+07,1.70037e-05
11.0297,3.10255e+07,1.70207e-05
11.0407,3.11186e+07,1.70377e-05
11.0518,3.12121e+07,1.70548e-05
11.0628,3.13058e+07,1.70718e-05
11.0739,3.13998e+07,1.70889e-05
11.085,3.14941e+07,1.7106e-05
11.096,3.15887e+07,1.71231e-05
11.1071,3.16836e+07,1.71402e-05
11.1182,3.17787e+07,1.71573e-05
11.1294,3.18741e+07,1.71745e-05
11.1405,3.19699e+07,1.71917e-05
11.1516,3.20659e+07,1.72089e-05
11.1628,3.21622e+07,1.72261e-05
11.1739,3.22587e+07,1.72433e-05
11.1851,3.23556e+07,1.72605e-05
11.1963,3.24528e+07,1.72778e-05
11.2075,3.25502e+07,1.72951e-05
11.2187,3.2648e+07,1.73124e-05
11.2299,3.2746e+07,1.73297e-05
11.2412,3.28444e+07,1.7347e-05
11.2524,3.2943e+07,1.73644e-05
11.2637,3.30419e+07,1.73817e-05
11.2749,3.31411e+07,1.73991e-05
11.2862,3.32407e+07,1.74165e-05
11.2975,3.33405e+07,1.74339e-05
11.3088,3.34406e+07,1.74514e-05
11.3201,3.3541e+07,1.74688e-05
11.3314,3.36418e+07,1.74863e-05
11.3427,3.37428e+07,1.75038e-05
11.3541,3.38441e+07,1.75213e-05
11.3654,3.39457e+07,1.75388e-05
11.3768,3.40477e+07,1.75563e-05
11.3882,3.41499e+07,1.75739e-05
11.3996,3.42525e+07,1.75915e-05
11.411,3.43553e+07,1.76091e-05
11.4224,3.44585e+07,1.76267e-05
11.4338,3.4562e+07,1.76443e-05
11.4452,3.46658e+07,1.76619e-05
11.4567,3.47699e+07,1.76796e-05
11.4681,3.48743e+07,1.76973e-05
11.4796,3.4979e+07,1.7715e-05
11.4911,3.50841e+07,1.77327e-05
11.5026,3.51894e+07,1.77504e-05
11.5141,3.52951e+07,1.77682e-05
11.5256,3.54011e+07,1.77859e-05
11.5371,3.55074e+07,1.78037e-05
11.5486,3.5614e+07,1.78215e-05
11.5602,3.5721e+07,1.78394e-05
11.5718,3.58282e+07,1.78572e-05
11.5833,3.59358e+07,1.7875e-05
11.5949,3.60438e+07,1.78929e-05
11.6065,3.6152e+07,1.79108e-05
11.6181,3.62606e+07,1.79287e-05
11.6297,3.63694e+07,1.79467e-05
11.6414,3.64787e+07,1.79646e-05
11.653,3.65882e+07,1.79826e-05
11.6647,3.66981e+07,1.80006e-05
11.6763,3.68083e+07,1.80186e-05
11.688,3.69188e+07,1.80366e-05
11.6997,3.70297e+07,1.80546e-05
11.7114,3.71409e+07,1.80727e-05
11.7231,3.72524e+07,1.80907e-05
11.7348,3.73643e+07,1.81088e-05
11.7466,3.74765e+07,1.81269e-05
11.7583,3.7589e+07,1.81451e-05
11.7701,3.77019e+07,1.81632e-05
11.7818,3.78151e+07,1.81814e-05
11.7936,3.79287e+07,1.81995e-05
11.8054,3.80426e+07,1.82177e-05
11.8172,3.81568e+07,1.8236e-05
11.829,3.82714e+07,1.82542e-05
11.8409,3.83864e+07,1.82725e-05
11.8527,3.85016e+07,1.82907e-05
11.8645,3.86173e+07,1.8309e-05
11.8764,3.87332e+07,1.83273e-05
11.8883,3.88495e+07,1.83457e-05
11.9002,3.89662e+07,1.8364e-05
11.9121,3.90832e+07,1.83824e-05
11.924,3.92006e+07,1.84007e-05
11.9359,3.93183e+07,1.84191e-05
11.9479,3.94364e+07,1.84376e-05
11.9598,3.95548e+07,1.8456e-05
11.9718,3.96736e+07,1.84745e-05
11.9837,3.97927e+07,1.84929e-05
11.9957,3.99122e+07,1.85114e-05
12.0077,4.00321e+07,1.85299e-05
12.0197,4.01523e+07,1.85485e-05
12.0317,4.02729e+07,1.8567e-05
12.0438,4.03938e+07,1.85856e-05
12.0558,4.05151e+07,1.86042e-05
12.0679,4.06368e+07,1.86228e-05
12.0799,4.07588e+07,1.86414e-05
12.092,4.08812e+07,1.866e-05
12.1041,4.1004e+07,1.86787e-05
12.1162,4.11271e+07,1.86974e-05
12.1283,4.12506e+07,1.87161e-05
12.1405,4.13745e+07,1.87348e-05
12.1526,4.14987e+07,1.87535e-05
12.1647,4.16234e+07,1.87723e-05
12.1769,4.17484e+07,1.87911e-05
12.1891,4.18737e+07,1.88098e-05
12.2013,4.19995e+07,1.88287e-05
12.2135,4.21256e+07,1.88475e-05
12.2257,4.22521e+07,1.88663e-05
12.2379,4.2379e+07,1.88852e-05
12.2502,4.25062e+07,1.89041e-05
12.2624,4.26339e+07,1.8923e-05
12.2747,4.27619e+07,1.89419e-05
12.2869,4.28903e+07,1.89609e-05
12.2992,4.30191e+07,1.89798e-05
12.3115,4.31483e+07,1.89988e-05
12.3238,4.32779e+07,1.90178e-05
12.3362,4.34079e+07,1.90368e-05
12.3485,4.35382e+07,1.90558e-05
12.3609,4.3669e+07,1.90749e-05
12.3732,4.38001e+07,1.9094e-05
12.3856,4.39316e+07,1.91131e-05
12.398,4.40636e+07,1.91322e-05
12.4104,4.41959e+07,1.91513e-05
12.4228,4.43286e+07,1.91705e-05
12.4352,4.44617e+07,1.91896e-05
12.4476,4.45952e+07,1.92088e-05
12.4601,4.47292e+07,1.9228e-05
12.4725,4.48635e+07,1.92473e-05
12.485,4.49982e+07,1.92665e-05
12.4975,4.51333e+07,1.92858e-05
12.51,4.52689e+07,1.93051e-05
12.5225,4.54048e+07,1.93244e-05
12.535,4.55412e+07,1.93437e-05
12.5476,4.56779e+07,1.9363e-05
12.5601,4.58151e+07,1.93824e-05
12.5727,4.59527e+07,1.94018e-05
12.5852,4.60907e+07,1.94212e-05
12.5978,4.62291e+07,1.94406e-05
12.6104,4.63679e+07,1.946e-05
12.623,4.65072e+07,1.94795e-05
12.6357,4.66468e+07,1.9499e-05
12.6483,4.67869e+07,1.95185e-05
12.6609,4.69274e+07,1.9538e-05
12.6736,4.70683e+07,1.95575e-05
12.6863,4.72097e+07,1.95771e-05
12.699,4.73514e+07,1.95967e-05
12.7117,4.74936e+07,1.96163e-05
12.7244,4.76363e+07,1.96359e-05
12.7371,4.77793e+07,1.96555e-05
12.7498,4.79228e+07,1.96752e-05
12.7626,4.80667e+07,1.96949e-05
12.7754,4.8211e+07,1.97145e-05
12.7881,4.83558e+07,1.97343e-05
12.8009,4.8501e+07,1.9754e-05
12.8137,4.86467e+07,1.97738e-05
12.8265,4.87928e+07,1.97935e-05
12.8394,4.89393e+07,1.98133e-05
12.8522,4.90863e+07,1.98331e-05
12.8651,4.92337e+07,1.9853e-05
12.8779,4.93815e+07,1.98728e-05
12.8908,4.95298e+07,1.98927e-05
12.9037,4.96785e+07,1.99126e-05
12.9166,4.98277e+07,1.99325e-05
12.9295,4.99774e+07,1.99524e-05
12.9424,5.01274e+07,1.99724e-05
12.9554,5.0278e+07,1.99924e-05
12.9683,5.0429e+07,2.00123e-05
12.9813,5.05804e+07,2.00324e-05
12.9943,5.07323e+07,2.00524e-05
13.0073,5.08846e+07,2.00724e-05
13.0203,5.10374e+07,2.00925e-05
13.0333,5.11907e+07,2.01126e-05
13.0463,5.13444e+07,2.01327e-05
13.0594,5.14986e+07,2.01529e-05
13.0724,5.16533e+07,2.0173e-05
13.0855,5.18084e+07,2.01932e-05
13.0986,5.1964e+07,2.02134e-05
13.1117,5.212e+07,2.02336e-05
13.1248,5.22765e+07,2.02538e-05
13.1379,5.24335e+07,2.02741e-05
13.1511,5.2591e+07,2.02943e-05
13.1642,5.27489e+07,2.03146e-05
13.1774,5.29073e+07,2.0335e-05
13.1906,5.30662e+07,2.03553e-05
13.2038,5.32256e+07,2.03756e-05
13.217,5.33854e+07,2.0396e-05
13.2302,5.35457e+07,2.04164e-05
13.2434,5.37065e+07,2.04368e-05
13.2567,5.38678e+07,2.04573e-05
13.2699,5.40296e+07,2.04777e-05
13.2832,5.41918e+07,2.04982e-05
13.2965,5.43545e+07,2.05187e-05
13.3098,5.45178e+07,2.05392e-05
13.3231,5.46815e+07,2.05598e-05
13.3364,5.48457e+07,2.05803e-05
13.3497,5.50104e+07,2.06009e-05
13.3631,5.51756e+07,2.06215e-05
13.3764,5.53413e+07,2.06421e-05
13.3898,5.55075e+07,2.06628e-05
13.4032,5.56742e+07,2.06834e-05
13.4166,5.58414e+07,2.07041e-05
13.43,5.6009e+07,2.07248e-05
13.4435,5.61772e+07,2.07455e-05
13.4569,5.63459e+07,2.07663e-05
13.4704,5.65151e+07,2.07871e-05
13.4838,5.66849e+07,2.08078e-05
13.4973,5.68551e+07,2.08286e-05
13.5108,5.70258e+07,2.08495e-05
13.5243,5.71971e+07,2.08703e-05
13.5378,5.73688e+07,2.08912e-05
13.5514,5.75411e+07,2.09121e-05
13.5649,5.77139e+07,2.0933e-05
13.5785,5.78872e+07,2.09539e-05
13.5921,5.80611e+07,2.09749e-05
13.6057,5.82354e+07,2.09959e-05
13.6193,5.84103e+07,2.10169e-05
13.6329,5.85857e+07,2.10379e-05
13.6465,5.87616e+07,2.10589e-05
13.6602,5.89381e+07,2.108e-05
13.6738,5.91151e+07,2.11011e-05
13.6875,5.92926e+07,2.11222e-05
13.7012,5.94707e+07,2.11433e-05
13.7149,5.96493e+07,2.11644e-05
13.7286,5.98284e+07,2.11856e-05
13.7423,6.00081e+07,2.12068e-05
13.7561,6.01883e+07,2.1228e-05
13.7698,6.0369e+07,2.12492e-05
13.7836,6.05503e+07,2.12705e-05
13.7974,6.07321e+07,2.12917e-05
13.8112,6.09145e+07,2.1313e-05
13.825,6.10974e+07,2.13343e-05
13.8388,6.12809e+07,2.13557e-05
13.8527,6.14649e+07,2.1377e-05
13.8665,6.16495e+07,2.13984e-05
13.8804,6.18346e+07,2.14198e-05
13.8943,6.20203e+07,2.14412e-05
13.9082,6.22066e+07,2.14627e-05
13.9221,6.23934e+07,2.14841e-05
13.936,6.25808e+07,2.15056e-05
13.9499,6.27687e+07,2.15271e-05
13.9639,6.29572e+07,2.15486e-05
13.9778,6.31462e+07,2.15702e-05
13.9918,6.33359e+07,2.15918e-05
14.0058,6.35261e+07,2.16133e-05
14.0198,6.37168e+07,2.1635e-05
14.0338,6.39082e+07,2.16566e-05
14.0479,6.41001e+07,2.16782e-05
14.0619,6.42926e+07,2.16999e-05
14.076,6.44857e+07,2.17216e-05
14.0901,6.46793e+07,2.17433e-05
14.1041,6.48735e+07,2.17651e-05
14.1182,6.50683e+07,2.17869e-05
14.1324,6.52638e+07,2.18086e-05
14.1465,6.54597e+07,2.18305e-05
14.1606,6.56563e+07,2.18523e-05
14.1748,6.58535e+07,2.18741e-05
14.189,6.60512e+07,2.1896e-05
14.2032,6.62496e+07,2.19179e-05
14.2174,6.64485e+07,2.19398e-05
14.2316,6.66481e+07,2.19618e-05
14.2458,6.68482e+07,2.19837e-05
14.2601,6.7049e+07,2.20057e-05
14.2743,6.72503e+07,2.20277e-05
14.2886,6.74523e+07,2.20497e-05
14.3029,6.76548e+07,2.20718e-05
14.3172,6.7858e+07,2.20939e-05
14.3315,6.80618e+07,2.2116e-05
14.3458,6.82662e+07,2.21381e-05
14.3602,6.84712e+07,2.21602e-05
14.3745,6.86768e+07,2.21824e-05
14.3889,6.8883e+07,2.22046e-05
14.4033,6.90899e+07,2.22268e-05
14.4177,6.92974e+07,2.2249e-05
14.4321,6.95055e+07,2.22712e-05
14.4466,6.97142e+07,2.22935e-05
14.461,6.99235e+07,2.23158e-05
14.4755,7.01335e+07,2.23381e-05
14.4899,7.03441e+07,2.23605e-05
14.5044,7.05554e+07,2.23828e-05
14.5189,7.07672e+07,2.24052e-05
14.5335,7.09798e+07,2.24276e-05
14.548,7.11929e+07,2.245e-05
14.5625,7.14067e+07,2.24725e-05
14.5771,7.16211e+07,2.2495e-05
14.5917,7.18362e+07,2.25174e-05
14.6063,7.20519e+07,2.254e-05
14.6209,7.22683e+07,2.25625e-05
14.6355,7.24853e+07,2.25851e-05
14.6501,7.2703e+07,2.26077e-05
14.6648,7.29213e+07,2.26303e-05
14.6794,7.31403e+07,2.26529e-05
14.6941,7.336e+07,2.26755e-05
14.7088,7.35803e+07,2.26982e-05
14.7235,7.38012e+07,2.27209e-05
14.7383,7.40228e+07,2.27436e-05
14.753,7.42451e+07,2.27664e-05
14.7677,7.44681e+07,2.27891e-05
14.7825,7.46917e+07,2.28119e-05
14.7973,7.4916e+07,2.28347e-05
14.8121,7.5141e+07,2.28576e-05
14.8269,7.53666e+07,2.28804e-05
14.8417,7.5593e+07,2.29033e-05
14.8566,7.582e+07,2.29262e-05
14.8714,7.60477e+07,2.29492e-05
14.8863,7.6276e+07,2.29721e-05
14.9012,7.65051e+07,2.29951e-05
14.9161,7.67348e+07,2.30181e-05
14.931,7.69653e+07,2.30411e-05
14.9459,7.71964e+07,2.30641e-05
14.9609,7.74282e+07,2.30872e-05
14.9758,7.76607e+07,2.31103e-05
14.9908,7.7894e+07,2.31334e-05
15.0058,7.81279e+07,2.31565e-05
15.0208,7.83625e+07,2.31797e-05
15.0358,7.85978e+07,2.32029e-05
15.0509,7.88338e+07,2.32261e-05
15.0659,7.90706e+07,2.32493e-05
15.081,7.9308e+07,2.32725e-05
15.0961,7.95462e+07,2.32958e-05
15.1112,7.97851e+07,2.33191e-05
15.1263,8.00247e+07,2.33424e-05
15.1414,8.0265e+07,2.33658e-05
15.1565,8.0506e+07,2.33891e-05
15.1717,8.07478e+07,2.34125e-05
15.1869,8.09903e+07,2.34359e-05
15.2021,8.12335e+07,2.34594e-05
15.2173,8.14774e+07,2.34828e-05
15.2325,8.17221e+07,2.35063e-05
15.2477,8.19675e+07,2.35298e-05
15.263,8.22136e+07,2.35533e-05
15.2782,8.24605e+07,2.35769e-05
15.2935,8.27082e+07,2.36005e-05
15.3088,8.29565e+07,2.36241e-05
15.3241,8.32057e+07,2.36477e-05
15.3394,8.34555e+07,2.36713e-05
15.3548,8.37061e+07,2.3695e-05
15.3701,8.39575e+07,2.37187e-05
15.3855,8.42096e+07,2.37424e-05
15.4009,8.44625e+07,2.37662e-05
15.4163,8.47162e+07,2.37899e-05
15.4317,8.49706e+07,2.38137e-05
15.4471,8.52257e+07,2.38375e-05
15.4626,8.54817e+07,2.38614e-05
15.478,8.57384e+07,2.38852e-05
15.4935,8.59958e+07,2.39091e-05
15.509,8.62541e+07,2.3933e-05
15.5245,8.65131e+07,2.3957e-05
15.54,8.67729e+07,2.39809e-05
15.5556,8.70335e+07,2.40049e-05
15.5711,8.72948e+07,2.40289e-05
15.5867,8.7557e+07,2.40529e-05
15.6023,8.78199e+07,2.4077e-05
15.6179,8.80836e+07,2.41011e-05
15.6335,8.83482e+07,2.41252e-05
15.6491,8.86135e+07,2.41493e-05
15.6648,8.88796e+07,2.41735e-05
15.6805,8.91465e+07,2.41976e-05
15.6961,8.94142e+07,2.42218e-05
15.7118,8.96827e+07,2.4246e-05
15.7275,8.9952e+07,2.42703e-05
15.7433,9.02221e+07,2.42946e-05
15.759,9.04931e+07,2.43189e-05
15.7748,9.07648e+07,2.43432e-05
15.7906,9.10374e+07,2.43675e-05
15.8063,9.13108e+07,2.43919e-05
15.8222,9.1585e+07,2.44163e-05
15.838,9.186e+07,2.44407e-05
15.8538,9.21359e+07,2.44651e-05
15.8697,9.24126e+07,2.44896e-05
15.8855,9.26901e+07,2.45141e-05
15.9014,9.29684e+07,2.45386e-05
15.9173,9.32476e+07,2.45631e-05
15.9332,9.35276e+07,2.45877e-05
15.9492,9.38085e+07,2.46123e-05
15.9651,9.40902e+07,2.46369e-05
15.9811,9.43728e+07,2.46615e-05
15.9971,9.46562e+07,2.46862e-05
16.0131,9.49404e+07,2.47109e-05
16.0291,9.52255e+07,2.47356e-05
16.0451,9.55115e+07,2.47603e-05
16.0612,9.57983e+07,2.47851e-05
16.0772,9.6086e+07,2.48099e-05
16.0933,9.63745e+07,2.48347e-05
16.1094,9.66639e+07,2.48595e-05
16.1255,9.69542e+07,2.48844e-05
16.1416,9.72454e+07,2.49093e-05
16.1578,9.75374e+07,2.49342e-05
16.1739,9.78303e+07,2.49591e-05
16.1901,9.81241e+07,2.49841e-05
16.2063,9.84188e+07,2.50091e-05
16.2225,9.87143e+07,2.50341e-05
16.2387,9.90107e+07,2.50591e-05
16.2549,9.93081e+07,2.50842e-05
16.2712,9.96063e+07,2.51092e-05
16.2875,9.99054e+07,2.51344e-05
16.3038,1.00205e+08,2.51595e-05
16.3201,1.00506e+08,2.51846e-05
16.3364,1.00808e+08,2.52098e-05
16.3527,1.01111e+08,2.5235e-05
16.3691,1.01415e+08,2.52603e-05
16.3854,1.01719e+08,2.52855e-05
16.4018,1.02025e+08,2.53108e-05
16.4182,1.02331e+08,2.53361e-05
16.4347,1.02638e+08,2.53615e-05
16.4511,1.02946e+08,2.53868e-05
16.4675,1.03256e+08,2.54122e-05
16.484,1.03566e+08,2.54376e-05
16.5005,1.03877e+08,2.54631e-05
16.517,1.04189e+08,2.54885e-05
16.5335,1.04501e+08,2.5514e-05
16.55,1.04815e+08,2.55395e-05
16.5666,1.0513e+08,2.55651e-05
16.5832,1.05446e+08,2.55906e-05
16.5997,1.05762e+08,2.56162e-05
16.6163,1.0608e+08,2.56418e-05
16.633,1.06399e+08,2.56675e-05
16.6496,1.06718e+08,2.56932e-05
16.6662,1.07039e+08,2.57188e-05
16.6829,1.0736e+08,2.57446e-05
16.6996,1.07682e+08,2.57703e-05
16.7163,1.08006e+08,2.57961e-05
16.733,1.0833e+08,2.58219e-05
16.7497,1.08655e+08,2.58477e-05
16.7665,1.08982e+08,2.58735e-05
16.7833,1.09309e+08,2.58994e-05
16.8,1.09637e+08,2.59253e-05
16.8168,1.09967e+08,2.59512e-05
16.8337,1.10297e+08,2.59772e-05
16.8505,1.10628e+08,2.60032e-05
16.8673,1.1096e+08,2.60292e-05
16.8842,1.11293e+08,2.60552e-05
16.9011,1.11628e+08,2.60813e-05
16.918,1.11963e+08,2.61073e-05
16.9349,1.12299e+08,2.61334e-05
16.9518,1.12636e+08,2.61596e-05
16.9688,1.12975e+08,2.61857e-05
16.9858,1.13314e+08,2.62119e-05
17.0027,1.13654e+08,2.62381e-05
17.0198,1.13995e+08,2.62644e-05
17.0368,1.14338e+08,2.62906e-05
17.0538,1.14681e+08,2.63169e-05
17.0709,1.15025e+08,2.63432e-05
17.0879,1.15371e+08,2.63696e-05
17.105,1.15717e+08,2.6396e-05
17.1221,1.16065e+08,2.64224e-05
17.1392,1.16413e+08,2.64488e-05
17.1564,1.16763e+08,2.64752e-05
17.1735,1.17114e+08,2.65017e-05
17.1907,1.17465e+08,2.65282e-05
17.2079,1.17818e+08,2.65547e-05
17.2251,1.18172e+08,2.65813e-05
17.2423,1.18527e+08,2.66079e-05
17.2596,1.18883e+08,2.66345e-05
17.2768,1.1924e+08,2.66611e-05
17.2941,1.19598e+08,2.66878e-05
17.3114,1.19957e+08,2.67145e-05
17.3287,1.20317e+08,2.67412e-05
17.3461,1.20678e+08,2.67679e-05
17.3634,1.21041e+08,2.67947e-05
17.3808,1.21404e+08,2.68215e-05
17.3981,1.21769e+08,2.68483e-05
17.4155,1.22135e+08,2.68751e-05
17.433,1.22501e+08,2.6902e-05
17.4504,1.22869e+08,2.69289e-05
17.4678,1.23238e+08,2.69559e-05
17.4853,1.23608e+08,2.69828e-05
17.5028,1.23979e+08,2.70098e-05
17.5203,1.24352e+08,2.70368e-05
17.5378,1.24725e+08,2.70638e-05
17.5554,1.251e+08,2.70909e-05
17.5729,1.25475e+08,2.7118e-05
17.5905,1.25852e+08,2.71451e-05
17.6081,1.2623e+08,2.71723e-05
17.6257,1.26609e+08,2.71994e-05
17.6433,1.26989e+08,2.72266e-05
17.6609,1.27371e+08,2.72539e-05
17.6786,1.27753e+08,2.72811e-05
17.6963,1.28137e+08,2.73084e-05
17.714,1.28522e+08,2.73357e-05
17.7317,1.28908e+08,2.7363e-05
17.7494,1.29295e+08,2.73904e-05
17.7672,1.29683e+08,2.74178e-05
17.7849,1.30072e+08,2.74452e-05
17.8027,1.30463e+08,2.74727e-05
17.8205,1.30855e+08,2.75001e-05
17.8384,1.31248e+08,2.75276e-05
17.8562,1.31642e+08,2.75552e-05
17.8741,1.32037e+08,2.75827e-05
17.8919,1.32434e+08,2.76103e-05
17.9098,1.32832e+08,2.76379e-05
17.9277,1.3323e+08,2.76655e-05
17.9457,1.3363e+08,2.76932e-05
17.9636,1.34032e+08,2.77209e-05
17.9816,1.34434e+08,2.77486e-05
17.9995,1.34838e+08,2.77764e-05
18.0175,1.35243e+08,2.78041e-05
18.0356,1.35649e+08,2.78319e-05
18.0536,1.36056e+08,2.78598e-05
18.0717,1.36465e+08,2.78876e-05
18.0897,1.36875e+08,2.79155e-05
18.1078,1.37286e+08,2.79434e-05
18.1259,1.37698e+08,2.79714e-05
18.144,1.38112e+08,2.79994e-05
18.1622,1.38526e+08,2.80274e-05
18.1804,1.38942e+08,2.80554e-05
18.1985,1.3936e+08,2.80834e-05
18.2167,1.39778e+08,2.81115e-05
18.2349,1.40198e+08,2.81396e-05
18.2532,1.40619e+08,2.81678e-05
18.2714,1.41041e+08,2.81959e-05
18.2897,1.41465e+08,2.82241e-05
18.308,1.41889e+08,2.82524e-05
18.3263,1.42316e+08,2.82806e-05
18.3446,1.42743e+08,2.83089e-05
18.363,1.43172e+08,2.83372e-05
18.3813,1.43602e+08,2.83655e-05
18.3997,1.44033e+08,2.83939e-05
18.4181,1.44465e+08,2.84223e-05
18.4365,1.44899e+08,2.84507e-05
18.455,1.45334e+08,2.84792e-05
18.4734,1.45771e+08,2.85077e-05
18.4919,1.46208e+08,2.85362e-05
18.5104,1.46648e+08,2.85647e-05
18.5289,1.47088e+08,2.85933e-05
18.5474,1.4753e+08,2.86219e-05
18.566,1.47973e+08,2.86505e-05
18.5845,1.48417e+08,2.86791e-05
18.6031,1.48863e+08,2.87078e-05
18.6217,1.4931e+08,2.87365e-05
18.6404,1.49758e+08,2.87652e-05
18.659,1.50208e+08,2.8794e-05
18.6777,1.50659e+08,2.88228e-05
18.6963,1.51111e+08,2.88516e-05
18.715,1.51565e+08,2.88805e-05
18.7337,1.5202e+08,2.89094e-05
18.7525,1.52477e+08,2.89383e-05
18.7712,1.52935e+08,2.89672e-05
18.79,1.53394e+08,2.89962e-05
18.8088,1.53855e+08,2.90252e-05
18.8276,1.54317e+08,2.90542e-05
18.8464,1.5478e+08,2.90833e-05
18.8653,1.55245e+08,2.91123e-05
18.8841,1.55711e+08,2.91414e-05
18.903,1.56179e+08,2.91706e-05
18.9219,1.56648e+08,2.91998e-05
18.9409,1.57118e+08,2.9229e-05
18.9598,1.5759e+08,2.92582e-05
18.9788,1.58063e+08,2.92874e-05
18.9977,1.58538e+08,2.93167e-05
19.0167,1.59014e+08,2.93461e-05
19.0357,1.59491e+08,2.93754e-05
19.0548,1.5997e+08,2.94048e-05
19.0738,1.60451e+08,2.94342e-05
19.0929,1.60933e+08,2.94636e-05
19.112,1.61416e+08,2.94931e-05
19.1311,1.61901e+08,2.95226e-05
19.1502,1.62387e+08,2.95521e-05
19.1694,1.62874e+08,2.95816e-05
19.1886,1.63364e+08,2.96112e-05
19.2078,1.63854e+08,2.96408e-05
19.227,1.64346e+08,2.96705e-05
19.2462,1.6484e+08,2.97001e-05
19.2654,1.65335e+08,2.97298e-05
19.2847,1.65831e+08,2.97596e-05
19.304,1.66329e+08,2.97893e-05
19.3233,1.66829e+08,2.98191e-05
19.3426,1.6733e+08,2.98489e-05
19.362,1.67832e+08,2.98788e-05
19.3813,1.68336e+08,2.99087e-05
19.4007,1.68842e+08,2.99386e-05
19.4201,1.69349e+08,2.99685e-05
19.4395,1.69857e+08,2.99985e-05
19.459,1.70367e+08,3.00285e-05
19.4784,1.70879e+08,3.00585e-05
19.4979,1.71392e+08,3.00886e-05
19.5174,1.71907e+08,3.01187e-05
19.5369,1.72423e+08,3.01488e-05
19.5564,1.72941e+08,3.01789e-05
19.576,1.7346e+08,3.02091e-05
19.5956,1.73981e+08,3.02393e-05
19.6152,1.74504e+08,3.02696e-05
19.6348,1.75028e+08,3.02998e-05
19.6544,1.75553e+08,3.03301e-05
19.6741,1.7608e+08,3.03605e-05
19.6938,1.76609e+08,3.03908e-05
19.7134,1.7714e+08,3.04212e-05
19.7332,1.77671e+08,3.04516e-05
19.7529,1.78205e+08,3.04821e-05
19.7726,1.7874e+08,3.05126e-05
19.7924,1.79277e+08,3.05431e-05
19.8122,1.79815e+08,3.05736e-05
19.832,1.80355e+08,3.06042e-05
19.8519,1.80897e+08,3.06348e-05
19.8717,1.8144e+08,3.06654e-05
19.8916,1.81985e+08,3.06961e-05
19.9115,1.82531e+08,3.07268e-05
19.9314,1.8308e+08,3.07575e-05
19.9513,1.83629e+08,3.07883e-05
19.9713,1.84181e+08,3.08191e-05
19.9912,1.84734e+08,3.08499e-05
20.0112,1.85289e+08,3.08807e-05
20.0312,1.85845e+08,3.09116e-05
20.0513,1.86403e+08,3.09425e-05
20.0713,1.86963e+08,3.09735e-05
20.0914,1.87524e+08,3.10044e-05
20.1115,1.88088e+08,3.10354e-05
20.1316,1.88652e+08,3.10665e-05
20.1517,1.89219e+08,3.10975e-05
20.1719,1.89787e+08,3.11286e-05
20.1921,1.90357e+08,3.11598e-05
20.2122,1.90929e+08,3.11909e-05
20.2325,1.91502e+08,3.12221e-05
20.2527,1.92077e+08,3.12533e-05
20.2729,1.92654e+08,3.12846e-05
20.2932,1.93232e+08,3.13159e-05
20.3135,1.93813e+08,3.13472e-05
20.3338,1.94395e+08,3.13786e-05
20.3542,1.94979e+08,3.14099e-05
20.3745,1.95564e+08,3.14413e-05
20.3949,1.96151e+08,3.14728e-05
20.4153,1.9674e+08,3.15043e-05
20.4357,1.97331e+08,3.15358e-05
20.4561,1.97924e+08,3.15673e-05
20.4766,1.98518e+08,3.15989e-05
20.4971,1.99114e+08,3.16305e-05
20.5176,1.99712e+08,3.16621e-05
20.5381,2.00312e+08,3.16938e-05
20.5586,2.00914e+08,3.17254e-05
20.5792,2.01517e+08,3.17572e-05
20.5998,2.02122e+08,3.17889e-05
20.6204,2.02729e+08,3.18207e-05
20.641,2.03338e+08,3.18525e-05
20.6616,2.03948e+08,3.18844e-05
20.6823,2.04561e+08,3.19163e-05
20.703,2.05175e+08,3.19482e-05
20.7237,2.05791e+08,3.19801e-05
20.7444,2.06409e+08,3.20121e-05
20.7651,2.07029e+08,3.20441e-05
20.7859,2.07651e+08,3.20762e-05
20.8067,2.08274e+08,3.21083e-05
20.8275,2.089e+08,3.21404e-05
20.8483,2.09527e+08,3.21725e-05
20.8692,2.10156e+08,3.22047e-05
20.89,2.10788e+08,3.22369e-05
20.9109,2.11421e+08,3.22691e-05
20.9318,2.12055e+08,3.23014e-05
20.9528,2.12692e+08,3.23337e-05
20.9737,2.13331e+08,3.2366e-05
20.9947,2.13972e+08,3.23984e-05
21.0157,2.14614e+08,3.24308e-05
21.0367,2.15259e+08,3.24632e-05
21.0577,2.15905e+08,3.24957e-05
21.0788,2.16553e+08,3.25282e-05
21.0999,2.17204e+08,3.25607e-05
21.121,2.17856e+08,3.25933e-05
21.1421,2.1851e+08,3.26259e-05
21.1632,2.19166e+08,3.26585e-05
21.1844,2.19825e+08,3.26911e-05
21.2056,2.20485e+08,3.27238e-05
21.2268,2.21147e+08,3.27566e-05
21.248,2.21811e+08,3.27893e-05
21.2693,2.22477e+08,3.28221e-05
21.2905,2.23145e+08,3.28549e-05
21.3118,2.23815e+08,3.28878e-05
21.3331,2.24487e+08,3.29207e-05
21.3545,2.25161e+08,3.29536e-05
21.3758,2.25838e+08,3.29865e-05
21.3972,2.26516e+08,3.30195e-05
21.4186,2.27196e+08,3.30525e-05
21.44,2.27878e+08,3.30856e-05
21.4615,2.28563e+08,3.31187e-05
21.4829,2.29249e+08,3.31518e-05
21.5044,2.29937e+08,3.3185e-05
21.5259,2.30628e+08,3.32181e-05
21.5474,2.3132e+08,3.32514e-05
21.569,2.32015e+08,3.32846e-05
21.5905,2.32712e+08,3.33179e-05
21.6121,2.33411e+08,3.33512e-05
21.6337,2.34112e+08,3.33846e-05
21.6554,2.34815e+08,3.34179e-05
21.677,2.3552e+08,3.34514e-05
21.6987,2.36227e+08,3.34848e-05
21.7204,2.36937e+08,3.35183e-05
21.7421,2.37648e+08,3.35518e-05
21.7639,2.38362e+08,3.35854e-05
21.7856,2.39077e+08,3.3619e-05
21.8074,2.39795e+08,3.36526e-05
21.8292,2.40516e+08,3.36862e-05
21.8511,2.41238e+08,3.37199e-05
21.8729,2.41962e+08,3.37536e-05
21.8948,2.42689e+08,3.37874e-05
21.9167,2.43418e+08,3.38212e-05
21.9386,2.44149e+08,3.3855e-05
21.9605,2.44882e+08,3.38889e-05
21.9825,2.45617e+08,3.39227e-05
22.0045,2.46355e+08,3.39567e-05
22.0265,2.47095e+08,3.39906e-05
22.0485,2.47837e+08,3.40246e-05
22.0706,2.48581e+08,3.40586e-05
22.0926,2.49327e+08,3.40927e-05
22.1147,2.50076e+08,3.41268e-05
22.1368,2.50827e+08,3.41609e-05
22.159,2.5158e+08,3.41951e-05
22.1811,2.52336e+08,3.42293e-05
22.2033,2.53094e+08,3.42635e-05
22.2255,2.53854e+08,3.42978e-05
22.2477,2.54616e+08,3.43321e-05
22.27,2.55381e+08,3.43664e-05
22.2923,2.56147e+08,3.44008e-05
22.3146,2.56917e+08,3.44352e-05
22.3369,2.57688e+08,3.44696e-05
22.3592,2.58462e+08,3.45041e-05
22.3816,2.59238e+08,3.45386e-05
22.4039,2.60017e+08,3.45731e-05
22.4263,2.60797e+08,3.46077e-05
22.4488,2.61581e+08,3.46423e-05
22.4712,2.62366e+08,3.46769e-05
22.4937,2.63154e+08,3.47116e-05
22.5162,2.63944e+08,3.47463e-05
22.5387,2.64737e+08,3.47811e-05
22.5612,2.65532e+08,3.48158e-05
22.5838,2.66329e+08,3.48507e-05
22.6064,2.67129e+08,3.48855e-05
22.629,2.67931e+08,3.49204e-05
22.6516,2.68736e+08,3.49553e-05
22.6743,2.69543e+08,3.49903e-05
22.697,2.70352e+08,3.50253e-05
22.7196,2.71164e+08,3.50603e-05
22.7424,2.71979e+08,3.50953e-05
22.7651,2.72795e+08,3.51304e-05
22.7879,2.73615e+08,3.51656e-05
22.8107,2.74436e+08,3.52007e-05
22.8335,2.7526e+08,3.52359e-05
22.8563,2.76087e+08,3.52712e-05
22.8792,2.76916e+08,3.53064e-05
22.902,2.77748e+08,3.53418e-05
22.9249,2.78582e+08,3.53771e-05
22.9479,2.79418e+08,3.54125e-05
22.9708,2.80257e+08,3.54479e-05
22.9938,2.81099e+08,3.54833e-05
23.0168,2.81943e+08,3.55188e-05
23.0398,2.8279e+08,3.55543e-05
23.0628,2.83639e+08,3.55899e-05
23.0859,2.84491e+08,3.56255e-05
23.109,2.85345e+08,3.56611e-05
23.1321,2.86202e+08,3.56968e-05
23.1552,2.87061e+08,3.57325e-05
23.1784,2.87923e+08,3.57682e-05
23.2016,2.88788e+08,3.5804e-05
23.2248,2.89655e+08,3.58398e-05
23.248,2.90525e+08,3.58756e-05
23.2712,2.91398e+08,3.59115e-05
23.2945,2.92273e+08,3.59474e-05
23.3178,2.9315e+08,3.59833e-05
23.3411,2.94031e+08,3.60193e-05
23.3645,2.94914e+08,3.60553e-05
23.3878,2.95799e+08,3.60914e-05
23.4112,2.96688e+08,3.61275e-05
23.4346,2.97579e+08,3.61636e-05
23.4581,2.98472e+08,3.61998e-05
23.4815,2.99369e+08,3.6236e-05
23.505,3.00268e+08,3.62722e-05
23.5285,3.01169e+08,3.63085e-05
23.552,3.02074e+08,3.63448e-05
23.5756,3.02981e+08,3.63811e-05
23.5992,3.03891e+08,3.64175e-05
23.6228,3.04803e+08,3.64539e-05
23.6464,3.05719e+08,3.64904e-05
23.67,3.06637e+08,3.65269e-05
23.6937,3.07557e+08,3.65634e-05
23.7174,3.08481e+08,3.66e-05
23.7411,3.09407e+08,3.66366e-05
23.7648,3.10337e+08,3.66732e-05
23.7886,3.11268e+08,3.67099e-05
23.8124,3.12203e+08,3.67466e-05
23.8362,3.13141e+08,3.67833e-05
23.8601,3.14081e+08,3.68201e-05
23.8839,3.15024e+08,3.68569e-05
23.9078,3.1597e+08,3.68938e-05
23.9317,3.16919e+08,3.69307e-05
23.9556,3.17871e+08,3.69676e-05
23.9796,3.18825e+08,3.70046e-05
24.0036,3.19783e+08,3.70416e-05
24.0276,3.20743e+08,3.70786e-05
24.0516,3.21706e+08,3.71157e-05
24.0757,3.22672e+08,3.71528e-05
24.0997,3.23641e+08,3.719e-05
24.1238,3.24613e+08,3.72272e-05
24.148,3.25588e+08,3.72644e-05
24.1721,3.26566e+08,3.73017e-05
24.1963,3.27547e+08,3.7339e-05
24.2205,3.2853e+08,3.73763e-05
24.2447,3.29517e+08,3.74137e-05
24.2689,3.30506e+08,3.74511e-05
24.2932,3.31499e+08,3.74886e-05
24.3175,3.32494e+08,3.7526e-05
24.3418,3.33493e+08,3.75636e-05
24.3662,3.34494e+08,3.76011e-05
24.3905,3.35499e+08,3.76387e-05
24.4149,3.36506e+08,3.76764e-05
24.4393,3.37517e+08,3.7714e-05
24.4638,3.3853e+08,3.77518e-05
24.4882,3.39547e+08,3.77895e-05
24.5127,3.40567e+08,3.78273e-05
24.5372,3.41589e+08,3.78651e-05
24.5618,3.42615e+08,3.7903e-05
24.5863,3.43644e+08,3.79409e-05
24.6109,3.44676e+08,3.79788e-05
24.6355,3.45711e+08,3.80168e-05
24.6602,3.46749e+08,3.80548e-05
24.6848,3.47791e+08,3.80929e-05
24.7095,3.48835e+08,3.8131e-05
24.7342,3.49882e+08,3.81691e-05
24.759,3.50933e+08,3.82073e-05
24.7837,3.51987e+08,3.82455e-05
24.8085,3.53044e+08,3.82837e-05
24.8333,3.54104e+08,3.8322e-05
24.8581,3.55168e+08,3.83603e-05
24.883,3.56234e+08,3.83987e-05
24.9079,3.57304e+08,3.84371e-05
24.9328,3.58377e+08,3.84755e-05
24.9577,3.59453e+08,3.8514e-05
24.9827,3.60533e+08,3.85525e-05
25.0077,3.61615e+08,3.85911e-05
25.0327,3.62701e+08,3.86297e-05
25.0577,3.6379e+08,3.86683e-05
25.0828,3.64883e+08,3.8707e-05
25.1078,3.65979e+08,3.87457e-05
25.1329,3.67078e+08,3.87844e-05
25.1581,3.6818e+08,3.88232e-05
25.1832,3.69286e+08,3.8862e-05
25.2084,3.70395e+08,3.89009e-05
25.2336,3.71507e+08,3.89398e-05
25.2589,3.72622e+08,3.89787e-05
25.2841,3.73741e+08,3.90177e-05
25.3094,3.74864e+08,3.90567e-05
25.3347,3.7599e+08,3.90958e-05
25.36,3.77119e+08,3.91349e-05
25.3854,3.78251e+08,3.9174e-05
25.4108,3.79387e+08,3.92132e-05
25.4362,3.80526e+08,3.92524e-05
25.4616,3.81669e+08,3.92917e-05
25.4871,3.82815e+08,3.93309e-05
25.5126,3.83965e+08,3.93703e-05
25.5381,3.85118e+08,3.94096e-05
25.5636,3.86274e+08,3.94491e-05
25.5892,3.87434e+08,3.94885e-05
25.6148,3.88598e+08,3.9528e-05
25.6404,3.89765e+08,3.95675e-05
25.666,3.90935e+08,3.96071e-05
25.6917,3.92109e+08,3.96467e-05
25.7174,3.93287e+08,3.96863e-05
25.7431,3.94468e+08,3.9726e-05
25.7689,3.95652e+08,3.97658e-05
25.7946,3.9684e+08,3.98055e-05
25.8204,3.98032e+08,3.98453e-05
25.8463,3.99227e+08,3.98852e-05
25.8721,4.00426e+08,3.99251e-05
25.898,4.01629e+08,3.9965e-05
25.9239,4.02835e+08,4.00049e-05
25.9498,4.04045e+08,4.0045e-05
25.9757,4.05258e+08,4.0085e-05
26.0017,4.06475e+08,4.01251e-05
26.0277,4.07696e+08,4.01652e-05
26.0537,4.0892e+08,4.02054e-05
26.0798,4.10148e+08,4.02456e-05
26.1059,4.1138e+08,4.02858e-05
26.132,4.12615e+08,4.03261e-05
26.1581,4.13854e+08,4.03664e-05
26.1843,4.15097e+08,4.04068e-05
26.2105,4.16343e+08,4.04472e-05
26.2367,4.17594e+08,4.04877e-05
26.2629,4.18848e+08,4.05281e-05
26.2892,4.20106e+08,4.05687e-05
26.3155,4.21367e+08,4.06092e-05
26.3418,4.22632e+08,4.06498e-05
26.3681,4.23902e+08,4.06905e-05
26.3945,4.25175e+08,4.07312e-05
26.4209,4.26451e+08,4.07719e-05
26.4473,4.27732e+08,4.08127e-05
26.4737,4.29017e+08,4.08535e-05
26.5002,4.30305e+08,4.08944e-05
26.5267,4.31597e+08,4.09353e-05
26.5532,4.32893e+08,4.09762e-05
26.5798,4.34193e+08,4.10172e-05
26.6064,4.35497e+08,4.10582e-05
26.633,4.36805e+08,4.10992e-05
26.6596,4.38117e+08,4.11403e-05
26.6863,4.39432e+08,4.11815e-05
26.713,4.40752e+08,4.12227e-05
26.7397,4.42075e+08,4.12639e-05
26.7664,4.43403e+08,4.13051e-05
26.7932,4.44734e+08,4.13465e-05
26.82,4.4607e+08,4.13878e-05
26.8468,4.4741e+08,4.14292e-05
26.8736,4.48753e+08,4.14706e-05
26.9005,4.50101e+08,4.15121e-05
26.9274,4.51452e+08,4.15536e-05
26.9543,4.52808e+08,4.15952e-05
26.9813,4.54168e+08,4.16367e-05
27.0083,4.55532e+08,4.16784e-05
27.0353,4.569e+08,4.17201e-05
27.0623,4.58272e+08,4.17618e-05
27.0894,4.59648e+08,4.18035e-05
27.1165,4.61028e+08,4.18453e-05
27.1436,4.62413e+08,4.18872e-05
27.1707,4.63801e+08,4.19291e-05
27.1979,4.65194e+08,4.1971e-05
27.2251,4.66591e+08,4.2013e-05
27.2523,4.67992e+08,4.2055e-05
27.2796,4.69398e+08,4.2097e-05
27.3069,4.70807e+08,4.21391e-05
27.3342,4.72221e+08,4.21813e-05
27.3615,4.73639e+08,4.22235e-05
27.3889,4.75062e+08,4.22657e-05
27.4163,4.76488e+08,4.2308e-05
27.4437,4.77919e+08,4.23503e-05
27.4711,4.79354e+08,4.23926e-05
27.4986,4.80794e+08,4.2435e-05
27.5261,4.82238e+08,4.24774e-05
27.5536,4.83686e+08,4.25199e-05
27.5812,4.85138e+08,4.25624e-05
27.6087,4.86595e+08,4.2605e-05
27.6364,4.88056e+08,4.26476e-05
27.664,4.89522e+08,4.26903e-05
27.6917,4.90992e+08,4.27329e-05
27.7193,4.92466e+08,4.27757e-05
27.7471,4.93945e+08,4.28185e-05
27.7748,4.95429e+08,4.28613e-05
27.8026,4.96916e+08,4.29041e-05
27.8304,4.98409e+08,4.2947e-05
27.8582,4.99905e+08,4.299e-05
27.8861,5.01407e+08,4.3033e-05
27.914,5.02912e+08,4.3076e-05
27.9419,5.04423e+08,4.31191e-05
27.9698,5.05937e+08,4.31622e-05
27.9978,5.07457e+08,4.32054e-05
28.0258,5.08981e+08,4.32486e-05
28.0538,5.10509e+08,4.32918e-05
28.0819,5.12042e+08,4.33351e-05
28.11,5.1358e+08,4.33784e-05
28.1381,5.15122e+08,4.34218e-05
28.1662,5.16669e+08,4.34652e-05
28.1944,5.18221e+08,4.35087e-05
28.2226,5.19777e+08,4.35522e-05
28.2508,5.21338e+08,4.35958e-05
28.279,5.22903e+08,4.36394e-05
28.3073,5.24474e+08,4.3683e-05
28.3356,5.26049e+08,4.37267e-05
28.364,5.27628e+08,4.37704e-05
28.3923,5.29213e+08,4.38142e-05
28.4207,5.30802e+08,4.3858e-05
28.4491,5.32396e+08,4.39019e-05
28.4776,5.33995e+08,4.39458e-05
28.5061,5.35598e+08,4.39897e-05
28.5346,5.37207e+08,4.40337e-05
28.5631,5.3882e+08,4.40777e-05
28.5917,5.40438e+08,4.41218e-05
28.6203,5.42061e+08,4.41659e-05
28.6489,5.43689e+08,4.42101e-05
28.6775,5.45321e+08,4.42543e-05
28.7062,5.46959e+08,4.42986e-05
28.7349,5.48602e+08,4.43429e-05
28.7636,5.50249e+08,4.43872e-05
28.7924,5.51901e+08,4.44316e-05
28.8212,5.53559e+08,4.4476e-05
28.85,5.55221e+08,4.45205e-05
28.8789,5.56888e+08,4.4565e-05
28.9077,5.58561e+08,4.46096e-05
28.9367,5.60238e+08,4.46542e-05
28.9656,5.61921e+08,4.46988e-05
28.9946,5.63608e+08,4.47435e-05
29.0236,5.65301e+08,4.47883e-05
29.0526,5.66998e+08,4.48331e-05
29.0816,5.68701e+08,4.48779e-05
29.1107,5.70409e+08,4.49228e-05
29.1398,5.72122e+08,4.49677e-05
29.169,5.7384e+08,4.50127e-05
29.1981,5.75563e+08,4.50577e-05
29.2273,5.77291e+08,4.51027e-05
29.2566,5.79025e+08,4.51479e-05
29.2858,5.80764e+08,4.5193e-05
29.3151,5.82508e+08,4.52382e-05
29.3444,5.84257e+08,4.52834e-05
29.3738,5.86012e+08,4.53287e-05
29.4031,5.87771e+08,4.5374e-05
29.4325,5.89536e+08,4.54194e-05
29.462,5.91307e+08,4.54648e-05
29.4914,5.93082e+08,4.55103e-05
29.5209,5.94864e+08,4.55558e-05
29.5504,5.9665e+08,4.56014e-05
29.58,5.98442e+08,4.5647e-05
29.6096,6.00239e+08,4.56926e-05
29.6392,6.02041e+08,4.57383e-05
29.6688,6.03849e+08,4.5784e-05
29.6985,6.05663e+08,4.58298e-05
29.7282,6.07481e+08,4.58757e-05
29.7579,6.09306e+08,4.59215e-05
29.7877,6.11135e+08,4.59675e-05
29.8175,6.12971e+08,4.60134e-05
29.8473,6.14811e+08,4.60594e-05
29.8771,6.16658e+08,4.61055e-05
29.907,6.18509e+08,4.61516e-05
29.9369,6.20367e+08,4.61978e-05
29.9668,6.2223e+08,4.6244e-05
29.9968,6.24098e+08,4.62902e-05
30.0268,6.25973e+08,4.63365e-05
30.0568,6.27852e+08,4.63828e-05
30.0869,6.29738e+08,4.64292e-05
30.117,6.31629e+08,4.64756e-05
30.1471,6.33526e+08,4.65221e-05
30.1772,6.35428e+08,4.65686e-05
30.2074,6.37336e+08,4.66152e-05
30.2376,6.3925e+08,4.66618e-05
30.2679,6.4117e+08,4.67085e-05
30.2981,6.43095e+08,4.67552e-05
30.3284,6.45027e+08,4.68019e-05
30.3588,6.46964e+08,4.68487e-05
30.3891,6.48906e+08,4.68956e-05
30.4195,6.50855e+08,4.69425e-05
30.4499,6.5281e+08,4.69894e-05
30.4804,6.5477e+08,4.70364e-05
30.5109,6.56736e+08,4.70835e-05
30.5414,6.58708e+08,4.71305e-05
30.5719,6.60687e+08,4.71777e-05
30.6025,6.62671e+08,4.72248e-05
30.6331,6.64661e+08,4.72721e-05
30.6637,6.66657e+08,4.73193e-05
30.6944,6.68659e+08,4.73667e-05
30.7251,6.70667e+08,4.7414e-05
30.7558,6.72681e+08,4.74614e-05
30.7866,6.74701e+08,4.75089e-05
30.8173,6.76727e+08,4.75564e-05
30.8482,6.78759e+08,4.7604e-05
30.879,6.80797e+08,4.76516e-05
30.9099,6.82842e+08,4.76992e-05
30.9408,6.84892e+08,4.77469e-05
30.9717,6.86949e+08,4.77947e-05
31.0027,6.89012e+08,4.78425e-05
31.0337,6.91081e+08,4.78903e-05
31.0647,6.93156e+08,4.79382e-05
31.0958,6.95238e+08,4.79861e-05
31.1269,6.97326e+08,4.80341e-05
31.158,6.9942e+08,4.80822e-05
31.1892,7.0152e+08,4.81302e-05
31.2204,7.03627e+08,4.81784e-05
31.2516,7.0574e+08,4.82265e-05
31.2829,7.07859e+08,4.82748e-05
31.3141,7.09985e+08,4.83231e-05
31.3455,7.12117e+08,4.83714e-05
31.3768,7.14255e+08,4.84197e-05
31.4082,7.164e+08,4.84682e-05
31.4396,7.18552e+08,4.85166e-05
31.471,7.20709e+08,4.85651e-05
31.5025,7.22874e+08,4.86137e-05
31.534,7.25045e+08,4.86623e-05
31.5655,7.27222e+08,4.8711e-05
31.5971,7.29406e+08,4.87597e-05
31.6287,7.31596e+08,4.88085e-05
31.6603,7.33793e+08,4.88573e-05
31.692,7.35997e+08,4.89061e-05
31.7237,7.38207e+08,4.8955e-05
31.7554,7.40424e+08,4.9004e-05
31.7872,7.42647e+08,4.9053e-05
31.8189,7.44877e+08,4.9102e-05
31.8508,7.47114e+08,4.91511e-05
31.8826,7.49358e+08,4.92003e-05
31.9145,7.51608e+08,4.92495e-05
31.9464,7.53865e+08,4.92987e-05
31.9784,7.56129e+08,4.9348e-05
32.0103,7.584e+08,4.93974e-05
32.0423,7.60677e+08,4.94468e-05
32.0744,7.62962e+08,4.94962e-05
32.1065,7.65253e+08,4.95457e-05
32.1386,7.67551e+08,4.95953e-05
32.1707,7.69856e+08,4.96449e-05
32.2029,7.72168e+08,4.96945e-05
32.2351,7.74486e+08,4.97442e-05
32.2673,7.76812e+08,4.9794e-05
32.2996,7.79145e+08,4.98438e-05
32.3319,7.81485e+08,4.98936e-05
32.3642,7.83832e+08,4.99435e-05
32.3966,7.86185e+08,4.99934e-05
32.429,7.88546e+08,5.00434e-05
32.4614,7.90914e+08,5.00935e-05
32.4939,7.93289e+08,5.01436e-05
32.5264,7.95672e+08,5.01937e-05
32.5589,7.98061e+08,5.02439e-05
32.5914,8.00458e+08,5.02941e-05
32.624,8.02861e+08,5.03444e-05
32.6567,8.05272e+08,5.03948e-05
32.6893,8.07691e+08,5.04452e-05
32.722,8.10116e+08,5.04956e-05
32.7547,8.12549e+08,5.05461e-05
32.7875,8.14989e+08,5.05967e-05
32.8203,8.17436e+08,5.06473e-05
32.8531,8.19891e+08,5.06979e-05
32.8859,8.22353e+08,5.07486e-05
32.9188,8.24823e+08,5.07994e-05
32.9517,8.273e+08,5.08502e-05
32.9847,8.29784e+08,5.0901e-05
33.0177,8.32276e+08,5.09519e-05
33.0507,8.34775e+08,5.10029e-05
33.0837,8.37282e+08,5.10539e-05
33.1168,8.39797e+08,5.11049e-05
33.1499,8.42318e+08,5.1156e-05
33.1831,8.44848e+08,5.12072e-05
33.2163,8.47385e+08,5.12584e-05
33.2495,8.4993e+08,5.13096e-05
33.2827,8.52482e+08,5.1361e-05
33.316,8.55042e+08,5.14123e-05
33.3493,8.5761e+08,5.14637e-05
33.3827,8.60185e+08,5.15152e-05
33.4161,8.62768e+08,5.15667e-05
33.4495,8.65359e+08,5.16183e-05
33.4829,8.67958e+08,5.16699e-05
33.5164,8.70564e+08,5.17216e-05
33.5499,8.73179e+08,5.17733e-05
33.5835,8.75801e+08,5.18251e-05
33.6171,8.78431e+08,5.18769e-05
33.6507,8.81069e+08,5.19288e-05
33.6843,8.83715e+08,5.19807e-05
33.718,8.86368e+08,5.20327e-05
33.7517,8.8903e+08,5.20847e-05
33.7855,8.917e+08,5.21368e-05
33.8193,8.94378e+08,5.21889e-05
33.8531,8.97063e+08,5.22411e-05
33.887,8.99757e+08,5.22933e-05
33.9208,9.02459e+08,5.23456e-05
33.9548,9.05169e+08,5.2398e-05
33.9887,9.07888e+08,5.24504e-05
34.0227,9.10614e+08,5.25028e-05
34.0567,9.13349e+08,5.25553e-05
34.0908,9.16091e+08,5.26079e-05
34.1249,9.18842e+08,5.26605e-05
34.159,9.21602e+08,5.27132e-05
34.1932,9.24369e+08,5.27659e-05
34.2274,9.27145e+08,5.28186e-05
34.2616,9.29929e+08,5.28715e-05
34.2958,9.32722e+08,5.29243e-05
34.3301,9.35523e+08,5.29773e-05
34.3645,9.38332e+08,5.30302e-05
34.3988,9.4115e+08,5.30833e-05
34.4332,9.43976e+08,5.31363e-05
34.4677,9.46811e+08,5.31895e-05
34.5021,9.49654e+08,5.32427e-05
34.5366,9.52506e+08,5.32959e-05
34.5712,9.55367e+08,5.33492e-05
34.6057,9.58236e+08,5.34026e-05
34.6404,9.61113e+08,5.3456e-05
34.675,9.63999e+08,5.35094e-05
34.7097,9.66894e+08,5.35629e-05
34.7444,9.69798e+08,5.36165e-05
34.7791,9.7271e+08,5.36701e-05
34.8139,9.75631e+08,5.37238e-05
34.8487,9.78561e+08,5.37775e-05
34.8836,9.815e+08,5.38313e-05
34.9184,9.84447e+08,5.38851e-05
34.9534,9.87403e+08,5.3939e-05
34.9883,9.90369e+08,5.39929e-05
35.0233,9.93343e+08,5.40469e-05
35.0583,9.96326e+08,5.4101e-05
35.0934,9.99318e+08,5.41551e-05
35.1285,1.00232e+09,5.42092e-05
35.1636,1.00533e+09,5.42634e-05
35.1988,1.00835e+09,5.43177e-05
35.234,1.01138e+09,5.4372e-05
35.2692,1.01441e+09,5.44264e-05
35.3045,1.01746e+09,5.44808e-05
35.3398,1.02051e+09,5.45353e-05
35.3751,1.02358e+09,5.45898e-05
35.4105,1.02665e+09,5.46444e-05
35.4459,1.02974e+09,5.46991e-05
35.4814,1.03283e+09,5.47538e-05
35.5168,1.03593e+09,5.48085e-05
35.5523,1.03904e+09,5.48633e-05
35.5879,1.04216e+09,5.49182e-05
35.6235,1.04529e+09,5.49731e-05
35.6591,1.04843e+09,5.50281e-05
35.6948,1.05158e+09,5.50831e-05
35.7305,1.05474e+09,5.51382e-05
35.7662,1.0579e+09,5.51933e-05
35.802,1.06108e+09,5.52485e-05
35.8378,1.06427e+09,5.53038e-05
35.8736,1.06746e+09,5.53591e-05
35.9095,1.07067e+09,5.54144e-05
35.9454,1.07388e+09,5.54699e-05
35.9813,1.07711e+09,5.55253e-05
36.0173,1.08034e+09,5.55809e-05
36.0533,1.08359e+09,5.56364e-05
36.0894,1.08684e+09,5.56921e-05
36.1255,1.0901e+09,5.57478e-05
36.1616,1.09338e+09,5.58035e-05
36.1978,1.09666e+09,5.58593e-05
36.234,1.09996e+09,5.59152e-05
36.2702,1.10326e+09,5.59711e-05
36.3065,1.10657e+09,5.60271e-05
36.3428,1.10989e+09,5.60831e-05
36.3791,1.11323e+09,5.61392e-05
36.4155,1.11657e+09,5.61953e-05
36.4519,1.11992e+09,5.62515e-05
36.4884,1.12329e+09,5.63078e-05
36.5248,1.12666e+09,5.63641e-05
36.5614,1.13004e+09,5.64204e-05
36.5979,1.13344e+09,5.64768e-05
36.6345,1.13684e+09,5.65333e-05
36.6712,1.14025e+09,5.65899e-05
36.7078,1.14368e+09,5.66464e-05
36.7445,1.14711e+09,5.67031e-05
36.7813,1.15056e+09,5.67598e-05
36.8181,1.15401e+09,5.68166e-05
36.8549,1.15748e+09,5.68734e-05
36.8917,1.16095e+09,5.69302e-05
36.9286,1.16444e+09,5.69872e-05
36.9656,1.16794e+09,5.70442e-05
37.0025,1.17144e+09,5.71012e-05
37.0395,1.17496e+09,5.71583e-05
37.0766,1.17849e+09,5.72155e-05
37.1136,1.18203e+09,5.72727e-05
37.1508,1.18558e+09,5.733e-05
37.1879,1.18914e+09,5.73873e-05
37.2251,1.19271e+09,5.74447e-05
37.2623,1.19629e+09,5.75021e-05
37.2996,1.19989e+09,5.75596e-05
37.3369,1.20349e+09,5.76172e-05
37.3742,1.2071e+09,5.76748e-05
37.4116,1.21073e+09,5.77325e-05
37.449,1.21436e+09,5.77902e-05
37.4865,1.21801e+09,5.7848e-05
37.5239,1.22167e+09,5.79058e-05
37.5615,1.22534e+09,5.79637e-05
37.599,1.22902e+09,5.80217e-05
37.6366,1.23271e+09,5.80797e-05
37.6743,1.23641e+09,5.81378e-05
37.7119,1.24012e+09,5.81959e-05
37.7497,1.24385e+09,5.82541e-05
37.7874,1.24758e+09,5.83124e-05
37.8252,1.25133e+09,5.83707e-05
37.863,1.25509e+09,5.84291e-05
37.9009,1.25885e+09,5.84875e-05
37.9388,1.26263e+09,5.8546e-05
37.9767,1.26643e+09,5.86045e-05
38.0147,1.27023e+09,5.86631e-05
38.0527,1.27404e+09,5.87218e-05
38.0908,1.27787e+09,5.87805e-05
38.1289,1.28171e+09,5.88393e-05
38.167,1.28556e+09,5.88982e-05
38.2051,1.28942e+09,5.89571e-05
38.2434,1.29329e+09,5.9016e-05
38.2816,1.29717e+09,5.9075e-05
38.3199,1.30107e+09,5.91341e-05
38.3582,1.30498e+09,5.91932e-05
38.3966,1.30889e+09,5.92524e-05
38.435,1.31282e+09,5.93117e-05
38.4734,1.31677e+09,5.9371e-05
38.5119,1.32072e+09,5.94304e-05
38.5504,1.32469e+09,5.94898e-05
38.5889,1.32867e+09,5.95493e-05
38.6275,1.33266e+09,5.96088e-05
38.6661,1.33666e+09,5.96684e-05
38.7048,1.34067e+09,5.97281e-05
38.7435,1.3447e+09,5.97878e-05
38.7823,1.34874e+09,5.98476e-05
38.821,1.35279e+09,5.99075e-05
38.8599,1.35685e+09,5.99674e-05
38.8987,1.36092e+09,6.00273e-05
38.9376,1.36501e+09,6.00874e-05
38.9766,1.36911e+09,6.01475e-05
39.0155,1.37322e+09,6.02076e-05
39.0545,1.37734e+09,6.02678e-05
39.0936,1.38148e+09,6.03281e-05
39.1327,1.38563e+09,6.03884e-05
39.1718,1.38979e+09,6.04488e-05
39.211,1.39396e+09,6.05093e-05
39.2502,1.39815e+09,6.05698e-05
39.2895,1.40235e+09,6.06303e-05
39.3287,1.40656e+09,6.0691e-05
39.3681,1.41078e+09,6.07517e-05
39.4074,1.41502e+09,6.08124e-05
39.4469,1.41927e+09,6.08732e-05
39.4863,1.42353e+09,6.09341e-05
39.5258,1.42781e+09,6.0995e-05
39.5653,1.43209e+09,6.1056e-05
39.6049,1.43639e+09,6.11171e-05
39.6445,1.44071e+09,6.11782e-05
39.6841,1.44503e+09,6.12394e-05
39.7238,1.44937e+09,6.13006e-05
39.7635,1.45373e+09,6.13619e-05
39.8033,1.45809e+09,6.14233e-05
39.8431,1.46247e+09,6.14847e-05
39.8829,1.46686e+09,6.15462e-05
39.9228,1.47127e+09,6.16077e-05
39.9627,1.47569e+09,6.16693e-05
40.0027,1.48012e+09,6.1731e-05
40.0427,1.48456e+09,6.17927e-05
40.0828,1.48902e+09,6.18545e-05
40.1228,1.49349e+09,6.19164e-05
40.163,1.49798e+09,6.19783e-05
40.2031,1.50247e+09,6.20403e-05
40.2433,1.50699e+09,6.21023e-05
40.2836,1.51151e+09,6.21644e-05
40.3239,1.51605e+09,6.22266e-05
40.3642,1.5206e+09,6.22888e-05
40.4045,1.52517e+09,6.23511e-05
40.4449,1.52975e+09,6.24134e-05
40.4854,1.53434e+09,6.24759e-05
40.5259,1.53895e+09,6.25383e-05
40.5664,1.54357e+09,6.26009e-05
40.607,1.54821e+09,6.26635e-05
40.6476,1.55286e+09,6.27261e-05
40.6882,1.55752e+09,6.27889e-05
40.7289,1.5622e+09,6.28517e-05
40.7696,1.56689e+09,6.29145e-05
40.8104,1.5716e+09,6.29774e-05
40.8512,1.57631e+09,6.30404e-05
40.8921,1.58105e+09,6.31034e-05
40.933,1.5858e+09,6.31665e-05
40.9739,1.59056e+09,6.32297e-05
41.0149,1.59533e+09,6.32929e-05
41.0559,1.60013e+09,6.33562e-05
41.0969,1.60493e+09,6.34196e-05
41.138,1.60975e+09,6.3483e-05
41.1792,1.61458e+09,6.35465e-05
41.2204,1.61943e+09,6.361e-05
41.2616,1.6243e+09,6.36736e-05
41.3028,1.62917e+09,6.37373e-05
41.3441,1.63407e+09,6.38011e-05
41.3855,1.63897e+09,6.38649e-05
41.4269,1.6439e+09,6.39287e-05
41.4683,1.64883e+09,6.39927e-05
41.5098,1.65378e+09,6.40566e-05
41.5513,1.65875e+09,6.41207e-05
41.5928,1.66373e+09,6.41848e-05
41.6344,1.66873e+09,6.4249e-05
41.6761,1.67374e+09,6.43133e-05
41.7177,1.67876e+09,6.43776e-05
41.7594,1.68381e+09,6.44419e-05
41.8012,1.68886e+09,6.45064e-05
41.843,1.69393e+09,6.45709e-05
41.8849,1.69902e+09,6.46355e-05
41.9267,1.70412e+09,6.47001e-05
41.9687,1.70924e+09,6.47648e-05
42.0106,1.71437e+09,6.48296e-05
42.0526,1.71952e+09,6.48944e-05
42.0947,1.72469e+09,6.49593e-05
42.1368,1.72986e+09,6.50243e-05
42.1789,1.73506e+09,6.50893e-05
42.2211,1.74027e+09,6.51544e-05
42.2633,1.7455e+09,6.52195e-05
42.3056,1.75074e+09,6.52847e-05
42.3479,1.75599e+09,6.535e-05
42.3902,1.76127e+09,6.54154e-05
42.4326,1.76656e+09,6.54808e-05
42.4751,1.77186e+09,6.55463e-05
42.5175,1.77718e+09,6.56118e-05
42.5601,1.78252e+09,6.56774e-05
42.6026,1.78787e+09,6.57431e-05
42.6452,1.79324e+09,6.58088e-05
42.6879,1.79863e+09,6.58747e-05
42.7306,1.80403e+09,6.59405e-05
42.7733,1.80945e+09,6.60065e-05
42.8161,1.81488e+09,6.60725e-05
42.8589,1.82033e+09,6.61386e-05
42.9017,1.8258e+09,6.62047e-05
42.9446,1.83128e+09,6.62709e-05
42.9876,1.83678e+09,6.63372e-05
43.0306,1.84229e+09,6.64035e-05
43.0736,1.84783e+09,6.64699e-05
43.1167,1.85338e+09,6.65364e-05
43.1598,1.85894e+09,6.66029e-05
43.2029,1.86452e+09,6.66695e-05
43.2462,1.87012e+09,6.67362e-05
43.2894,1.87574e+09,6.68029e-05
43.3327,1.88137e+09,6.68697e-05
43.376,1.88702e+09,6.69366e-05
43.4194,1.89269e+09,6.70035e-05
43.4628,1.89837e+09,6.70705e-05
43.5063,1.90407e+09,6.71376e-05
43.5498,1.90979e+09,6.72047e-05
43.5933,1.91553e+09,6.72719e-05
43.6369,1.92128e+09,6.73392e-05
43.6806,1.92705e+09,6.74066e-05
43.7242,1.93283e+09,6.7474e-05
43.768,1.93864e+09,6.75414e-05
43.8117,1.94446e+09,6.7609e-05
43.8556,1.9503e+09,6.76766e-05
43.8994,1.95616e+09,6.77443e-05
43.9433,1.96203e+09,6.7812e-05
43.9872,1.96792e+09,6.78798e-05
44.0312,1.97383e+09,6.79477e-05
44.0753,1.97976e+09,6.80156e-05
44.1193,1.98571e+09,6.80837e-05
44.1635,1.99167e+09,6.81517e-05
44.2076,1.99765e+09,6.82199e-05
44.2518,2.00365e+09,6.82881e-05
44.2961,2.00967e+09,6.83564e-05
44.3404,2.0157e+09,6.84248e-05
44.3847,2.02175e+09,6.84932e-05
44.4291,2.02782e+09,6.85617e-05
44.4735,2.03391e+09,6.86302e-05
44.518,2.04002e+09,6.86989e-05
44.5625,2.04615e+09,6.87676e-05
44.6071,2.05229e+09,6.88363e-05
44.6517,2.05846e+09,6.89052e-05
44.6963,2.06464e+09,6.89741e-05
44.741,2.07084e+09,6.90431e-05
44.7858,2.07706e+09,6.91121e-05
44.8306,2.08329e+09,6.91812e-05
44.8754,2.08955e+09,6.92504e-05
44.9203,2.09582e+09,6.93196e-05
44.9652,2.10212e+09,6.9389e-05
45.0102,2.10843e+09,6.94584e-05
45.0552,2.11476e+09,6.95278e-05
45.1002,2.12111e+09,6.95973e-05
45.1453,2.12748e+09,6.96669e-05
45.1905,2.13387e+09,6.97366e-05
45.2357,2.14028e+09,6.98063e-05
45.2809,2.14671e+09,6.98761e-05
45.3262,2.15315e+09,6.9946e-05
45.3715,2.15962e+09,7.0016e-05
45.4169,2.16611e+09,7.0086e-05
45.4623,2.17261e+09,7.01561e-05
45.5078,2.17913e+09,7.02262e-05
45.5533,2.18568e+09,7.02965e-05
45.5988,2.19224e+09,7.03667e-05
45.6444,2.19883e+09,7.04371e-05
45.6901,2.20543e+09,7.05076e-05
45.7358,2.21205e+09,7.05781e-05
45.7815,2.21869e+09,7.06486e-05
45.8273,2.22536e+09,7.07193e-05
45.8731,2.23204e+09,7.079e-05
45.919,2.23874e+09,7.08608e-05
45.9649,2.24547e+09,7.09317e-05
46.0109,2.25221e+09,7.10026e-05
46.0569,2.25897e+09,7.10736e-05
46.1029,2.26576e+09,7.11447e-05
46.149,2.27256e+09,7.12158e-05
46.1952,2.27938e+09,7.1287e-05
46.2414,2.28623e+09,7.13583e-05
46.2876,2.29309e+09,7.14297e-05
46.3339,2.29998e+09,7.15011e-05
46.3802,2.30689e+09,7.15726e-05
46.4266,2.31381e+09,7.16442e-05
46.473,2.32076e+09,7.17158e-05
46.5195,2.32773e+09,7.17875e-05
46.566,2.33472e+09,7.18593e-05
46.6126,2.34173e+09,7.19312e-05
46.6592,2.34877e+09,7.20031e-05
46.7059,2.35582e+09,7.20751e-05
46.7526,2.36289e+09,7.21472e-05
46.7993,2.36999e+09,7.22193e-05
46.8461,2.37711e+09,7.22916e-05
46.893,2.38425e+09,7.23638e-05
46.9399,2.39141e+09,7.24362e-05
46.9868,2.39859e+09,7.25086e-05
47.0338,2.40579e+09,7.25812e-05
47.0808,2.41301e+09,7.26537e-05
47.1279,2.42026e+09,7.27264e-05
47.175,2.42753e+09,7.27991e-05
47.2222,2.43482e+09,7.28719e-05
47.2694,2.44213e+09,7.29448e-05
47.3167,2.44946e+09,7.30177e-05
47.364,2.45682e+09,7.30908e-05
47.4114,2.4642e+09,7.31638e-05
47.4588,2.4716e+09,7.3237e-05
47.5063,2.47902e+09,7.33102e-05
47.5538,2.48646e+09,7.33836e-05
47.6013,2.49393e+09,7.34569e-05
47.6489,2.50142e+09,7.35304e-05
47.6966,2.50893e+09,7.36039e-05
47.7443,2.51647e+09,7.36775e-05
47.792,2.52402e+09,7.37512e-05
47.8398,2.5316e+09,7.3825e-05
47.8876,2.53921e+09,7.38988e-05
47.9355,2.54683e+09,7.39727e-05
47.9835,2.55448e+09,7.40467e-05
48.0314,2.56215e+09,7.41207e-05
48.0795,2.56984e+09,7.41948e-05
48.1276,2.57756e+09,7.4269e-05
48.1757,2.5853e+09,7.43433e-05
48.2239,2.59307e+09,7.44176e-05
48.2721,2.60085e+09,7.4492e-05
48.3204,2.60866e+09,7.45665e-05
48.3687,2.6165e+09,7.46411e-05
48.417,2.62435e+09,7.47157e-05
48.4655,2.63223e+09,7.47905e-05
48.5139,2.64014e+09,7.48652e-05
48.5624,2.64807e+09,7.49401e-05
48.611,2.65602e+09,7.50151e-05
48.6596,2.664e+09,7.50901e-05
48.7083,2.672e+09,7.51652e-05
48.757,2.68002e+09,7.52403e-05
48.8057,2.68807e+09,7.53156e-05
48.8545,2.69614e+09,7.53909e-05
48.9034,2.70424e+09,7.54663e-05
48.9523,2.71236e+09,7.55417e-05
49.0013,2.7205e+09,7.56173e-05
49.0503,2.72867e+09,7.56929e-05
49.0993,2.73687e+09,7.57686e-05
49.1484,2.74509e+09,7.58444e-05
49.1975,2.75333e+09,7.59202e-05
49.2467,2.7616e+09,7.59961e-05
49.296,2.76989e+09,7.60721e-05
49.3453,2.77821e+09,7.61482e-05
49.3946,2.78655e+09,7.62243e-05
49.444,2.79492e+09,7.63006e-05
49.4935,2.80331e+09,7.63769e-05
49.543,2.81173e+09,7.64532e-05
49.5925,2.82017e+09,7.65297e-05
49.6421,2.82864e+09,7.66062e-05
49.6917,2.83714e+09,7.66828e-05
49.7414,2.84566e+09,7.67595e-05
49.7912,2.8542e+09,7.68363e-05
49.841,2.86277e+09,7.69131e-05
49.8908,2.87137e+09,7.699e-05
49.9407,2.87999e+09,7.7067e-05
49.9906,2.88864e+09,7.71441e-05
50.0406,2.89732e+09,7.72212e-05
50.0907,2.90602e+09,7.72984e-05
50.1408,2.91474e+09,7.73757e-05
50.1909,2.9235e+09,7.74531e-05
50.2411,2.93228e+09,7.75306e-05
50.2913,2.94108e+09,7.76081e-05
50.3416,2.94991e+09,7.76857e-05
50.392,2.95877e+09,7.77634e-05
50.4424,2.96766e+09,7.78412e-05
50.4928,2.97657e+09,7.7919e-05
50.5433,2.98551e+09,7.79969e-05
50.5938,2.99447e+09,7.80749e-05
50.6444,3.00347e+09,7.8153e-05
50.6951,3.01249e+09,7.82311e-05
50.7458,3.02153e+09,7.83094e-05
50.7965,3.03061e+09,7.83877e-05
50.8473,3.03971e+09,7.84661e-05
50.8982,3.04884e+09,7.85445e-05
50.9491,3.05799e+09,7.86231e-05
51,3.06717e+09,7.87017e-05
51.051,3.07639e+09,7.87804e-05
51.1021,3.08562e+09,7.88592e-05
51.1532,3.09489e+09,7.8938e-05
51.2043,3.10418e+09,7.9017e-05
51.2555,3.11351e+09,7.9096e-05
51.3068,3.12286e+09,7.91751e-05
51.3581,3.13223e+09,7.92543e-05
51.4094,3.14164e+09,7.93335e-05
51.4609,3.15107e+09,7.94129e-05
51.5123,3.16054e+09,7.94923e-05
51.5638,3.17003e+09,7.95718e-05
51.6154,3.17955e+09,7.96513e-05
51.667,3.1891e+09,7.9731e-05
51.7187,3.19867e+09,7.98107e-05
51.7704,3.20828e+09,7.98905e-05
51.8222,3.21791e+09,7.99704e-05
51.874,3.22758e+09,8.00504e-05
51.9259,3.23727e+09,8.01304e-05
51.9778,3.24699e+09,8.02106e-05
52.0298,3.25674e+09,8.02908e-05
52.0818,3.26652e+09,8.03711e-05
52.1339,3.27633e+09,8.04514e-05
52.186,3.28617e+09,8.05319e-05
52.2382,3.29604e+09,8.06124e-05
52.2904,3.30593e+09,8.0693e-05
52.3427,3.31586e+09,8.07737e-05
52.3951,3.32582e+09,8.08545e-05
52.4475,3.33581e+09,8.09354e-05
52.4999,3.34582e+09,8.10163e-05
52.5524,3.35587e+09,8.10973e-05
52.605,3.36595e+09,8.11784e-05
52.6576,3.37606e+09,8.12596e-05
52.7102,3.3862e+09,8.13409e-05
52.7629,3.39637e+09,8.14222e-05
52.8157,3.40656e+09,8.15036e-05
52.8685,3.41679e+09,8.15851e-05
52.9214,3.42706e+09,8.16667e-05
52.9743,3.43735e+09,8.17484e-05
53.0273,3.44767e+09,8.18301e-05
53.0803,3.45802e+09,8.19119e-05
53.1334,3.46841e+09,8.19939e-05
53.1865,3.47882e+09,8.20759e-05
53.2397,3.48927e+09,8.21579e-05
53.2929,3.49975e+09,8.22401e-05
53.3462,3.51026e+09,8.23223e-05
53.3996,3.5208e+09,8.24046e-05
53.453,3.53137e+09,8.24871e-05
53.5064,3.54198e+09,8.25695e-05
53.5599,3.55261e+09,8.26521e-05
53.6135,3.56328e+09,8.27348e-05
53.6671,3.57398e+09,8.28175e-05
53.7208,3.58471e+09,8.29003e-05
53.7745,3.59548e+09,8.29832e-05
53.8283,3.60628e+09,8.30662e-05
53.8821,3.61711e+09,8.31493e-05
53.936,3.62797e+09,8.32324e-05
53.9899,3.63886e+09,8.33156e-05
54.0439,3.64979e+09,8.3399e-05
54.098,3.66075e+09,8.34824e-05
54.1521,3.67174e+09,8.35658e-05
54.2062,3.68277e+09,8.36494e-05
54.2604,3.69383e+09,8.37331e-05
54.3147,3.70492e+09,8.38168e-05
54.369,3.71605e+09,8.39006e-05
54.4234,3.72721e+09,8.39845e-05
54.4778,3.7384e+09,8.40685e-05
54.5323,3.74963e+09,8.41526e-05
54.5868,3.76089e+09,8.42367e-05
54.6414,3.77218e+09,8.4321e-05
54.696,3.78351e+09,8.44053e-05
54.7507,3.79487e+09,8.44897e-05
54.8055,3.80627e+09,8.45742e-05
54.8603,3.8177e+09,8.46587e-05
54.9151,3.82916e+09,8.47434e-05
54.97,3.84066e+09,8.48281e-05
55.025,3.85219e+09,8.4913e-05
55.08,3.86376e+09,8.49979e-05
55.1351,3.87536e+09,8.50829e-05
55.1903,3.887e+09,8.5168e-05
55.2454,3.89868e+09,8.52531e-05
55.3007,3.91038e+09,8.53384e-05
55.356,3.92213e+09,8.54237e-05
55.4113,3.9339e+09,8.55091e-05
55.4668,3.94572e+09,8.55947e-05
55.5222,3.95757e+09,8.56803e-05
55.5777,3.96945e+09,8.57659e-05
55.6333,3.98137e+09,8.58517e-05
55.689,3.99333e+09,8.59376e-05
55.7446,4.00532e+09,8.60235e-05
55.8004,4.01735e+09,8.61095e-05
55.8562,4.02941e+09,8.61956e-05
55.912,4.04151e+09,8.62818e-05
55.968,4.05365e+09,8.63681e-05
56.0239,4.06582e+09,8.64545e-05
56.08,4.07803e+09,8.65409e-05
56.136,4.09028e+09,8.66275e-05
56.1922,4.10256e+09,8.67141e-05
56.2484,4.11488e+09,8.68008e-05
56.3046,4.12724e+09,8.68876e-05
56.3609,4.13963e+09,8.69745e-05
56.4173,4.15206e+09,8.70615e-05
56.4737,4.16453e+09,8.71485e-05
56.5302,4.17704e+09,8.72357e-05
56.5867,4.18958e+09,8.73229e-05
56.6433,4.20216e+09,8.74102e-05
56.6999,4.21478e+09,8.74976e-05
56.7566,4.22744e+09,8.75851e-05
56.8134,4.24013e+09,8.76727e-05
56.8702,4.25287e+09,8.77604e-05
56.9271,4.26564e+09,8.78482e-05
56.984,4.27845e+09,8.7936e-05
57.041,4.2913e+09,8.80239e-05
57.098,4.30418e+09,8.8112e-05
57.1551,4.31711e+09,8.82001e-05
57.2123,4.33007e+09,8.82883e-05
57.2695,4.34308e+09,8.83766e-05
57.3268,4.35612e+09,8.84649e-05
57.3841,4.3692e+09,8.85534e-05
57.4415,4.38232e+09,8.8642e-05
57.4989,4.39548e+09,8.87306e-05
57.5564,4.40868e+09,8.88193e-05
57.614,4.42192e+09,8.89082e-05
57.6716,4.4352e+09,8.89971e-05
57.7292,4.44852e+09,8.90861e-05
57.787,4.46188e+09,8.91751e-05
57.8448,4.47528e+09,8.92643e-05
57.9026,4.48871e+09,8.93536e-05
57.9605,4.50219e+09,8.94429e-05
58.0185,4.51571e+09,8.95324e-05
58.0765,4.52928e+09,8.96219e-05
58.1346,4.54288e+09,8.97115e-05
58.1927,4.55652e+09,8.98012e-05
58.2509,4.5702e+09,8.98911e-05
58.3091,4.58393e+09,8.99809e-05
58.3675,4.59769e+09,9.00709e-05
58.4258,4.6115e+09,9.0161e-05
58.4842,4.62535e+09,9.02512e-05
58.5427,4.63924e+09,9.03414e-05
58.6013,4.65317e+09,9.04317e-05
58.6599,4.66714e+09,9.05222e-05
58.7185,4.68116e+09,9.06127e-05
58.7773,4.69521e+09,9.07033e-05
58.836,4.70931e+09,9.0794e-05
58.8949,4.72346e+09,9.08848e-05
58.9538,4.73764e+09,9.09757e-05
59.0127,4.75187e+09,9.10667e-05
59.0717,4.76614e+09,9.11577e-05
59.1308,4.78045e+09,9.12489e-05
59.1899,4.79481e+09,9.13401e-05
59.2491,4.80921e+09,9.14315e-05
59.3084,4.82365e+09,9.15229e-05
59.3677,4.83813e+09,9.16144e-05
59.427,4.85266e+09,9.17061e-05
59.4865,4.86723e+09,9.17978e-05
59.546,4.88185e+09,9.18896e-05
59.6055,4.89651e+09,9.19814e-05
59.6651,4.91122e+09,9.20734e-05
59.7248,4.92596e+09,9.21655e-05
59.7845,4.94076e+09,9.22577e-05
59.8443,4.95559e+09,9.23499e-05
59.9041,4.97048e+09,9.24423e-05
59.964,4.9854e+09,9.25347e-05
60.024,5.00037e+09,9.26273e-05
60.084,5.01539e+09,9.27199e-05
60.1441,5.03045e+09,9.28126e-05
60.2042,5.04556e+09,9.29054e-05
60.2645,5.06071e+09,9.29983e-05
60.3247,5.07591e+09,9.30913e-05
60.385,5.09115e+09,9.31844e-05
60.4454,5.10644e+09,9.32776e-05
60.5059,5.12177e+09,9.33709e-05
60.5664,5.13715e+09,9.34642e-05
60.6269,5.15258e+09,9.35577e-05
60.6876,5.16805e+09,9.36513e-05
60.7483,5.18357e+09,9.37449e-05
60.809,5.19914e+09,9.38387e-05
60.8698,5.21475e+09,9.39325e-05
60.9307,5.23041e+09,9.40264e-05
60.9916,5.24612e+09,9.41205e-05
61.0526,5.26187e+09,9.42146e-05
61.1137,5.27767e+09,9.43088e-05
61.1748,5.29352e+09,9.44031e-05
61.2359,5.30942e+09,9.44975e-05
61.2972,5.32536e+09,9.4592e-05
61.3585,5.34136e+09,9.46866e-05
61.4198,5.3574e+09,9.47813e-05
61.4813,5.37348e+09,9.48761e-05
61.5427,5.38962e+09,9.49709e-05
61.6043,5.40581e+09,9.50659e-05
61.6659,5.42204e+09,9.5161e-05
61.7276,5.43832e+09,9.52561e-05
61.7893,5.45465e+09,9.53514e-05
61.8511,5.47103e+09,9.54467e-05
61.9129,5.48746e+09,9.55422e-05
61.9748,5.50394e+09,9.56377e-05
62.0368,5.52047e+09,9.57334e-05
62.0988,5.53705e+09,9.58291e-05
62.1609,5.55368e+09,9.59249e-05
62.2231,5.57035e+09,9.60209e-05
62.2853,5.58708e+09,9.61169e-05
62.3476,5.60386e+09,9.6213e-05
62.41,5.62069e+09,9.63092e-05
62.4724,5.63757e+09,9.64055e-05
62.5348,5.6545e+09,9.65019e-05
62.5974,5.67148e+09,9.65984e-05
62.66,5.68851e+09,9.6695e-05
62.7226,5.70559e+09,9.67917e-05
62.7854,5.72272e+09,9.68885e-05
62.8481,5.73991e+09,9.69854e-05
62.911,5.75715e+09,9.70824e-05
62.9739,5.77444e+09,9.71795e-05
63.0369,5.79178e+09,9.72766e-05
63.0999,5.80917e+09,9.73739e-05
63.163,5.82661e+09,9.74713e-05
63.2262,5.84411e+09,9.75688e-05
63.2894,5.86166e+09,9.76663e-05
63.3527,5.87926e+09,9.7764e-05
63.416,5.89692e+09,9.78618e-05
63.4795,5.91463e+09,9.79596e-05
63.5429,5.93239e+09,9.80576e-05
63.6065,5.9502e+09,9.81556e-05
63.6701,5.96807e+09,9.82538e-05
63.7338,5.98599e+09,9.83521e-05
63.7975,6.00397e+09,9.84504e-05
63.8613,6.022e+09,9.85489e-05
63.9252,6.04008e+09,9.86474e-05
63.9891,6.05822e+09,9.87461e-05
64.0531,6.07642e+09,9.88448e-05
64.1171,6.09466e+09,9.89436e-05
64.1812,6.11297e+09,9.90426e-05
64.2454,6.13132e+09,9.91416e-05
64.3097,6.14974e+09,9.92408e-05
64.374,6.1682e+09,9.934e-05
64.4383,6.18673e+09,9.94394e-05
64.5028,6.2053e+09,9.95388e-05
64.5673,6.22394e+09,9.96383e-05
64.6319,6.24263e+09,9.9738e-05
64.6965,6.26138e+09,9.98377e-05
64.7612,6.28018e+09,9.99375e-05
64.8259,6.29904e+09,0.000100037
64.8908,6.31795e+09,0.000100138
64.9557,6.33693e+09,0.000100238
65.0206,6.35596e+09,0.000100338
65.0856,6.37504e+09,0.000100438
65.1507,6.39419e+09,0.000100539
65.2159,6.41339e+09,0.000100639
65.2811,6.43265e+09,0.00010074
65.3464,6.45197e+09,0.000100841
65.4117,6.47134e+09,0.000100941
65.4771,6.49078e+09,0.000101042
65.5426,6.51027e+09,0.000101143
65.6081,6.52982e+09,0.000101245
65.6738,6.54943e+09,0.000101346
65.7394,6.56909e+09,0.000101447
65.8052,6.58882e+09,0.000101549
65.871,6.60861e+09,0.00010165
65.9368,6.62845e+09,0.000101752
66.0028,6.64836e+09,0.000101854
66.0688,6.66832e+09,0.000101955
66.1349,6.68835e+09,0.000102057
66.201,6.70843e+09,0.000102159
66.2672,6.72858e+09,0.000102262
66.3335,6.74879e+09,0.000102364
66.3998,6.76905e+09,0.000102466
66.4662,6.78938e+09,0.000102569
66.5327,6.80977e+09,0.000102671
66.5992,6.83022e+09,0.000102774
66.6658,6.85073e+09,0.000102877
66.7325,6.8713e+09,0.00010298
66.7992,6.89194e+09,0.000103083
66.866,6.91263e+09,0.000103186
66.9329,6.93339e+09,0.000103289
66.9998,6.95421e+09,0.000103392
67.0668,6.9751e+09,0.000103495
67.1339,6.99604e+09,0.000103599
67.201,7.01705e+09,0.000103703
67.2682,7.03812e+09,0.000103806
67.3355,7.05926e+09,0.00010391
67.4028,7.08046e+09,0.000104014
67.4702,7.10172e+09,0.000104118
67.5377,7.12305e+09,0.000104222
67.6052,7.14444e+09,0.000104326
67.6728,7.16589e+09,0.000104431
67.7405,7.18741e+09,0.000104535
67.8082,7.20899e+09,0.00010464
67.876,7.23064e+09,0.000104744
67.9439,7.25236e+09,0.000104849
68.0118,7.27414e+09,0.000104954
68.0799,7.29598e+09,0.000105059
68.1479,7.31789e+09,0.000105164
68.2161,7.33987e+09,0.000105269
68.2843,7.36191e+09,0.000105374
68.3526,7.38402e+09,0.00010548
68.4209,7.40619e+09,0.000105585
68.4894,7.42843e+09,0.000105691
68.5579,7.45074e+09,0.000105796
68.6264,7.47311e+09,0.000105902
68.695,7.49555e+09,0.000106008
68.7637,7.51806e+09,0.000106114
68.8325,7.54064e+09,0.00010622
68.9013,7.56328e+09,0.000106326
68.9702,7.586e+09,0.000106433
69.0392,7.60878e+09,0.000106539
69.1082,7.63163e+09,0.000106646
69.1773,7.65454e+09,0.000106752
69.2465,7.67753e+09,0.000106859
69.3158,7.70059e+09,0.000106966
69.3851,7.72371e+09,0.000107073
69.4545,7.74691e+09,0.00010718
69.5239,7.77017e+09,0.000107287
69.5934,7.7935e+09,0.000107395
69.663,7.81691e+09,0.000107502
69.7327,7.84038e+09,0.000107609
69.8024,7.86393e+09,0.000107717
69.8722,7.88754e+09,0.000107825
69.9421,7.91123e+09,0.000107933
70.0121,7.93499e+09,0.000108041
70.0821,7.95881e+09,0.000108149
70.1521,7.98272e+09,0.000108257
70.2223,8.00669e+09,0.000108365
70.2925,8.03073e+09,0.000108473
70.3628,8.05485e+09,0.000108582
70.4332,8.07904e+09,0.00010869
70.5036,8.1033e+09,0.000108799
70.5741,8.12763e+09,0.000108908
70.6447,8.15204e+09,0.000109017
70.7153,8.17652e+09,0.000109126
70.786,8.20107e+09,0.000109235
70.8568,8.2257e+09,0.000109344
70.9277,8.2504e+09,0.000109454
70.9986,8.27518e+09,0.000109563
71.0696,8.30003e+09,0.000109673
71.1407,8.32495e+09,0.000109782
71.2118,8.34995e+09,0.000109892
71.283,8.37503e+09,0.000110002
71.3543,8.40018e+09,0.000110112
71.4257,8.42541e+09,0.000110222
71.4971,8.45071e+09,0.000110332
71.5686,8.47608e+09,0.000110443
71.6402,8.50154e+09,0.000110553
71.7118,8.52707e+09,0.000110664
71.7835,8.55268e+09,0.000110774
71.8553,8.57836e+09,0.000110885
71.9272,8.60412e+09,0.000110996
71.9991,8.62996e+09,0.000111107
72.0711,8.65587e+09,0.000111218
72.1432,8.68187e+09,0.000111329
72.2153,8.70794e+09,0.000111441
72.2875,8.73409e+09,0.000111552
72.3598,8.76032e+09,0.000111664
72.4322,8.78662e+09,0.000111775
72.5046,8.81301e+09,0.000111887
72.5771,8.83948e+09,0.000111999
72.6497,8.86602e+09,0.000112111
72.7223,8.89265e+09,0.000112223
72.795,8.91935e+09,0.000112335
72.8678,8.94614e+09,0.000112448
72.9407,8.973e+09,0.00011256
73.0137,8.99995e+09,0.000112673
73.0867,9.02697e+09,0.000112785
73.1598,9.05408e+09,0.000112898
73.2329,9.08127e+09,0.000113011
73.3061,9.10854e+09,0.000113124
73.3795,9.13589e+09,0.000113237
73.4528,9.16333e+09,0.00011335
73.5263,9.19085e+09,0.000113464
73.5998,9.21845e+09,0.000113577
73.6734,9.24613e+09,0.000113691
73.7471,9.2739e+09,0.000113804
73.8208,9.30175e+09,0.000113918
73.8947,9.32968e+09,0.000114032
73.9685,9.3577e+09,0.000114146
74.0425,9.3858e+09,0.00011426
74.1166,9.41398e+09,0.000114374
74.1907,9.44225e+09,0.000114489
74.2649,9.47061e+09,0.000114603
74.3391,9.49905e+09,0.000114718
74.4135,9.52757e+09,0.000114833
74.4879,9.55619e+09,0.000114947
74.5624,9.58488e+09,0.000115062
74.6369,9.61367e+09,0.000115178
74.7116,9.64254e+09,0.000115293
74.7863,9.67149e+09,0.000115408
74.8611,9.70054e+09,0.000115523
74.9359,9.72967e+09,0.000115639
75.0109,9.75888e+09,0.000115755
75.0859,9.78819e+09,0.00011587
75.161,9.81758e+09,0.000115986
75.2361,9.84707e+09,0.000116102
75.3114,9.87664e+09,0.000116218
75.3867,9.9063e+09,0.000116334
75.4621,9.93605e+09,0.000116451
75.5375,9.96588e+09,0.000116567
75.6131,9.99581e+09,0.000116684
75.6887,1.00258e+10,0.000116801
75.7644,1.00559e+10,0.000116917
75.8401,1.00861e+10,0.000117034
75.916,1.01164e+10,0.000117151
75.9919,1.01468e+10,0.000117268
76.0679,1.01773e+10,0.000117386
76.1439,1.02078e+10,0.000117503
76.2201,1.02385e+10,0.000117621
76.2963,1.02692e+10,0.000117738
76.3726,1.03001e+10,0.000117856
76.449,1.0331e+10,0.000117974
76.5254,1.0362e+10,0.000118092
76.6019,1.03931e+10,0.00011821
76.6785,1.04244e+10,0.000118328
76.7552,1.04557e+10,0.000118446
76.832,1.04871e+10,0.000118565
76.9088,1.05186e+10,0.000118683
76.9857,1.05501e+10,0.000118802
77.0627,1.05818e+10,0.000118921
77.1398,1.06136e+10,0.00011904
77.2169,1.06455e+10,0.000119159
77.2941,1.06774e+10,0.000119278
77.3714,1.07095e+10,0.000119397
77.4488,1.07417e+10,0.000119517
77.5262,1.07739e+10,0.000119636
77.6038,1.08063e+10,0.000119756
77.6814,1.08387e+10,0.000119876
77.7591,1.08713e+10,0.000119995
77.8368,1.09039e+10,0.000120115
77.9146,1.09367e+10,0.000120236
77.9926,1.09695e+10,0.000120356
78.0706,1.10025e+10,0.000120476
78.1486,1.10355e+10,0.000120597
78.2268,1.10686e+10,0.000120717
78.305,1.11019e+10,0.000120838
78.3833,1.11352e+10,0.000120959
78.4617,1.11686e+10,0.00012108
78.5402,1.12022e+10,0.000121201
78.6187,1.12358e+10,0.000121322
78.6973,1.12696e+10,0.000121443
78.776,1.13034e+10,0.000121565
78.8548,1.13374e+10,0.000121686
78.9336,1.13714e+10,0.000121808
79.0126,1.14056e+10,0.00012193
79.0916,1.14398e+10,0.000122052
79.1707,1.14742e+10,0.000122174
79.2498,1.15086e+10,0.000122296
79.3291,1.15432e+10,0.000122418
79.4084,1.15778e+10,0.000122541
79.4878,1.16126e+10,0.000122663
79.5673,1.16475e+10,0.000122786
79.6469,1.16825e+10,0.000122909
79.7265,1.17175e+10,0.000123032
79.8063,1.17527e+10,0.000123155
79.8861,1.1788e+10,0.000123278
79.966,1.18234e+10,0.000123401
80.0459,1.18589e+10,0.000123524
80.126,1.18945e+10,0.000123648
80.2061,1.19303e+10,0.000123772
80.2863,1.19661e+10,0.000123895
80.3666,1.2002e+10,0.000124019
80.447,1.20381e+10,0.000124143
80.5274,1.20742e+10,0.000124267
80.6079,1.21105e+10,0.000124392
80.6885,1.21468e+10,0.000124516
80.7692,1.21833e+10,0.000124641
80.85,1.22199e+10,0.000124765
80.9308,1.22566e+10,0.00012489
81.0118,1.22934e+10,0.000125015
81.0928,1.23303e+10,0.00012514
81.1739,1.23673e+10,0.000125265
81.2551,1.24045e+10,0.00012539
81.3363,1.24417e+10,0.000125516
81.4176,1.24791e+10,0.000125641
81.4991,1.25166e+10,0.000125767
81.5806,1.25542e+10,0.000125893
81.6621,1.25919e+10,0.000126019
81.7438,1.26297e+10,0.000126145
81.8255,1.26676e+10,0.000126271
81.9074,1.27056e+10,0.000126397
81.9893,1.27438e+10,0.000126523
82.0713,1.27821e+10,0.00012665
82.1533,1.28205e+10,0.000126777
82.2355,1.2859e+10,0.000126903
82.3177,1.28976e+10,0.00012703
82.4,1.29363e+10,0.000127157
82.4824,1.29751e+10,0.000127284
82.5649,1.30141e+10,0.000127412
82.6475,1.30532e+10,0.000127539
82.7301,1.30924e+10,0.000127667
82.8129,1.31317e+10,0.000127794
82.8957,1.31711e+10,0.000127922
82.9786,1.32107e+10,0.00012805
83.0616,1.32504e+10,0.000128178
83.1446,1.32902e+10,0.000128306
83.2278,1.33301e+10,0.000128435
83.311,1.33701e+10,0.000128563
83.3943,1.34102e+10,0.000128692
83.4777,1.34505e+10,0.00012882
83.5612,1.34909e+10,0.000128949
83.6447,1.35314e+10,0.000129078
83.7284,1.35721e+10,0.000129207
83.8121,1.36128e+10,0.000129336
83.8959,1.36537e+10,0.000129466
83.9798,1.36947e+10,0.000129595
84.0638,1.37358e+10,0.000129725
84.1479,1.37771e+10,0.000129854
84.232,1.38184e+10,0.000129984
84.3162,1.38599e+10,0.000130114
84.4006,1.39016e+10,0.000130244
84.485,1.39433e+10,0.000130375
84.5694,1.39852e+10,0.000130505
84.654,1.40272e+10,0.000130636
84.7387,1.40693e+10,0.000130766
84.8234,1.41116e+10,0.000130897
84.9082,1.41539e+10,0.000131028
84.9931,1.41964e+10,0.000131159
85.0781,1.42391e+10,0.00013129
85.1632,1.42818e+10,0.000131421
85.2484,1.43247e+10,0.000131553
85.3336,1.43677e+10,0.000131684
85.419,1.44109e+10,0.000131816
85.5044,1.44542e+10,0.000131948
85.5899,1.44976e+10,0.00013208
85.6755,1.45411e+10,0.000132212
85.7611,1.45848e+10,0.000132344
85.8469,1.46286e+10,0.000132476
85.9327,1.46725e+10,0.000132609
86.0187,1.47166e+10,0.000132741
86.1047,1.47607e+10,0.000132874
86.1908,1.48051e+10,0.000133007
86.277,1.48495e+10,0.00013314
86.3633,1.48941e+10,0.000133273
86.4496,1.49389e+10,0.000133407
86.5361,1.49837e+10,0.00013354
86.6226,1.50287e+10,0.000133673
86.7092,1.50738e+10,0.000133807
86.796,1.51191e+10,0.000133941
86.8828,1.51645e+10,0.000134075
86.9696,1.521e+10,0.000134209
87.0566,1.52557e+10,0.000134343
87.1437,1.53015e+10,0.000134478
87.2308,1.53475e+10,0.000134612
87.318,1.53936e+10,0.000134747
87.4054,1.54398e+10,0.000134881
87.4928,1.54862e+10,0.000135016
87.5802,1.55327e+10,0.000135151
87.6678,1.55793e+10,0.000135286
87.7555,1.56261e+10,0.000135422
87.8433,1.5673e+10,0.000135557
87.9311,1.57201e+10,0.000135693
88.019,1.57673e+10,0.000135828
88.107,1.58147e+10,0.000135964
88.1952,1.58621e+10,0.0001361
88.2833,1.59098e+10,0.000136236
88.3716,1.59576e+10,0.000136372
88.46,1.60055e+10,0.000136509
88.5485,1.60535e+10,0.000136645
88.637,1.61017e+10,0.000136782
88.7256,1.61501e+10,0.000136919
88.8144,1.61986e+10,0.000137056
88.9032,1.62472e+10,0.000137193
88.9921,1.6296e+10,0.00013733
89.0811,1.6345e+10,0.000137467
89.1702,1.63941e+10,0.000137605
89.2593,1.64433e+10,0.000137742
89.3486,1.64927e+10,0.00013788
89.4379,1.65422e+10,0.000138018
89.5274,1.65919e+10,0.000138156
89.6169,1.66417e+10,0.000138294
89.7065,1.66917e+10,0.000138432
89.7962,1.67418e+10,0.000138571
89.886,1.67921e+10,0.000138709
89.9759,1.68425e+10,0.000138848
90.0659,1.68931e+10,0.000138987
90.156,1.69438e+10,0.000139126
90.2461,1.69947e+10,0.000139265
90.3364,1.70457e+10,0.000139404
90.4267,1.70969e+10,0.000139544
90.5171,1.71483e+10,0.000139683
90.6076,1.71997e+10,0.000139823
90.6982,1.72514e+10,0.000139963
90.7889,1.73032e+10,0.000140103
90.8797,1.73552e+10,0.000140243
90.9706,1.74073e+10,0.000140383
91.0616,1.74596e+10,0.000140524
91.1526,1.7512e+10,0.000140664
91.2438,1.75646e+10,0.000140805
91.335,1.76173e+10,0.000140946
91.4264,1.76702e+10,0.000141086
91.5178,1.77233e+10,0.000141228
91.6093,1.77765e+10,0.000141369
91.7009,1.78299e+10,0.00014151
91.7926,1.78834e+10,0.000141652
91.8844,1.79371e+10,0.000141793
91.9763,1.7991e+10,0.000141935
92.0683,1.8045e+10,0.000142077
92.1604,1.80992e+10,0.000142219
92.2525,1.81536e+10,0.000142361
92.3448,1.82081e+10,0.000142504
92.4371,1.82628e+10,0.000142646
92.5295,1.83176e+10,0.000142789
92.6221,1.83726e+10,0.000142932
92.7147,1.84278e+10,0.000143075
92.8074,1.84831e+10,0.000143218
92.9002,1.85386e+10,0.000143361
92.9931,1.85943e+10,0.000143504
93.0861,1.86502e+10,0.000143648
93.1792,1.87062e+10,0.000143791
93.2724,1.87623e+10,0.000143935
93.3657,1.88187e+10,0.000144079
93.459,1.88752e+10,0.000144223
93.5525,1.89319e+10,0.000144367
93.646,1.89887e+10,0.000144512
93.7397,1.90457e+10,0.000144656
93.8334,1.91029e+10,0.000144801
93.9272,1.91603e+10,0.000144946
94.0212,1.92178e+10,0.000145091
94.1152,1.92756e+10,0.000145236
94.2093,1.93334e+10,0.000145381
94.3035,1.93915e+10,0.000145526
94.3978,1.94497e+10,0.000145672
94.4922,1.95081e+10,0.000145818
94.5867,1.95667e+10,0.000145963
94.6813,1.96255e+10,0.000146109
94.776,1.96844e+10,0.000146255
94.8708,1.97435e+10,0.000146402
94.9656,1.98028e+10,0.000146548
95.0606,1.98623e+10,0.000146695
95.1557,1.99219e+10,0.000146841
95.2508,1.99818e+10,0.000146988
95.3461,2.00418e+10,0.000147135
95.4414,2.0102e+10,0.000147282
95.5369,2.01623e+10,0.00014743
95.6324,2.02229e+10,0.000147577
95.728,2.02836e+10,0.000147725
95.8237,2.03445e+10,0.000147872
95.9196,2.04056e+10,0.00014802
96.0155,2.04669e+10,0.000148168
96.1115,2.05283e+10,0.000148316
96.2076,2.059e+10,0.000148465
96.3038,2.06518e+10,0.000148613
96.4001,2.07138e+10,0.000148762
96.4965,2.0776e+10,0.000148911
96.593,2.08384e+10,0.00014906
96.6896,2.0901e+10,0.000149209
96.7863,2.09638e+10,0.000149358
96.8831,2.10267e+10,0.000149507
96.98,2.10899e+10,0.000149657
97.077,2.11532e+10,0.000149806
97.174,2.12167e+10,0.000149956
97.2712,2.12804e+10,0.000150106
97.3685,2.13443e+10,0.000150256
97.4658,2.14084e+10,0.000150406
97.5633,2.14727e+10,0.000150557
97.6609,2.15372e+10,0.000150707
97.7585,2.16019e+10,0.000150858
97.8563,2.16668e+10,0.000151009
97.9542,2.17318e+10,0.00015116
98.0521,2.17971e+10,0.000151311
98.1502,2.18625e+10,0.000151462
98.2483,2.19282e+10,0.000151614
98.3466,2.1994e+10,0.000151765
98.4449,2.20601e+10,0.000151917
98.5433,2.21263e+10,0.000152069
98.6419,2.21928e+10,0.000152221
98.7405,2.22594e+10,0.000152373
98.8393,2.23263e+10,0.000152526
98.9381,2.23933e+10,0.000152678
99.0371,2.24606e+10,0.000152831
99.1361,2.2528e+10,0.000152984
99.2352,2.25957e+10,0.000153137
99.3345,2.26635e+10,0.00015329
99.4338,2.27316e+10,0.000153443
99.5332,2.27998e+10,0.000153597
99.6328,2.28683e+10,0.00015375
99.7324,2.2937e+10,0.000153904
99.8321,2.30059e+10,0.000154058
99.932,2.3075e+10,0.000154212
100.032,2.31443e+10,0.000154366
100.132,2.32138e+10,0.000154521
100.232,2.32835e+10,0.000154675
100.332,2.33534e+10,0.00015483
100.433,2.34235e+10,0.000154985
100.533,2.34939e+10,0.00015514
100.634,2.35644e+10,0.000155295
100.734,2.36352e+10,0.00015545
100.835,2.37061e+10,0.000155606
100.936,2.37773e+10,0.000155761
101.037,2.38487e+10,0.000155917
101.138,2.39204e+10,0.000156073
101.239,2.39922e+10,0.000156229
101.34,2.40642e+10,0.000156385
101.441,2.41365e+10,0.000156541
101.543,2.4209e+10,0.000156698
101.644,2.42817e+10,0.000156855
101.746,2.43546e+10,0.000157012
101.848,2.44277e+10,0.000157169
101.95,2.45011e+10,0.000157326
102.052,2.45747e+10,0.000157483
102.154,2.46485e+10,0.000157641
102.256,2.47225e+10,0.000157798
102.358,2.47967e+10,0.000157956
102.46,2.48712e+10,0.000158114
102.563,2.49459e+10,0.000158272
102.665,2.50208e+10,0.00015843
102.768,2.50959e+10,0.000158589
102.871,2.51713e+10,0.000158747
102.974,2.52469e+10,0.000158906
103.077,2.53227e+10,0.000159065
103.18,2.53988e+10,0.000159224
103.283,2.5475e+10,0.000159383
103.386,2.55515e+10,0.000159543
103.49,2.56283e+10,0.000159702
103.593,2.57052e+10,0.000159862
103.697,2.57824e+10,0.000160022
103.8,2.58598e+10,0.000160182
103.904,2.59375e+10,0.000160342
104.008,2.60154e+10,0.000160502
104.112,2.60935e+10,0.000160663
104.216,2.61719e+10,0.000160824
104.321,2.62505e+10,0.000160984
104.425,2.63293e+10,0.000161145
104.529,2.64084e+10,0.000161306
104.634,2.64877e+10,0.000161468
104.738,2.65672e+10,0.000161629
104.843,2.6647e+10,0.000161791
104.948,2.6727e+10,0.000161953
105.053,2.68073e+10,0.000162115
105.158,2.68878e+10,0.000162277
105.263,2.69685e+10,0.000162439
105.368,2.70495e+10,0.000162601
105.474,2.71307e+10,0.000162764
105.579,2.72122e+10,0.000162927
105.685,2.72939e+10,0.00016309
105.791,2.73759e+10,0.000163253
105.896,2.74581e+10,0.000163416
106.002,2.75406e+10,0.000163579
106.108,2.76233e+10,0.000163743
106.214,2.77062e+10,0.000163907
106.321,2.77894e+10,0.000164071
106.427,2.78729e+10,0.000164235
106.533,2.79566e+10,0.000164399
106.64,2.80405e+10,0.000164563
106.746,2.81247e+10,0.000164728
106.853,2.82092e+10,0.000164893
106.96,2.82939e+10,0.000165058
107.067,2.83789e+10,0.000165223
107.174,2.84641e+10,0.000165388
107.281,2.85496e+10,0.000165553
107.389,2.86353e+10,0.000165719
107.496,2.87213e+10,0.000165885
107.603,2.88075e+10,0.00016605
107.711,2.8894e+10,0.000166216
107.819,2.89808e+10,0.000166383
107.927,2.90678e+10,0.000166549
108.034,2.91551e+10,0.000166716
108.143,2.92427e+10,0.000166882
108.251,2.93305e+10,0.000167049
108.359,2.94186e+10,0.000167216
108.467,2.95069e+10,0.000167384
108.576,2.95955e+10,0.000167551
108.684,2.96844e+10,0.000167718
108.793,2.97736e+10,0.000167886
108.902,2.9863e+10,0.000168054
109.011,2.99526e+10,0.000168222
109.12,3.00426e+10,0.00016839
109.229,3.01328e+10,0.000168559
109.338,3.02233e+10,0.000168727
109.447,3.03141e+10,0.000168896
109.557,3.04051e+10,0.000169065
109.666,3.04964e+10,0.000169234
109.776,3.0588e+10,0.000169403
109.886,3.06798e+10,0.000169573
109.996,3.0772e+10,0.000169742
110.106,3.08644e+10,0.000169912
110.216,3.09571e+10,0.000170082
110.326,3.105e+10,0.000170252
110.436,3.11433e+10,0.000170422
110.547,3.12368e+10,0.000170593
110.657,3.13306e+10,0.000170763
110.768,3.14247e+10,0.000170934
110.879,3.1519e+10,0.000171105
110.99,3.16137e+10,0.000171276
111.101,3.17086e+10,0.000171447
111.212,3.18039e+10,0.000171619
111.323,3.18994e+10,0.00017179
111.434,3.19952e+10,0.000171962
111.546,3.20912e+10,0.000172134
111.657,3.21876e+10,0.000172306
111.769,3.22843e+10,0.000172479
111.881,3.23812e+10,0.000172651
111.993,3.24785e+10,0.000172824
112.105,3.2576e+10,0.000172996
112.217,3.26738e+10,0.000173169
112.329,3.27719e+10,0.000173343
112.441,3.28704e+10,0.000173516
112.554,3.29691e+10,0.000173689
112.666,3.30681e+10,0.000173863
112.779,3.31674e+10,0.000174037
112.892,3.3267e+10,0.000174211
113.005,3.33669e+10,0.000174385
113.118,3.34671e+10,0.00017456
113.231,3.35676e+10,0.000174734
113.344,3.36684e+10,0.000174909
113.457,3.37695e+10,0.000175084
113.571,3.38709e+10,0.000175259
113.684,3.39726e+10,0.000175434
113.798,3.40746e+10,0.00017561
113.912,3.4177e+10,0.000175785
114.026,3.42796e+10,0.000175961
114.14,3.43825e+10,0.000176137
114.254,3.44858e+10,0.000176313
114.368,3.45893e+10,0.000176489
114.482,3.46932e+10,0.000176666
114.597,3.47974e+10,0.000176843
114.712,3.49019e+10,0.000177019
114.826,3.50067e+10,0.000177196
114.941,3.51118e+10,0.000177374
115.056,3.52173e+10,0.000177551
115.171,3.5323e+10,0.000177729
115.286,3.54291e+10,0.000177906
115.402,3.55355e+10,0.000178084
115.517,3.56422e+10,0.000178262
115.632,3.57492e+10,0.000178441
115.748,3.58566e+10,0.000178619
115.864,3.59643e+10,0.000178798
115.98,3.60723e+10,0.000178976
116.096,3.61806e+10,0.000179155
116.212,3.62893e+10,0.000179335
116.328,3.63982e+10,0.000179514
116.444,3.65075e+10,0.000179693
116.561,3.66172e+10,0.000179873
116.677,3.67271e+10,0.000180053
116.794,3.68374e+10,0.000180233
116.911,3.6948e+10,0.000180413
117.028,3.7059e+10,0.000180594
117.145,3.71703e+10,0.000180774
117.262,3.72819e+10,0.000180955
117.379,3.73939e+10,0.000181136
117.497,3.75062e+10,0.000181317
117.614,3.76188e+10,0.000181498
117.732,3.77318e+10,0.00018168
117.849,3.78451e+10,0.000181862
117.967,3.79587e+10,0.000182043
118.085,3.80727e+10,0.000182226
118.203,3.8187e+10,0.000182408
118.321,3.83017e+10,0.00018259
118.44,3.84167e+10,0.000182773
118.558,3.85321e+10,0.000182956
118.677,3.86478e+10,0.000183138
118.795,3.87639e+10,0.000183322
118.914,3.88803e+10,0.000183505
119.033,3.8997e+10,0.000183688
119.152,3.91141e+10,0.000183872
119.271,3.92316e+10,0.000184056
119.391,3.93494e+10,0.00018424
119.51,3.94676e+10,0.000184424
119.63,3.95861e+10,0.000184609
119.749,3.9705e+10,0.000184793
119.869,3.98242e+10,0.000184978
119.989,3.99438e+10,0.000185163
120.109,4.00638e+10,0.000185348
120.229,4.01841e+10,0.000185534
120.349,4.03047e+10,0.000185719
120.469,4.04258e+10,0.000185905
120.59,4.05472e+10,0.000186091
120.711,4.06689e+10,0.000186277
120.831,4.07911e+10,0.000186463
120.952,4.09136e+10,0.00018665
121.073,4.10364e+10,0.000186836
121.194,4.11597e+10,0.000187023
121.315,4.12833e+10,0.00018721
121.437,4.14072e+10,0.000187397
121.558,4.15316e+10,0.000187585
121.68,4.16563e+10,0.000187772
121.801,4.17814e+10,0.00018796
121.923,4.19069e+10,0.000188148
122.045,4.20327e+10,0.000188336
122.167,4.21589e+10,0.000188525
122.289,4.22855e+10,0.000188713
122.411,4.24125e+10,0.000188902
122.534,4.25399e+10,0.000189091
122.656,4.26676e+10,0.00018928
122.779,4.27958e+10,0.000189469
122.902,4.29243e+10,0.000189659
123.025,4.30532e+10,0.000189848
123.148,4.31825e+10,0.000190038
123.271,4.33121e+10,0.000190228
123.394,4.34422e+10,0.000190418
123.518,4.35727e+10,0.000190609
123.641,4.37035e+10,0.000190799
123.765,4.38348e+10,0.00019099
123.889,4.39664e+10,0.000191181
124.012,4.40984e+10,0.000191372
124.136,4.42309e+10,0.000191564
124.261,4.43637e+10,0.000191755
124.385,4.44969e+10,0.000191947
124.509,4.46305e+10,0.000192139
124.634,4.47646e+10,0.000192331
124.758,4.4899e+10,0.000192523
124.883,4.50338e+10,0.000192716
125.008,4.51691e+10,0.000192909
125.133,4.53047e+10,0.000193102
125.258,4.54407e+10,0.000193295
125.383,4.55772e+10,0.000193488
125.509,4.57141e+10,0.000193681
125.634,4.58514e+10,0.000193875
125.76,4.5989e+10,0.000194069
125.886,4.61271e+10,0.000194263
126.012,4.62657e+10,0.000194457
126.138,4.64046e+10,0.000194652
126.264,4.6544e+10,0.000194846
126.39,4.66837e+10,0.000195041
126.516,4.68239e+10,0.000195236
126.643,4.69645e+10,0.000195432
126.77,4.71056e+10,0.000195627
126.896,4.7247e+10,0.000195823
127.023,4.73889e+10,0.000196018
127.15,4.75312e+10,0.000196214
127.277,4.7674e+10,0.000196411
127.405,4.78171e+10,0.000196607
127.532,4.79607e+10,0.000196804
127.66,4.81047e+10,0.000197
127.787,4.82492e+10,0.000197197
127.915,4.83941e+10,0.000197395
128.043,4.85394e+10,0.000197592
128.171,4.86852e+10,0.00019779
128.299,4.88314e+10,0.000197987
128.427,4.8978e+10,0.000198185
128.556,4.91251e+10,0.000198384
128.684,4.92726e+10,0.000198582
128.813,4.94206e+10,0.000198781
128.942,4.9569e+10,0.000198979
129.071,4.97179e+10,0.000199178
129.2,4.98672e+10,0.000199378
129.329,5.00169e+10,0.000199577
129.458,5.01671e+10,0.000199776
129.588,5.03178e+10,0.000199976
129.718,5.04689e+10,0.000200176
129.847,5.06204e+10,0.000200376
129.977,5.07724e+10,0.000200577
130.107,5.09249e+10,0.000200777
130.237,5.10778e+10,0.000200978
130.367,5.12312e+10,0.000201179
130.498,5.13851e+10,0.00020138
130.628,5.15394e+10,0.000201582
130.759,5.16942e+10,0.000201783
130.89,5.18494e+10,0.000201985
131.021,5.20051e+10,0.000202187
131.152,5.21613e+10,0.000202389
131.283,5.23179e+10,0.000202592
131.414,5.2475e+10,0.000202794
131.545,5.26326e+10,0.000202997
131.677,5.27907e+10,0.0002032
131.809,5.29492e+10,0.000203403
131.94,5.31082e+10,0.000203607
132.072,5.32677e+10,0.00020381
132.204,5.34276e+10,0.000204014
132.337,5.35881e+10,0.000204218
132.469,5.3749e+10,0.000204422
132.601,5.39104e+10,0.000204627
132.734,5.40723e+10,0.000204831
132.867,5.42347e+10,0.000205036
133,5.43976e+10,0.000205241
133.133,5.45609e+10,0.000205446
133.266,5.47248e+10,0.000205652
133.399,5.48891e+10,0.000205857
133.532,5.50539e+10,0.000206063
133.666,5.52193e+10,0.000206269
133.8,5.53851e+10,0.000206476
133.933,5.55514e+10,0.000206682
134.067,5.57182e+10,0.000206889
134.201,5.58855e+10,0.000207096
134.336,5.60534e+10,0.000207303
134.47,5.62217e+10,0.00020751
134.604,5.63905e+10,0.000207718
134.739,5.65599e+10,0.000207925
134.874,5.67297e+10,0.000208133
135.009,5.69001e+10,0.000208341
135.144,5.7071e+10,0.00020855
135.279,5.72423e+10,0.000208758
135.414,5.74142e+10,0.000208967
135.55,5.75866e+10,0.000209176
135.685,5.77596e+10,0.000209385
135.821,5.7933e+10,0.000209595
135.957,5.8107e+10,0.000209804
136.093,5.82815e+10,0.000210014
136.229,5.84565e+10,0.000210224
136.365,5.86321e+10,0.000210434
136.501,5.88081e+10,0.000210645
136.638,5.89847e+10,0.000210855
136.774,5.91619e+10,0.000211066
136.911,5.93395e+10,0.000211277
137.048,5.95177e+10,0.000211489
137.185,5.96965e+10,0.0002117
137.322,5.98757e+10,0.000211912
137.46,6.00555e+10,0.000212124
137.597,6.02359e+10,0.000212336
137.735,6.04168e+10,0.000212548
137.872,6.05982e+10,0.000212761
138.01,6.07802e+10,0.000212973
138.148,6.09627e+10,0.000213186
138.286,6.11458e+10,0.0002134
138.425,6.13294e+10,0.000213613
138.563,6.15136e+10,0.000213827
138.702,6.16983e+10,0.00021404
138.84,6.18836e+10,0.000214254
138.979,6.20694e+10,0.000214469
139.118,6.22558e+10,0.000214683
139.257,6.24428e+10,0.000214898
139.397,6.26303e+10,0.000215113
139.536,6.28184e+10,0.000215328
139.676,6.3007e+10,0.000215543
139.815,6.31962e+10,0.000215759
139.955,6.3386e+10,0.000215974
140.095,6.35763e+10,0.00021619
140.235,6.37673e+10,0.000216407
140.375,6.39587e+10,0.000216623
140.516,6.41508e+10,0.00021684
140.656,6.43435e+10,0.000217056
140.797,6.45367e+10,0.000217274
140.938,6.47305e+10,0.000217491
141.079,6.49249e+10,0.000217708
141.22,6.51198e+10,0.000217926
141.361,6.53154e+10,0.000218144
141.502,6.55115e+10,0.000218362
141.644,6.57083e+10,0.00021858
141.785,6.59056e+10,0.000218799
141.927,6.61035e+10,0.000219018
142.069,6.6302e+10,0.000219237
142.211,6.65011e+10,0.000219456
142.353,6.67008e+10,0.000219676
142.496,6.69011e+10,0.000219895
142.638,6.7102e+10,0.000220115
142.781,6.73035e+10,0.000220335
142.924,6.75056e+10,0.000220556
143.067,6.77084e+10,0.000220776
143.21,6.79117e+10,0.000220997
143.353,6.81156e+10,0.000221218
143.496,6.83202e+10,0.000221439
143.64,6.85254e+10,0.000221661
143.783,6.87311e+10,0.000221882
143.927,6.89375e+10,0.000222104
144.071,6.91446e+10,0.000222326
144.215,6.93522e+10,0.000222549
144.359,6.95605e+10,0.000222771
144.504,6.97694e+10,0.000222994
144.648,6.99789e+10,0.000223217
144.793,7.0189e+10,0.00022344
144.938,7.03998e+10,0.000223664
145.083,7.06112e+10,0.000223887
145.228,7.08232e+10,0.000224111
145.373,7.10359e+10,0.000224335
145.518,7.12493e+10,0.000224559
145.664,7.14632e+10,0.000224784
145.809,7.16778e+10,0.000225009
145.955,7.18931e+10,0.000225234
146.101,7.2109e+10,0.000225459
146.247,7.23255e+10,0.000225685
146.394,7.25427e+10,0.00022591
146.54,7.27605e+10,0.000226136
146.687,7.2979e+10,0.000226362
146.833,7.31982e+10,0.000226589
146.98,7.3418e+10,0.000226815
147.127,7.36385e+10,0.000227042
147.274,7.38596e+10,0.000227269
147.421,7.40814e+10,0.000227496
147.569,7.43039e+10,0.000227724
147.716,7.4527e+10,0.000227952
147.864,7.47508e+10,0.00022818
148.012,7.49753e+10,0.000228408
148.16,7.52005e+10,0.000228636
148.308,7.54263e+10,0.000228865
148.456,7.56528e+10,0.000229094
148.605,7.588e+10,0.000229323
148.754,7.61078e+10,0.000229552
148.902,7.63364e+10,0.000229782
149.051,7.65656e+10,0.000230011
149.2,7.67956e+10,0.000230241
149.349,7.70262e+10,0.000230472
149.499,7.72575e+10,0.000230702
149.648,7.74895e+10,0.000230933
149.798,7.77222e+10,0.000231164
149.948,7.79556e+10,0.000231395
150.098,7.81897e+10,0.000231626
150.248,7.84245e+10,0.000231858
150.398,7.866e+10,0.00023209
150.548,7.88962e+10,0.000232322
150.699,7.91331e+10,0.000232554
150.85,7.93708e+10,0.000232787
151.001,7.96091e+10,0.00023302
151.152,7.98482e+10,0.000233253
151.303,8.0088e+10,0.000233486
151.454,8.03285e+10,0.000233719
151.605,8.05697e+10,0.000233953
151.757,8.08117e+10,0.000234187
151.909,8.10543e+10,0.000234421
152.061,8.12978e+10,0.000234656
152.213,8.15419e+10,0.00023489
152.365,8.17868e+10,0.000235125
152.517,8.20324e+10,0.00023536
152.67,8.22787e+10,0.000235596
152.823,8.25258e+10,0.000235831
152.975,8.27736e+10,0.000236067
153.128,8.30222e+10,0.000236303
153.281,8.32715e+10,0.000236539
153.435,8.35216e+10,0.000236776
153.588,8.37724e+10,0.000237013
153.742,8.40239e+10,0.00023725
153.895,8.42763e+10,0.000237487
154.049,8.45294e+10,0.000237724
154.203,8.47832e+10,0.000237962
154.358,8.50378e+10,0.0002382
154.512,8.52932e+10,0.000238438
154.667,8.55493e+10,0.000238677
154.821,8.58062e+10,0.000238915
154.976,8.60639e+10,0.000239154
155.131,8.63223e+10,0.000239394
155.286,8.65816e+10,0.000239633
155.441,8.68416e+10,0.000239873
155.597,8.71024e+10,0.000240112
155.752,8.73639e+10,0.000240353
155.908,8.76263e+10,0.000240593
156.064,8.78894e+10,0.000240833
156.22,8.81533e+10,0.000241074
156.376,8.84181e+10,0.000241315
156.533,8.86836e+10,0.000241557
156.689,8.89499e+10,0.000241798
156.846,8.9217e+10,0.00024204
157.003,8.94849e+10,0.000242282
157.16,8.97537e+10,0.000242524
157.317,9.00232e+10,0.000242767
157.474,9.02935e+10,0.00024301
157.632,9.05647e+10,0.000243253
157.789,9.08367e+10,0.000243496
157.947,9.11094e+10,0.000243739
158.105,9.1383e+10,0.000243983
158.263,9.16575e+10,0.000244227
158.422,9.19327e+10,0.000244471
158.58,9.22088e+10,0.000244716
158.739,9.24857e+10,0.000244961
158.897,9.27634e+10,0.000245206
159.056,9.3042e+10,0.000245451
159.215,9.33214e+10,0.000245696
159.374,9.36016e+10,0.000245942
159.534,9.38827e+10,0.000246188
159.693,9.41647e+10,0.000246434
159.853,9.44474e+10,0.00024668
160.013,9.47311e+10,0.000246927
160.173,9.50155e+10,0.000247174
160.333,9.53009e+10,0.000247421
160.493,9.55871e+10,0.000247669
160.654,9.58741e+10,0.000247916
160.815,9.6162e+10,0.000248164
160.975,9.64508e+10,0.000248412
161.136,9.67404e+10,0.000248661
161.297,9.70309e+10,0.000248909
161.459,9.73223e+10,0.000249158
161.62,9.76146e+10,0.000249408
161.782,9.79077e+10,0.000249657
161.944,9.82017e+10,0.000249907
162.106,9.84966e+10,0.000250157
162.268,9.87924e+10,0.000250407
162.43,9.90891e+10,0.000250657
162.592,9.93867e+10,0.000250908
162.755,9.96851e+10,0.000251159
162.918,9.99845e+10,0.00025141
163.081,1.00285e+11,0.000251661
163.244,1.00586e+11,0.000251913
163.407,1.00888e+11,0.000252165
163.57,1.01191e+11,0.000252417
163.734,1.01495e+11,0.000252669
163.898,1.018e+11,0.000252922
164.062,1.02105e+11,0.000253175
164.226,1.02412e+11,0.000253428
164.39,1.02719e+11,0.000253682
164.554,1.03028e+11,0.000253935
164.719,1.03337e+11,0.000254189
164.884,1.03648e+11,0.000254443
165.048,1.03959e+11,0.000254698
165.213,1.04271e+11,0.000254952
165.379,1.04584e+11,0.000255207
165.544,1.04898e+11,0.000255463
165.71,1.05213e+11,0.000255718
165.875,1.05529e+11,0.000255974
166.041,1.05846e+11,0.00025623
166.207,1.06164e+11,0.000256486
166.373,1.06483e+11,0.000256743
166.54,1.06803e+11,0.000256999
166.706,1.07123e+11,0.000257256
166.873,1.07445e+11,0.000257514
167.04,1.07768e+11,0.000257771
167.207,1.08091e+11,0.000258029
167.374,1.08416e+11,0.000258287
167.542,1.08741e+11,0.000258545
167.709,1.09068e+11,0.000258804
167.877,1.09396e+11,0.000259062
168.045,1.09724e+11,0.000259322
168.213,1.10054e+11,0.000259581
168.381,1.10384e+11,0.00025984
168.549,1.10716e+11,0.0002601
168.718,1.11048e+11,0.00026036
168.887,1.11381e+11,0.000260621
169.055,1.11716e+11,0.000260881
169.224,1.12051e+11,0.000261142
169.394,1.12388e+11,0.000261403
169.563,1.12725e+11,0.000261665
169.733,1.13064e+11,0.000261926
169.902,1.13403e+11,0.000262188
170.072,1.13744e+11,0.000262451
170.242,1.14086e+11,0.000262713
170.413,1.14428e+11,0.000262976
170.583,1.14772e+11,0.000263239
170.754,1.15116e+11,0.000263502
170.924,1.15462e+11,0.000263765
171.095,1.15809e+11,0.000264029
171.266,1.16157e+11,0.000264293
171.438,1.16505e+11,0.000264558
171.609,1.16855e+11,0.000264822
171.781,1.17206e+11,0.000265087
171.952,1.17558e+11,0.000265352
172.124,1.17911e+11,0.000265617
172.297,1.18265e+11,0.000265883
172.469,1.18621e+11,0.000266149
172.641,1.18977e+11,0.000266415
172.814,1.19334e+11,0.000266681
172.987,1.19692e+11,0.000266948
173.16,1.20052e+11,0.000267215
173.333,1.20412e+11,0.000267482
173.506,1.20774e+11,0.00026775
173.68,1.21137e+11,0.000268017
173.853,1.215e+11,0.000268286
174.027,1.21865e+11,0.000268554
174.201,1.22231e+11,0.000268822
174.376,1.22598e+11,0.000269091
174.55,1.22966e+11,0.00026936
174.724,1.23336e+11,0.00026963
174.899,1.23706e+11,0.000269899
175.074,1.24078e+11,0.000270169
175.249,1.2445e+11,0.000270439
175.424,1.24824e+11,0.00027071
175.6,1.25199e+11,0.00027098
175.775,1.25575e+11,0.000271251
175.951,1.25952e+11,0.000271523
176.127,1.2633e+11,0.000271794
176.303,1.26709e+11,0.000272066
176.48,1.2709e+11,0.000272338
176.656,1.27472e+11,0.00027261
176.833,1.27854e+11,0.000272883
177.01,1.28238e+11,0.000273156
177.187,1.28623e+11,0.000273429
177.364,1.2901e+11,0.000273703
177.541,1.29397e+11,0.000273976
177.719,1.29786e+11,0.00027425
177.896,1.30175e+11,0.000274524
178.074,1.30566e+11,0.000274799
178.252,1.30958e+11,0.000275074
178.431,1.31352e+11,0.000275349
178.609,1.31746e+11,0.000275624
178.788,1.32142e+11,0.0002759
178.966,1.32539e+11,0.000276176
179.145,1.32937e+11,0.000276452
179.325,1.33336e+11,0.000276728
179.504,1.33736e+11,0.000277005
179.683,1.34138e+11,0.000277282
179.863,1.34541e+11,0.000277559
180.043,1.34945e+11,0.000277837
180.223,1.3535e+11,0.000278115
180.403,1.35756e+11,0.000278393
180.584,1.36164e+11,0.000278671
180.764,1.36573e+11,0.00027895
180.945,1.36983e+11,0.000279229
181.126,1.37394e+11,0.000279508
181.307,1.37807e+11,0.000279788
181.488,1.38221e+11,0.000280067
181.67,1.38636e+11,0.000280347
181.851,1.39052e+11,0.000280628
182.033,1.3947e+11,0.000280908
182.215,1.39889e+11,0.000281189
182.398,1.40309e+11,0.000281471
182.58,1.4073e+11,0.000281752
182.763,1.41153e+11,0.000282034
182.945,1.41577e+11,0.000282316
183.128,1.42002e+11,0.000282598
183.311,1.42428e+11,0.000282881
183.495,1.42856e+11,0.000283164
183.678,1.43285e+11,0.000283447
183.862,1.43715e+11,0.00028373
184.046,1.44147e+11,0.000284014
184.23,1.4458e+11,0.000284298
184.414,1.45014e+11,0.000284582
184.598,1.45449e+11,0.000284867
184.783,1.45886e+11,0.000285152
184.968,1.46324e+11,0.000285437
185.153,1.46764e+11,0.000285722
185.338,1.47204e+11,0.000286008
185.523,1.47646e+11,0.000286294
185.709,1.4809e+11,0.00028658
185.894,1.48534e+11,0.000286867
186.08,1.48981e+11,0.000287154
186.266,1.49428e+11,0.000287441
186.453,1.49877e+11,0.000287728
186.639,1.50327e+11,0.000288016
186.826,1.50778e+11,0.000288304
187.013,1.51231e+11,0.000288592
187.2,1.51685e+11,0.000288881
187.387,1.52141e+11,0.00028917
187.574,1.52597e+11,0.000289459
187.762,1.53056e+11,0.000289748
187.95,1.53515e+11,0.000290038
188.138,1.53976e+11,0.000290328
188.326,1.54439e+11,0.000290619
188.514,1.54903e+11,0.000290909
188.703,1.55368e+11,0.0002912
188.891,1.55834e+11,0.000291491
189.08,1.56302e+11,0.000291783
189.269,1.56772e+11,0.000292075
189.458,1.57242e+11,0.000292367
189.648,1.57715e+11,0.000292659
189.838,1.58188e+11,0.000292952
190.027,1.58663e+11,0.000293245
190.217,1.5914e+11,0.000293538
190.408,1.59618e+11,0.000293831
190.598,1.60097e+11,0.000294125
190.789,1.60578e+11,0.000294419
190.979,1.6106e+11,0.000294714
191.17,1.61544e+11,0.000295009
191.362,1.62029e+11,0.000295304
191.553,1.62515e+11,0.000295599
191.745,1.63003e+11,0.000295894
191.936,1.63493e+11,0.00029619
192.128,1.63984e+11,0.000296487
192.32,1.64476e+11,0.000296783
192.513,1.6497e+11,0.00029708
192.705,1.65466e+11,0.000297377
192.898,1.65962e+11,0.000297674
193.091,1.66461e+11,0.000297972
193.284,1.66961e+11,0.00029827
193.477,1.67462e+11,0.000298568
193.671,1.67965e+11,0.000298867
193.864,1.68469e+11,0.000299166
194.058,1.68975e+11,0.000299465
194.252,1.69483e+11,0.000299764
194.446,1.69992e+11,0.000300064
194.641,1.70502e+11,0.000300364
194.836,1.71014e+11,0.000300664
195.03,1.71528e+11,0.000300965
195.225,1.72043e+11,0.000301266
195.421,1.72559e+11,0.000301567
195.616,1.73078e+11,0.000301869
195.812,1.73597e+11,0.000302171
196.007,1.74119e+11,0.000302473
196.203,1.74642e+11,0.000302775
196.4,1.75166e+11,0.000303078
196.596,1.75692e+11,0.000303381
196.793,1.7622e+11,0.000303685
196.989,1.76749e+11,0.000303988
197.186,1.7728e+11,0.000304292
197.384,1.77812e+11,0.000304597
197.581,1.78346e+11,0.000304901
197.779,1.78882e+11,0.000305206
197.976,1.79419e+11,0.000305511
198.174,1.79958e+11,0.000305817
198.373,1.80498e+11,0.000306123
198.571,1.8104e+11,0.000306429
198.769,1.81584e+11,0.000306735
198.968,1.82129e+11,0.000307042
199.167,1.82676e+11,0.000307349
199.366,1.83224e+11,0.000307656
199.566,1.83775e+11,0.000307964
199.765,1.84327e+11,0.000308272
199.965,1.8488e+11,0.00030858
200.165,1.85435e+11,0.000308889
200.365,1.85992e+11,0.000309198
200.566,1.86551e+11,0.000309507
200.766,1.87111e+11,0.000309816
200.967,1.87673e+11,0.000310126
201.168,1.88236e+11,0.000310436
201.369,1.88802e+11,0.000310747
201.57,1.89369e+11,0.000311058
201.772,1.89937e+11,0.000311369
201.974,1.90508e+11,0.00031168
202.176,1.9108e+11,0.000311992
202.378,1.91654e+11,0.000312304
202.58,1.92229e+11,0.000312616
202.783,1.92806e+11,0.000312929
202.986,1.93385e+11,0.000313241
203.189,1.93966e+11,0.000313555
203.392,1.94549e+11,0.000313868
203.595,1.95133e+11,0.000314182
203.799,1.95719e+11,0.000314496
204.003,1.96307e+11,0.000314811
204.207,1.96896e+11,0.000315126
204.411,1.97487e+11,0.000315441
204.615,1.9808e+11,0.000315756
204.82,1.98675e+11,0.000316072
205.025,1.99272e+11,0.000316388
205.23,1.9987e+11,0.000316704
205.435,2.00471e+11,0.000317021
205.64,2.01073e+11,0.000317338
205.846,2.01676e+11,0.000317655
206.052,2.02282e+11,0.000317973
206.258,2.02889e+11,0.000318291
206.464,2.03499e+11,0.000318609
206.671,2.0411e+11,0.000318928
206.877,2.04723e+11,0.000319247
207.084,2.05338e+11,0.000319566
207.291,2.05954e+11,0.000319886
207.499,2.06573e+11,0.000320206
207.706,2.07193e+11,0.000320526
207.914,2.07815e+11,0.000320846
208.122,2.08439e+11,0.000321167
208.33,2.09065e+11,0.000321488
208.538,2.09693e+11,0.00032181
208.747,2.10323e+11,0.000322132
208.955,2.10954e+11,0.000322454
209.164,2.11588e+11,0.000322776
209.374,2.12223e+11,0.000323099
209.583,2.12861e+11,0.000323422
209.792,2.135e+11,0.000323746
210.002,2.14141e+11,0.000324069
210.212,2.14784e+11,0.000324393
210.422,2.15429e+11,0.000324718
210.633,2.16076e+11,0.000325042
210.844,2.16725e+11,0.000325368
211.054,2.17376e+11,0.000325693
211.265,2.18028e+11,0.000326019
211.477,2.18683e+11,0.000326345
211.688,2.1934e+11,0.000326671
211.9,2.19998e+11,0.000326998
212.112,2.20659e+11,0.000327325
212.324,2.21322e+11,0.000327652
212.536,2.21986e+11,0.00032798
212.749,2.22653e+11,0.000328308
212.961,2.23322e+11,0.000328636
213.174,2.23992e+11,0.000328964
213.388,2.24665e+11,0.000329293
213.601,2.2534e+11,0.000329623
213.815,2.26016e+11,0.000329952
214.028,2.26695e+11,0.000330282
214.242,2.27376e+11,0.000330613
214.457,2.28059e+11,0.000330943
214.671,2.28743e+11,0.000331274
214.886,2.2943e+11,0.000331605
215.101,2.30119e+11,0.000331937
215.316,2.3081e+11,0.000332269
215.531,2.31504e+11,0.000332601
215.747,2.32199e+11,0.000332934
215.962,2.32896e+11,0.000333267
216.178,2.33595e+11,0.0003336
216.395,2.34297e+11,0.000333934
216.611,2.35001e+11,0.000334268
216.828,2.35706e+11,0.000334602
217.044,2.36414e+11,0.000334936
217.261,2.37124e+11,0.000335271
217.479,2.37836e+11,0.000335607
217.696,2.3855e+11,0.000335942
217.914,2.39267e+11,0.000336278
218.132,2.39985e+11,0.000336614
218.35,2.40706e+11,0.000336951
218.568,2.41429e+11,0.000337288
218.787,2.42154e+11,0.000337625
219.006,2.42881e+11,0.000337963
219.225,2.4361e+11,0.000338301
219.444,2.44342e+11,0.000338639
219.663,2.45076e+11,0.000338978
219.883,2.45812e+11,0.000339317
220.103,2.4655e+11,0.000339656
220.323,2.4729e+11,0.000339996
220.543,2.48033e+11,0.000340336
220.764,2.48778e+11,0.000340676
220.985,2.49525e+11,0.000341017
221.206,2.50274e+11,0.000341358
221.427,2.51026e+11,0.000341699
221.648,2.51779e+11,0.000342041
221.87,2.52535e+11,0.000342383
222.092,2.53294e+11,0.000342725
222.314,2.54054e+11,0.000343068
222.536,2.54817e+11,0.000343411
222.759,2.55583e+11,0.000343755
222.981,2.5635e+11,0.000344098
223.204,2.5712e+11,0.000344442
223.428,2.57892e+11,0.000344787
223.651,2.58667e+11,0.000345132
223.875,2.59443e+11,0.000345477
224.099,2.60222e+11,0.000345822
224.323,2.61004e+11,0.000346168
224.547,2.61788e+11,0.000346514
224.771,2.62574e+11,0.000346861
224.996,2.63362e+11,0.000347208
225.221,2.64153e+11,0.000347555
225.446,2.64946e+11,0.000347902
225.672,2.65742e+11,0.00034825
225.898,2.6654e+11,0.000348599
226.124,2.67341e+11,0.000348947
226.35,2.68143e+11,0.000349296
226.576,2.68949e+11,0.000349645
226.803,2.69756e+11,0.000349995
227.029,2.70566e+11,0.000350345
227.256,2.71379e+11,0.000350695
227.484,2.72194e+11,0.000351046
227.711,2.73011e+11,0.000351397
227.939,2.73831e+11,0.000351748
228.167,2.74653e+11,0.0003521
228.395,2.75478e+11,0.000352452
228.623,2.76305e+11,0.000352805
228.852,2.77135e+11,0.000353158
229.081,2.77967e+11,0.000353511
229.31,2.78802e+11,0.000353864
229.539,2.79639e+11,0.000354218
229.769,2.80479e+11,0.000354572
229.999,2.81321e+11,0.000354927
230.229,2.82166e+11,0.000355282
230.459,2.83014e+11,0.000355637
230.689,2.83863e+11,0.000355993
230.92,2.84716e+11,0.000356349
231.151,2.85571e+11,0.000356705
231.382,2.86428e+11,0.000357062
231.613,2.87289e+11,0.000357419
231.845,2.88151e+11,0.000357776
232.077,2.89017e+11,0.000358134
232.309,2.89885e+11,0.000358492
232.541,2.90755e+11,0.000358851
232.774,2.91628e+11,0.00035921
233.006,2.92504e+11,0.000359569
233.24,2.93382e+11,0.000359928
233.473,2.94263e+11,0.000360288
233.706,2.95147e+11,0.000360649
233.94,2.96033e+11,0.000361009
234.174,2.96922e+11,0.00036137
234.408,2.97814e+11,0.000361732
234.642,2.98708e+11,0.000362093
234.877,2.99605e+11,0.000362455
235.112,3.00505e+11,0.000362818
235.347,3.01408e+11,0.000363181
235.582,3.02313e+11,0.000363544
235.818,3.03221e+11,0.000363907
236.054,3.04131e+11,0.000364271
236.29,3.05044e+11,0.000364636
236.526,3.0596e+11,0.000365
236.763,3.06879e+11,0.000365365
236.999,3.07801e+11,0.000365731
237.236,3.08725e+11,0.000366096
237.474,3.09652e+11,0.000366462
237.711,3.10582e+11,0.000366829
237.949,3.11515e+11,0.000367196
238.187,3.1245e+11,0.000367563
238.425,3.13389e+11,0.00036793
238.663,3.1433e+11,0.000368298
238.902,3.15274e+11,0.000368667
239.141,3.1622e+11,0.000369035
239.38,3.1717e+11,0.000369404
239.62,3.18122e+11,0.000369774
239.859,3.19078e+11,0.000370144
240.099,3.20036e+11,0.000370514
240.339,3.20997e+11,0.000370884
240.579,3.21961e+11,0.000371255
240.82,3.22928e+11,0.000371626
241.061,3.23898e+11,0.000371998
241.302,3.2487e+11,0.00037237
241.543,3.25846e+11,0.000372742
241.785,3.26824e+11,0.000373115
242.027,3.27806e+11,0.000373488
242.269,3.2879e+11,0.000373862
242.511,3.29778e+11,0.000374236
242.753,3.30768e+11,0.00037461
242.996,3.31761e+11,0.000374984
243.239,3.32757e+11,0.000375359
243.482,3.33757e+11,0.000375735
243.726,3.34759e+11,0.00037611
243.97,3.35764e+11,0.000376487
244.214,3.36773e+11,0.000376863
244.458,3.37784e+11,0.00037724
244.702,3.38798e+11,0.000377617
244.947,3.39816e+11,0.000377995
245.192,3.40836e+11,0.000378373
245.437,3.4186e+11,0.000378751
245.682,3.42886e+11,0.00037913
245.928,3.43916e+11,0.000379509
246.174,3.44949e+11,0.000379889
246.42,3.45985e+11,0.000380268
246.667,3.47024e+11,0.000380649
246.913,3.48066e+11,0.000381029
247.16,3.49111e+11,0.00038141
247.407,3.50159e+11,0.000381792
247.655,3.51211e+11,0.000382174
247.902,3.52266e+11,0.000382556
248.15,3.53323e+11,0.000382938
248.399,3.54384e+11,0.000383321
248.647,3.55449e+11,0.000383705
248.896,3.56516e+11,0.000384088
249.144,3.57587e+11,0.000384472
249.394,3.58661e+11,0.000384857
249.643,3.59738e+11,0.000385242
249.893,3.60818e+11,0.000385627
250.143,3.61901e+11,0.000386013
250.393,3.62988e+11,0.000386399
250.643,3.64078e+11,0.000386785
250.894,3.65172e+11,0.000387172
251.145,3.66268e+11,0.000387559
251.396,3.67368e+11,0.000387946
251.647,3.68471e+11,0.000388334
251.899,3.69578e+11,0.000388723
252.151,3.70688e+11,0.000389111
252.403,3.71801e+11,0.000389501
252.655,3.72917e+11,0.00038989
252.908,3.74037e+11,0.00039028
253.161,3.7516e+11,0.00039067
253.414,3.76287e+11,0.000391061
253.667,3.77417e+11,0.000391452
253.921,3.7855e+11,0.000391843
254.175,3.79687e+11,0.000392235
254.429,3.80827e+11,0.000392628
254.684,3.81971e+11,0.00039302
254.938,3.83118e+11,0.000393413
255.193,3.84269e+11,0.000393807
255.448,3.85423e+11,0.0003942
255.704,3.8658e+11,0.000394595
255.96,3.87741e+11,0.000394989
256.215,3.88905e+11,0.000395384
256.472,3.90073e+11,0.00039578
256.728,3.91245e+11,0.000396175
256.985,3.92419e+11,0.000396572
257.242,3.93598e+11,0.000396968
257.499,3.9478e+11,0.000397365
257.757,3.95965e+11,0.000397762
258.014,3.97155e+11,0.00039816
258.272,3.98347e+11,0.000398558
258.531,3.99543e+11,0.000398957
258.789,4.00743e+11,0.000399356
259.048,4.01947e+11,0.000399755
259.307,4.03154e+11,0.000400155
259.566,4.04364e+11,0.000400555
259.826,4.05579e+11,0.000400956
260.086,4.06797e+11,0.000401357
260.346,4.08018e+11,0.000401758
260.606,4.09244e+11,0.00040216
260.867,4.10472e+11,0.000402562
261.128,4.11705e+11,0.000402964
261.389,4.12941e+11,0.000403367
261.65,4.14182e+11,0.000403771
261.912,4.15425e+11,0.000404175
262.174,4.16673e+11,0.000404579
262.436,4.17924e+11,0.000404983
262.698,4.19179e+11,0.000405388
262.961,4.20438e+11,0.000405794
263.224,4.21701e+11,0.000406199
263.487,4.22967e+11,0.000406606
263.751,4.24237e+11,0.000407012
264.014,4.25511e+11,0.000407419
264.278,4.26789e+11,0.000407827
264.543,4.28071e+11,0.000408235
264.807,4.29356e+11,0.000408643
265.072,4.30645e+11,0.000409051
265.337,4.31939e+11,0.00040946
265.603,4.33236e+11,0.00040987
265.868,4.34537e+11,0.00041028
266.134,4.35842e+11,0.00041069
266.4,4.3715e+11,0.000411101
266.667,4.38463e+11,0.000411512
266.933,4.3978e+11,0.000411923
267.2,4.41101e+11,0.000412335
267.467,4.42425e+11,0.000412748
267.735,4.43754e+11,0.00041316
268.003,4.45086e+11,0.000413574
268.271,4.46423e+11,0.000413987
268.539,4.47764e+11,0.000414401
268.807,4.49108e+11,0.000414816
269.076,4.50457e+11,0.00041523
269.345,4.5181e+11,0.000415646
269.615,4.53166e+11,0.000416061
269.884,4.54527e+11,0.000416477
270.154,4.55892e+11,0.000416894
270.424,4.57261e+11,0.000417311
270.695,4.58634e+11,0.000417728
270.965,4.60012e+11,0.000418146
271.236,4.61393e+11,0.000418564
271.508,4.62779e+11,0.000418982
271.779,4.64168e+11,0.000419401
272.051,4.65562e+11,0.000419821
272.323,4.6696e+11,0.000420241
272.595,4.68363e+11,0.000420661
272.868,4.69769e+11,0.000421082
273.141,4.7118e+11,0.000421503
273.414,4.72595e+11,0.000421924
273.687,4.74014e+11,0.000422346
273.961,4.75438e+11,0.000422768
274.235,4.76865e+11,0.000423191
274.509,4.78297e+11,0.000423614
274.784,4.79734e+11,0.000424038
275.058,4.81174e+11,0.000424462
275.333,4.82619e+11,0.000424886
275.609,4.84069e+11,0.000425311
275.884,4.85522e+11,0.000425737
276.16,4.8698e+11,0.000426162
276.436,4.88443e+11,0.000426589
276.713,4.89909e+11,0.000427015
276.99,4.91381e+11,0.000427442
277.267,4.92856e+11,0.00042787
277.544,4.94336e+11,0.000428297
277.821,4.95821e+11,0.000428726
278.099,4.9731e+11,0.000429154
278.377,4.98803e+11,0.000429584
278.656,5.00301e+11,0.000430013
278.934,5.01803e+11,0.000430443
279.213,5.0331e+11,0.000430874
279.492,5.04822e+11,0.000431305
279.772,5.06338e+11,0.000431736
280.052,5.07858e+11,0.000432168
280.332,5.09383e+11,0.0004326
280.612,5.10913e+11,0.000433032
280.893,5.12447e+11,0.000433465
281.174,5.13986e+11,0.000433899
281.455,5.1553e+11,0.000434333
281.736,5.17078e+11,0.000434767
282.018,5.18631e+11,0.000435202
282.3,5.20188e+11,0.000435637
282.582,5.2175e+11,0.000436073
282.865,5.23317e+11,0.000436509
283.148,5.24889e+11,0.000436945
283.431,5.26465e+11,0.000437382
283.714,5.28046e+11,0.00043782
283.998,5.29631e+11,0.000438257
284.282,5.31222e+11,0.000438696
284.566,5.32817e+11,0.000439134
284.851,5.34417e+11,0.000439573
285.136,5.36022e+11,0.000440013
285.421,5.37632e+11,0.000440453
285.706,5.39246e+11,0.000440894
285.992,5.40866e+11,0.000441334
286.278,5.4249e+11,0.000441776
286.564,5.44119e+11,0.000442218
286.851,5.45753e+11,0.00044266
287.138,5.47392e+11,0.000443102
287.425,5.49036e+11,0.000443546
287.712,5.50684e+11,0.000443989
288,5.52338e+11,0.000444433
288.288,5.53997e+11,0.000444877
288.576,5.5566e+11,0.000445322
288.865,5.57329e+11,0.000445768
289.154,5.59003e+11,0.000446213
289.443,5.60681e+11,0.00044666
289.732,5.62365e+11,0.000447106
290.022,5.64054e+11,0.000447553
290.312,5.65748e+11,0.000448001
290.602,5.67447e+11,0.000448449
290.893,5.69151e+11,0.000448897
291.184,5.7086e+11,0.000449346
291.475,5.72574e+11,0.000449796
291.767,5.74294e+11,0.000450245
292.058,5.76018e+11,0.000450696
292.35,5.77748e+11,0.000451146
292.643,5.79483e+11,0.000451598
292.935,5.81223e+11,0.000452049
293.228,5.82969e+11,0.000452501
293.522,5.84719e+11,0.000452954
293.815,5.86475e+11,0.000453407
294.109,5.88236e+11,0.00045386
294.403,5.90003e+11,0.000454314
294.697,5.91775e+11,0.000454768
294.992,5.93552e+11,0.000455223
295.287,5.95334e+11,0.000455678
295.582,5.97122e+11,0.000456134
295.878,5.98915e+11,0.00045659
296.174,6.00714e+11,0.000457047
296.47,6.02518e+11,0.000457504
296.766,6.04327e+11,0.000457961
297.063,6.06142e+11,0.000458419
297.36,6.07962e+11,0.000458878
297.658,6.09788e+11,0.000459336
297.955,6.11619e+11,0.000459796
298.253,6.13456e+11,0.000460256
298.551,6.15298e+11,0.000460716
298.85,6.17146e+11,0.000461177
299.149,6.18999e+11,0.000461638
299.448,6.20858e+11,0.000462099
299.747,6.22722e+11,0.000462561
300.047,6.24592e+11,0.000463024
300.347,6.26468e+11,0.000463487
300.648,6.28349e+11,0.000463951
300.948,6.30236e+11,0.000464414
301.249,6.32129e+11,0.000464879
301.55,6.34027e+11,0.000465344
301.852,6.35931e+11,0.000465809
302.154,6.37841e+11,0.000466275
302.456,6.39756e+11,0.000466741
302.758,6.41677e+11,0.000467208
303.061,6.43604e+11,0.000467675
303.364,6.45537e+11,0.000468143
303.668,6.47476e+11,0.000468611
303.971,6.4942e+11,0.00046908
304.275,6.5137e+11,0.000469549
304.58,6.53326e+11,0.000470018
304.884,6.55288e+11,0.000470488
305.189,6.57256e+11,0.000470959
305.494,6.5923e+11,0.00047143
305.8,6.61209e+11,0.000471901
306.106,6.63195e+11,0.000472373
306.412,6.65187e+11,0.000472845
306.718,6.67184e+11,0.000473318
307.025,6.69188e+11,0.000473792
307.332,6.71197e+11,0.000474265
307.639,6.73213e+11,0.00047474
307.947,6.75235e+11,0.000475214
308.255,6.77262e+11,0.00047569
308.563,6.79296e+11,0.000476165
308.872,6.81336e+11,0.000476641
309.18,6.83382e+11,0.000477118
309.49,6.85434e+11,0.000477595
309.799,6.87493e+11,0.000478073
310.109,6.89557e+11,0.000478551
310.419,6.91628e+11,0.000479029
310.729,6.93705e+11,0.000479508
311.04,6.95788e+11,0.000479988
311.351,6.97877e+11,0.000480468
311.663,6.99973e+11,0.000480948
311.974,7.02075e+11,0.000481429
312.286,7.04184e+11,0.000481911
312.598,7.06298e+11,0.000482393
312.911,7.08419e+11,0.000482875
313.224,7.10547e+11,0.000483358
313.537,7.1268e+11,0.000483841
313.851,7.14821e+11,0.000484325
314.165,7.16967e+11,0.000484809
314.479,7.1912e+11,0.000485294
314.793,7.2128e+11,0.00048578
315.108,7.23446e+11,0.000486265
315.423,7.25618e+11,0.000486752
315.739,7.27797e+11,0.000487238
316.054,7.29983e+11,0.000487726
316.37,7.32175e+11,0.000488213
316.687,7.34374e+11,0.000488702
317.003,7.36579e+11,0.00048919
317.32,7.38791e+11,0.000489679
317.638,7.4101e+11,0.000490169
317.955,7.43235e+11,0.000490659
318.273,7.45467e+11,0.00049115
318.592,7.47705e+11,0.000491641
318.91,7.49951e+11,0.000492133
319.229,7.52203e+11,0.000492625
319.548,7.54462e+11,0.000493117
319.868,7.56727e+11,0.000493611
320.188,7.59e+11,0.000494104
320.508,7.61279e+11,0.000494598
320.828,7.63565e+11,0.000495093
321.149,7.65858e+11,0.000495588
321.47,7.68158e+11,0.000496084
321.792,7.70465e+11,0.00049658
322.114,7.72779e+11,0.000497076
322.436,7.75099e+11,0.000497573
322.758,7.77427e+11,0.000498071
323.081,7.79762e+11,0.000498569
323.404,7.82103e+11,0.000499068
323.727,7.84452e+11,0.000499567
324.051,7.86807e+11,0.000500066
324.375,7.8917e+11,0.000500566
324.7,7.9154e+11,0.000501067
325.024,7.93917e+11,0.000501568
325.349,7.96301e+11,0.000502069
325.675,7.98693e+11,0.000502572
326,8.01091e+11,0.000503074
326.326,8.03497e+11,0.000503577
326.653,8.0591e+11,0.000504081
326.979,8.0833e+11,0.000504585
327.306,8.10757e+11,0.000505089
327.634,8.13192e+11,0.000505595
327.961,8.15634e+11,0.0005061
328.289,8.18083e+11,0.000506606
328.617,8.2054e+11,0.000507113
328.946,8.23004e+11,0.00050762
329.275,8.25476e+11,0.000508128
329.604,8.27954e+11,0.000508636
329.934,8.30441e+11,0.000509144
330.264,8.32935e+11,0.000509653
330.594,8.35436e+11,0.000510163
330.925,8.37945e+11,0.000510673
331.256,8.40461e+11,0.000511184
331.587,8.42985e+11,0.000511695
331.919,8.45516e+11,0.000512207
332.25,8.48056e+11,0.000512719
332.583,8.50602e+11,0.000513232
332.915,8.53157e+11,0.000513745
333.248,8.55719e+11,0.000514259
333.581,8.58288e+11,0.000514773
333.915,8.60866e+11,0.000515288
334.249,8.63451e+11,0.000515803
334.583,8.66044e+11,0.000516319
334.918,8.68645e+11,0.000516835
335.253,8.71253e+11,0.000517352
335.588,8.7387e+11,0.000517869
335.924,8.76494e+11,0.000518387
336.259,8.79126e+11,0.000518906
336.596,8.81766e+11,0.000519425
336.932,8.84414e+11,0.000519944
337.269,8.8707e+11,0.000520464
337.606,8.89734e+11,0.000520984
337.944,8.92406e+11,0.000521505
338.282,8.95085e+11,0.000522027
338.62,8.97773e+11,0.000522549
338.959,9.00469e+11,0.000523071
339.298,9.03173e+11,0.000523594
339.637,9.05886e+11,0.000524118
339.977,9.08606e+11,0.000524642
340.317,9.11335e+11,0.000525167
340.657,9.14071e+11,0.000525692
340.998,9.16816e+11,0.000526218
341.339,9.1957e+11,0.000526744
341.68,9.22331e+11,0.000527271
342.022,9.25101e+11,0.000527798
342.364,9.27879e+11,0.000528326
342.706,9.30665e+11,0.000528854
343.049,9.3346e+11,0.000529383
343.392,9.36263e+11,0.000529912
343.735,9.39075e+11,0.000530442
344.079,9.41895e+11,0.000530973
344.423,9.44723e+11,0.000531504
344.768,9.4756e+11,0.000532035
345.112,9.50406e+11,0.000532567
345.457,9.5326e+11,0.0005331
345.803,9.56123e+11,0.000533633
346.149,9.58994e+11,0.000534166
346.495,9.61874e+11,0.000534701
346.841,9.64762e+11,0.000535235
347.188,9.67659e+11,0.000535771
347.535,9.70565e+11,0.000536306
347.883,9.7348e+11,0.000536843
348.231,9.76403e+11,0.000537379
348.579,9.79335e+11,0.000537917
348.928,9.82276e+11,0.000538455
349.277,9.85226e+11,0.000538993
349.626,9.88185e+11,0.000539532
349.975,9.91152e+11,0.000540072
350.325,9.94129e+11,0.000540612
350.676,9.97114e+11,0.000541152
351.026,1.00011e+12,0.000541694
351.377,1.00311e+12,0.000542235
351.729,1.00612e+12,0.000542778
352.081,1.00915e+12,0.00054332
352.433,1.01218e+12,0.000543864
352.785,1.01522e+12,0.000544407
353.138,1.01826e+12,0.000544952
353.491,1.02132e+12,0.000545497
353.844,1.02439e+12,0.000546042
354.198,1.02747e+12,0.000546588
354.553,1.03055e+12,0.000547135
354.907,1.03365e+12,0.000547682
355.262,1.03675e+12,0.00054823
355.617,1.03986e+12,0.000548778
355.973,1.04299e+12,0.000549327
356.329,1.04612e+12,0.000549876
356.685,1.04926e+12,0.000550426
357.042,1.05241e+12,0.000550976
357.399,1.05557e+12,0.000551527
357.756,1.05874e+12,0.000552079
358.114,1.06192e+12,0.000552631
358.472,1.06511e+12,0.000553184
358.831,1.06831e+12,0.000553737
359.189,1.07152e+12,0.000554291
359.549,1.07473e+12,0.000554845
359.908,1.07796e+12,0.0005554
360.268,1.0812e+12,0.000555955
360.628,1.08444e+12,0.000556511
360.989,1.0877e+12,0.000557068
361.35,1.09097e+12,0.000557625
361.711,1.09424e+12,0.000558182
362.073,1.09753e+12,0.00055874
362.435,1.10083e+12,0.000559299
362.798,1.10413e+12,0.000559858
363.16,1.10745e+12,0.000560418
363.524,1.11077e+12,0.000560979
363.887,1.11411e+12,0.00056154
364.251,1.11745e+12,0.000562101
364.615,1.12081e+12,0.000562663
364.98,1.12418e+12,0.000563226
365.345,1.12755e+12,0.000563789
365.71,1.13094e+12,0.000564353
366.076,1.13433e+12,0.000564917
366.442,1.13774e+12,0.000565482
366.808,1.14116e+12,0.000566048
367.175,1.14458e+12,0.000566614
367.542,1.14802e+12,0.00056718
367.91,1.15147e+12,0.000567748
368.278,1.15493e+12,0.000568315
368.646,1.15839e+12,0.000568884
369.015,1.16187e+12,0.000569453
369.384,1.16536e+12,0.000570022
369.753,1.16886e+12,0.000570592
370.123,1.17237e+12,0.000571163
370.493,1.17589e+12,0.000571734
370.863,1.17942e+12,0.000572306
371.234,1.18297e+12,0.000572878
371.606,1.18652e+12,0.000573451
371.977,1.19008e+12,0.000574024
372.349,1.19365e+12,0.000574598
372.722,1.19724e+12,0.000575173
373.094,1.20083e+12,0.000575748
373.467,1.20444e+12,0.000576324
373.841,1.20806e+12,0.0005769
374.215,1.21169e+12,0.000577477
374.589,1.21532e+12,0.000578054
374.963,1.21897e+12,0.000578632
375.338,1.22263e+12,0.000579211
375.714,1.22631e+12,0.00057979
376.089,1.22999e+12,0.00058037
376.466,1.23368e+12,0.00058095
376.842,1.23739e+12,0.000581531
377.219,1.2411e+12,0.000582113
377.596,1.24483e+12,0.000582695
377.974,1.24857e+12,0.000583278
378.352,1.25232e+12,0.000583861
378.73,1.25608e+12,0.000584445
379.109,1.25985e+12,0.000585029
379.488,1.26363e+12,0.000585614
379.867,1.26743e+12,0.0005862
380.247,1.27123e+12,0.000586786
380.627,1.27505e+12,0.000587373
381.008,1.27888e+12,0.00058796
381.389,1.28272e+12,0.000588548
381.77,1.28657e+12,0.000589137
382.152,1.29044e+12,0.000589726
382.534,1.29431e+12,0.000590316
382.917,1.2982e+12,0.000590906
383.3,1.3021e+12,0.000591497
383.683,1.30601e+12,0.000592088
384.067,1.30993e+12,0.000592681
384.451,1.31386e+12,0.000593273
384.835,1.31781e+12,0.000593866
385.22,1.32177e+12,0.00059446
385.605,1.32574e+12,0.000595055
385.991,1.32972e+12,0.00059565
386.377,1.33371e+12,0.000596246
386.763,1.33772e+12,0.000596842
387.15,1.34173e+12,0.000597439
387.537,1.34576e+12,0.000598036
387.925,1.3498e+12,0.000598634
388.313,1.35386e+12,0.000599233
388.701,1.35792e+12,0.000599832
389.09,1.362e+12,0.000600432
389.479,1.36609e+12,0.000601032
389.868,1.37019e+12,0.000601633
390.258,1.37431e+12,0.000602235
390.648,1.37843e+12,0.000602837
391.039,1.38257e+12,0.00060344
391.43,1.38673e+12,0.000604043
391.822,1.39089e+12,0.000604647
392.213,1.39507e+12,0.000605252
392.606,1.39926e+12,0.000605857
392.998,1.40346e+12,0.000606463
393.391,1.40767e+12,0.00060707
393.785,1.4119e+12,0.000607677
394.178,1.41614e+12,0.000608284
394.573,1.42039e+12,0.000608893
394.967,1.42466e+12,0.000609502
395.362,1.42894e+12,0.000610111
395.757,1.43323e+12,0.000610721
396.153,1.43753e+12,0.000611332
396.549,1.44185e+12,0.000611943
396.946,1.44618e+12,0.000612555
397.343,1.45052e+12,0.000613168
397.74,1.45488e+12,0.000613781
398.138,1.45925e+12,0.000614395
398.536,1.46363e+12,0.000615009
398.935,1.46802e+12,0.000615624
399.334,1.47243e+12,0.00061624
399.733,1.47685e+12,0.000616856
400.133,1.48129e+12,0.000617473
400.533,1.48574e+12,0.00061809
400.933,1.4902e+12,0.000618708
401.334,1.49467e+12,0.000619327
401.736,1.49916e+12,0.000619946
402.137,1.50366e+12,0.000620566
402.539,1.50818e+12,0.000621187
402.942,1.51271e+12,0.000621808
403.345,1.51725e+12,0.00062243
403.748,1.52181e+12,0.000623052
404.152,1.52638e+12,0.000623675
404.556,1.53096e+12,0.000624299
404.961,1.53556e+12,0.000624923
405.366,1.54017e+12,0.000625548
405.771,1.54479e+12,0.000626174
406.177,1.54943e+12,0.0006268
406.583,1.55409e+12,0.000627427
406.99,1.55875e+12,0.000628054
407.397,1.56343e+12,0.000628682
407.804,1.56813e+12,0.000629311
408.212,1.57284e+12,0.00062994
408.62,1.57756e+12,0.00063057
409.029,1.5823e+12,0.000631201
409.438,1.58705e+12,0.000631832
409.847,1.59182e+12,0.000632464
410.257,1.5966e+12,0.000633096
410.667,1.60139e+12,0.000633729
411.078,1.6062e+12,0.000634363
411.489,1.61102e+12,0.000634997
411.9,1.61586e+12,0.000635632
412.312,1.62071e+12,0.000636268
412.725,1.62558e+12,0.000636904
413.137,1.63046e+12,0.000637541
413.55,1.63536e+12,0.000638179
413.964,1.64027e+12,0.000638817
414.378,1.6452e+12,0.000639456
414.792,1.65014e+12,0.000640095
415.207,1.65509e+12,0.000640735
415.622,1.66006e+12,0.000641376
416.038,1.66505e+12,0.000642017
416.454,1.67005e+12,0.00064266
416.87,1.67506e+12,0.000643302
417.287,1.68009e+12,0.000643945
417.705,1.68514e+12,0.000644589
418.122,1.6902e+12,0.000645234
418.54,1.69527e+12,0.000645879
418.959,1.70037e+12,0.000646525
419.378,1.70547e+12,0.000647172
419.797,1.71059e+12,0.000647819
420.217,1.71573e+12,0.000648467
420.637,1.72088e+12,0.000649115
421.058,1.72605e+12,0.000649764
421.479,1.73123e+12,0.000650414
421.901,1.73643e+12,0.000651064
422.322,1.74165e+12,0.000651715
422.745,1.74688e+12,0.000652367
423.167,1.75212e+12,0.00065302
423.591,1.75738e+12,0.000653673
424.014,1.76266e+12,0.000654326
424.438,1.76796e+12,0.000654981
424.863,1.77326e+12,0.000655636
425.288,1.77859e+12,0.000656291
425.713,1.78393e+12,0.000656947
426.139,1.78929e+12,0.000657604
426.565,1.79466e+12,0.000658262
426.991,1.80005e+12,0.00065892
427.418,1.80546e+12,0.000659579
427.846,1.81088e+12,0.000660239
428.274,1.81632e+12,0.000660899
428.702,1.82177e+12,0.00066156
429.13,1.82724e+12,0.000662221
429.56,1.83273e+12,0.000662884
429.989,1.83823e+12,0.000663547
430.419,1.84375e+12,0.00066421
430.85,1.84929e+12,0.000664874
431.28,1.85484e+12,0.000665539
431.712,1.86041e+12,0.000666205
432.143,1.866e+12,0.000666871
432.576,1.8716e+12,0.000667538
433.008,1.87722e+12,0.000668205
433.441,1.88286e+12,0.000668874
433.875,1.88851e+12,0.000669542
434.308,1.89419e+12,0.000670212
434.743,1.89987e+12,0.000670882
435.178,1.90558e+12,0.000671553
435.613,1.9113e+12,0.000672225
436.048,1.91704e+12,0.000672897
436.484,1.9228e+12,0.00067357
436.921,1.92857e+12,0.000674243
437.358,1.93436e+12,0.000674918
437.795,1.94017e+12,0.000675592
438.233,1.946e+12,0.000676268
438.671,1.95184e+12,0.000676944
439.11,1.9577e+12,0.000677621
439.549,1.96358e+12,0.000678299
439.988,1.96948e+12,0.000678977
440.428,1.97539e+12,0.000679656
440.869,1.98133e+12,0.000680336
441.31,1.98728e+12,0.000681016
441.751,1.99324e+12,0.000681697
442.193,1.99923e+12,0.000682379
442.635,2.00523e+12,0.000683061
443.078,2.01126e+12,0.000683744
443.521,2.0173e+12,0.000684428
443.964,2.02335e+12,0.000685113
444.408,2.02943e+12,0.000685798
444.853,2.03552e+12,0.000686483
445.297,2.04164e+12,0.00068717
445.743,2.04777e+12,0.000687857
446.189,2.05392e+12,0.000688545
446.635,2.06008e+12,0.000689233
447.081,2.06627e+12,0.000689923
447.528,2.07248e+12,0.000690613
447.976,2.0787e+12,0.000691303
448.424,2.08494e+12,0.000691995
448.872,2.0912e+12,0.000692687
449.321,2.09748e+12,0.000693379
449.771,2.10378e+12,0.000694073
450.22,2.1101e+12,0.000694767
450.671,2.11644e+12,0.000695461
451.121,2.12279e+12,0.000696157
451.572,2.12917e+12,0.000696853
452.024,2.13556e+12,0.00069755
452.476,2.14197e+12,0.000698247
452.928,2.14841e+12,0.000698946
453.381,2.15486e+12,0.000699645
453.835,2.16133e+12,0.000700344
454.289,2.16782e+12,0.000701045
454.743,2.17433e+12,0.000701746
455.198,2.18086e+12,0.000702447
455.653,2.18741e+12,0.00070315
456.108,2.19398e+12,0.000703853
456.565,2.20057e+12,0.000704557
457.021,2.20717e+12,0.000705261
457.478,2.2138e+12,0.000705967
457.936,2.22045e+12,0.000706673
458.394,2.22712e+12,0.000707379
458.852,2.23381e+12,0.000708087
459.311,2.24051e+12,0.000708795
459.77,2.24724e+12,0.000709504
460.23,2.25399e+12,0.000710213
460.69,2.26076e+12,0.000710923
461.151,2.26755e+12,0.000711634
461.612,2.27436e+12,0.000712346
462.074,2.28119e+12,0.000713058
462.536,2.28804e+12,0.000713771
462.998,2.29491e+12,0.000714485
463.461,2.3018e+12,0.0007152
463.925,2.30871e+12,0.000715915
464.389,2.31565e+12,0.000716631
464.853,2.3226e+12,0.000717347
465.318,2.32957e+12,0.000718065
465.783,2.33657e+12,0.000718783
466.249,2.34359e+12,0.000719501
466.715,2.35062e+12,0.000720221
467.182,2.35768e+12,0.000720941
467.649,2.36476e+12,0.000721662
468.117,2.37187e+12,0.000722384
468.585,2.37899e+12,0.000723106
469.053,2.38613e+12,0.000723829
469.522,2.3933e+12,0.000724553
469.992,2.40048e+12,0.000725278
470.462,2.40769e+12,0.000726003
470.932,2.41492e+12,0.000726729
471.403,2.42218e+12,0.000727456
471.875,2.42945e+12,0.000728183
472.347,2.43675e+12,0.000728911
472.819,2.44406e+12,0.00072964
473.292,2.4514e+12,0.00073037
473.765,2.45876e+12,0.0007311
474.239,2.46615e+12,0.000731831
474.713,2.47355e+12,0.000732563
475.188,2.48098e+12,0.000733296
475.663,2.48843e+12,0.000734029
476.139,2.4959e+12,0.000734763
476.615,2.5034e+12,0.000735498
477.091,2.51092e+12,0.000736233
477.568,2.51846e+12,0.00073697
478.046,2.52602e+12,0.000737707
478.524,2.53361e+12,0.000738444
479.003,2.54121e+12,0.000739183
479.482,2.54885e+12,0.000739922
479.961,2.5565e+12,0.000740662
480.441,2.56418e+12,0.000741402
480.922,2.57188e+12,0.000742144
481.402,2.5796e+12,0.000742886
481.884,2.58735e+12,0.000743629
482.366,2.59512e+12,0.000744373
482.848,2.60291e+12,0.000745117
483.331,2.61073e+12,0.000745862
483.814,2.61857e+12,0.000746608
484.298,2.62643e+12,0.000747354
484.782,2.63432e+12,0.000748102
485.267,2.64223e+12,0.00074885
485.752,2.65016e+12,0.000749599
486.238,2.65812e+12,0.000750348
486.724,2.6661e+12,0.000751099
487.211,2.67411e+12,0.00075185
487.698,2.68214e+12,0.000752602
488.186,2.6902e+12,0.000753354
488.674,2.69827e+12,0.000754108
489.163,2.70638e+12,0.000754862
489.652,2.7145e+12,0.000755617
490.142,2.72266e+12,0.000756372
490.632,2.73083e+12,0.000757129
491.123,2.73903e+12,0.000757886
491.614,2.74726e+12,0.000758644
492.105,2.75551e+12,0.000759402
492.597,2.76378e+12,0.000760162
493.09,2.77208e+12,0.000760922
493.583,2.78041e+12,0.000761683
494.077,2.78876e+12,0.000762444
494.571,2.79713e+12,0.000763207
495.065,2.80553e+12,0.00076397
495.56,2.81396e+12,0.000764734
496.056,2.82241e+12,0.000765499
496.552,2.83088e+12,0.000766264
497.048,2.83938e+12,0.000767031
497.546,2.84791e+12,0.000767798
498.043,2.85646e+12,0.000768565
498.541,2.86504e+12,0.000769334
499.04,2.87364e+12,0.000770103
499.539,2.88227e+12,0.000770873
500.038,2.89093e+12,0.000771644
500.538,2.89961e+12,0.000772416
501.039,2.90832e+12,0.000773188
501.54,2.91705e+12,0.000773961
502.041,2.92581e+12,0.000774735
502.543,2.9346e+12,0.00077551
503.046,2.94341e+12,0.000776286
503.549,2.95225e+12,0.000777062
504.053,2.96111e+12,0.000777839
504.557,2.97001e+12,0.000778617
505.061,2.97893e+12,0.000779395
505.566,2.98787e+12,0.000780175
506.072,2.99684e+12,0.000780955
506.578,3.00584e+12,0.000781736
507.084,3.01487e+12,0.000782518
507.592,3.02392e+12,0.0007833
508.099,3.033e+12,0.000784084
508.607,3.04211e+12,0.000784868
509.116,3.05125e+12,0.000785653
509.625,3.06041e+12,0.000786438
510.135,3.0696e+12,0.000787225
510.645,3.07882e+12,0.000788012
511.155,3.08807e+12,0.0007888
511.667,3.09734e+12,0.000789589
512.178,3.10664e+12,0.000790378
512.69,3.11597e+12,0.000791169
513.203,3.12533e+12,0.00079196
513.716,3.13471e+12,0.000792752
514.23,3.14413e+12,0.000793544
514.744,3.15357e+12,0.000794338
515.259,3.16304e+12,0.000795132
515.774,3.17254e+12,0.000795928
516.29,3.18206e+12,0.000796723
516.806,3.19162e+12,0.00079752
517.323,3.2012e+12,0.000798318
517.84,3.21082e+12,0.000799116
518.358,3.22046e+12,0.000799915
518.877,3.23013e+12,0.000800715
519.395,3.23983e+12,0.000801516
519.915,3.24956e+12,0.000802317
520.435,3.25932e+12,0.00080312
520.955,3.26911e+12,0.000803923
521.476,3.27892e+12,0.000804727
521.998,3.28877e+12,0.000805531
522.52,3.29865e+12,0.000806337
523.042,3.30855e+12,0.000807143
523.565,3.31849e+12,0.00080795
524.089,3.32845e+12,0.000808758
524.613,3.33845e+12,0.000809567
525.137,3.34847e+12,0.000810377
525.663,3.35853e+12,0.000811187
526.188,3.36861e+12,0.000811998
526.714,3.37873e+12,0.00081281
527.241,3.38888e+12,0.000813623
527.768,3.39905e+12,0.000814437
528.296,3.40926e+12,0.000815251
528.824,3.4195e+12,0.000816066
529.353,3.42977e+12,0.000816882
529.883,3.44007e+12,0.000817699
530.413,3.4504e+12,0.000818517
530.943,3.46076e+12,0.000819335
531.474,3.47115e+12,0.000820155
532.005,3.48158e+12,0.000820975
532.537,3.49203e+12,0.000821796
533.07,3.50252e+12,0.000822618
533.603,3.51303e+12,0.00082344
534.137,3.52358e+12,0.000824264
534.671,3.53417e+12,0.000825088
535.205,3.54478e+12,0.000825913
535.741,3.55542e+12,0.000826739
536.276,3.5661e+12,0.000827566
536.813,3.57681e+12,0.000828393
537.349,3.58755e+12,0.000829222
537.887,3.59832e+12,0.000830051
538.425,3.60913e+12,0.000830881
538.963,3.61997e+12,0.000831712
539.502,3.63084e+12,0.000832544
540.042,3.64174e+12,0.000833376
540.582,3.65268e+12,0.00083421
541.122,3.66365e+12,0.000835044
541.663,3.67465e+12,0.000835879
542.205,3.68568e+12,0.000836715
542.747,3.69675e+12,0.000837551
543.29,3.70785e+12,0.000838389
543.833,3.71899e+12,0.000839227
544.377,3.73016e+12,0.000840067
544.921,3.74136e+12,0.000840907
545.466,3.75259e+12,0.000841748
546.012,3.76386e+12,0.000842589
546.558,3.77517e+12,0.000843432
547.104,3.7865e+12,0.000844275
547.651,3.79787e+12,0.00084512
548.199,3.80928e+12,0.000845965
548.747,3.82072e+12,0.000846811
549.296,3.83219e+12,0.000847657
549.845,3.8437e+12,0.000848505
550.395,3.85524e+12,0.000849354
550.946,3.86682e+12,0.000850203
551.497,3.87843e+12,0.000851053
552.048,3.89008e+12,0.000851904
552.6,3.90176e+12,0.000852756
553.153,3.91348e+12,0.000853609
553.706,3.92523e+12,0.000854463
554.26,3.93702e+12,0.000855317
554.814,3.94884e+12,0.000856172
555.369,3.9607e+12,0.000857028
555.924,3.97259e+12,0.000857886
556.48,3.98452e+12,0.000858743
557.036,3.99649e+12,0.000859602
557.593,4.00849e+12,0.000860462
558.151,4.02053e+12,0.000861322
558.709,4.0326e+12,0.000862184
559.268,4.04471e+12,0.000863046
559.827,4.05686e+12,0.000863909
560.387,4.06904e+12,0.000864773
560.947,4.08126e+12,0.000865637
561.508,4.09351e+12,0.000866503
562.07,4.10581e+12,0.00086737
562.632,4.11814e+12,0.000868237
563.195,4.1305e+12,0.000869105
563.758,4.14291e+12,0.000869974
564.322,4.15535e+12,0.000870844
564.886,4.16783e+12,0.000871715
565.451,4.18034e+12,0.000872587
566.016,4.1929e+12,0.000873459
566.582,4.20549e+12,0.000874333
567.149,4.21812e+12,0.000875207
567.716,4.23078e+12,0.000876082
568.284,4.24349e+12,0.000876958
568.852,4.25623e+12,0.000877835
569.421,4.26901e+12,0.000878713
569.99,4.28183e+12,0.000879592
570.56,4.29469e+12,0.000880472
571.131,4.30759e+12,0.000881352
571.702,4.32052e+12,0.000882233
572.274,4.3335e+12,0.000883116
572.846,4.34651e+12,0.000883999
573.419,4.35957e+12,0.000884883
573.992,4.37266e+12,0.000885768
574.566,4.38579e+12,0.000886653
575.141,4.39896e+12,0.00088754
575.716,4.41217e+12,0.000888428
576.292,4.42542e+12,0.000889316
576.868,4.43871e+12,0.000890205
577.445,4.45204e+12,0.000891096
578.022,4.46541e+12,0.000891987
578.6,4.47882e+12,0.000892879
579.179,4.49227e+12,0.000893772
579.758,4.50576e+12,0.000894665
580.338,4.51929e+12,0.00089556
580.918,4.53286e+12,0.000896456
581.499,4.54647e+12,0.000897352
582.08,4.56012e+12,0.000898249
582.663,4.57382e+12,0.000899148
583.245,4.58755e+12,0.000900047
583.828,4.60133e+12,0.000900947
584.412,4.61515e+12,0.000901848
584.997,4.62901e+12,0.00090275
585.582,4.64291e+12,0.000903652
586.167,4.65685e+12,0.000904556
586.753,4.67084e+12,0.000905461
587.34,4.68486e+12,0.000906366
587.928,4.69893e+12,0.000907272
588.515,4.71304e+12,0.00090818
589.104,4.72719e+12,0.000909088
589.693,4.74139e+12,0.000909997
590.283,4.75563e+12,0.000910907
590.873,4.76991e+12,0.000911818
591.464,4.78423e+12,0.00091273
592.055,4.7986e+12,0.000913642
592.647,4.81301e+12,0.000914556
593.24,4.82746e+12,0.000915471
593.833,4.84196e+12,0.000916386
594.427,4.8565e+12,0.000917302
595.022,4.87109e+12,0.00091822
595.617,4.88571e+12,0.000919138
596.212,4.90039e+12,0.000920057
596.808,4.9151e+12,0.000920977
597.405,4.92986e+12,0.000921898
598.003,4.94467e+12,0.00092282
598.601,4.95951e+12,0.000923743
599.199,4.97441e+12,0.000924667
599.798,4.98935e+12,0.000925591
600.398,5.00433e+12,0.000926517
600.999,5.01936e+12,0.000927443
601.6,5.03443e+12,0.000928371
602.201,5.04955e+12,0.000929299
602.803,5.06471e+12,0.000930228
603.406,5.07992e+12,0.000931159
604.01,5.09518e+12,0.00093209
604.614,5.11048e+12,0.000933022
605.218,5.12582e+12,0.000933955
605.823,5.14122e+12,0.000934889
606.429,5.15666e+12,0.000935824
607.036,5.17214e+12,0.00093676
607.643,5.18767e+12,0.000937696
608.25,5.20325e+12,0.000938634
608.859,5.21888e+12,0.000939573
609.468,5.23455e+12,0.000940512
610.077,5.25027e+12,0.000941453
610.687,5.26604e+12,0.000942394
611.298,5.28185e+12,0.000943337
611.909,5.29771e+12,0.00094428
612.521,5.31362e+12,0.000945224
613.133,5.32958e+12,0.000946169
613.747,5.34558e+12,0.000947116
614.36,5.36164e+12,0.000948063
614.975,5.37774e+12,0.000949011
615.59,5.39389e+12,0.00094996
616.205,5.41008e+12,0.00095091
616.821,5.42633e+12,0.000951861
617.438,5.44262e+12,0.000952813
618.056,5.45897e+12,0.000953765
618.674,5.47536e+12,0.000954719
619.292,5.4918e+12,0.000955674
619.912,5.5083e+12,0.00095663
620.532,5.52484e+12,0.000957586
621.152,5.54143e+12,0.000958544
621.773,5.55807e+12,0.000959502
622.395,5.57476e+12,0.000960462
623.018,5.5915e+12,0.000961422
623.641,5.60829e+12,0.000962384
624.264,5.62514e+12,0.000963346
624.888,5.64203e+12,0.000964309
625.513,5.65897e+12,0.000965274
626.139,5.67596e+12,0.000966239
626.765,5.69301e+12,0.000967205
627.392,5.71011e+12,0.000968172
628.019,5.72725e+12,0.000969141
628.647,5.74445e+12,0.00097011
629.276,5.7617e+12,0.00097108
629.905,5.779e+12,0.000972051
630.535,5.79636e+12,0.000973023
631.166,5.81377e+12,0.000973996
631.797,5.83122e+12,0.00097497
632.429,5.84874e+12,0.000975945
633.061,5.8663e+12,0.000976921
633.694,5.88392e+12,0.000977898
634.328,5.90159e+12,0.000978876
634.962,5.91931e+12,0.000979855
635.597,5.93708e+12,0.000980834
636.233,5.95491e+12,0.000981815
636.869,5.9728e+12,0.000982797
637.506,5.99073e+12,0.00098378
638.143,6.00872e+12,0.000984764
638.781,6.02677e+12,0.000985748
639.42,6.04486e+12,0.000986734
640.06,6.06302e+12,0.000987721
640.7,6.08122e+12,0.000988709
641.34,6.09949e+12,0.000989697
641.982,6.1178e+12,0.000990687
642.624,6.13617e+12,0.000991678
643.266,6.1546e+12,0.000992669
643.909,6.17308e+12,0.000993662
644.553,6.19162e+12,0.000994656
645.198,6.21022e+12,0.00099565
645.843,6.22886e+12,0.000996646
646.489,6.24757e+12,0.000997643
647.135,6.26633e+12,0.00099864
647.783,6.28515e+12,0.000999639
648.43,6.30402e+12,0.00100064
649.079,6.32295e+12,0.00100164
649.728,6.34194e+12,0.00100264
650.378,6.36099e+12,0.00100364
651.028,6.38009e+12,0.00100465
651.679,6.39925e+12,0.00100565
652.331,6.41847e+12,0.00100666
652.983,6.43774e+12,0.00100766
653.636,6.45707e+12,0.00100867
654.29,6.47646e+12,0.00100968
654.944,6.49591e+12,0.00101069
655.599,6.51542e+12,0.0010117
656.255,6.53498e+12,0.00101271
656.911,6.55461e+12,0.00101373
657.568,6.57429e+12,0.00101474
658.225,6.59404e+12,0.00101575
658.883,6.61384e+12,0.00101677
659.542,6.6337e+12,0.00101779
660.202,6.65362e+12,0.0010188
660.862,6.6736e+12,0.00101982
661.523,6.69364e+12,0.00102084
662.184,6.71374e+12,0.00102186
662.847,6.7339e+12,0.00102289
663.51,6.75413e+12,0.00102391
664.173,6.77441e+12,0.00102493
664.837,6.79475e+12,0.00102596
665.502,6.81516e+12,0.00102698
666.168,6.83562e+12,0.00102801
666.834,6.85615e+12,0.00102904
667.501,6.87674e+12,0.00103007
668.168,6.89739e+12,0.0010311
668.836,6.9181e+12,0.00103213
669.505,6.93888e+12,0.00103316
670.175,6.95972e+12,0.00103419
670.845,6.98062e+12,0.00103523
671.516,7.00158e+12,0.00103626
672.187,7.0226e+12,0.0010373
672.859,7.04369e+12,0.00103834
673.532,7.06484e+12,0.00103937
674.206,7.08606e+12,0.00104041
674.88,7.10734e+12,0.00104145
675.555,7.12868e+12,0.0010425
676.23,7.15009e+12,0.00104354
676.907,7.17156e+12,0.00104458
677.583,7.1931e+12,0.00104563
678.261,7.2147e+12,0.00104667
678.939,7.23637e+12,0.00104772
679.618,7.2581e+12,0.00104877
680.298,7.27989e+12,0.00104982
680.978,7.30175e+12,0.00105087
681.659,7.32368e+12,0.00105192
682.341,7.34567e+12,0.00105297
683.023,7.36773e+12,0.00105402
683.706,7.38986e+12,0.00105508
684.39,7.41205e+12,0.00105613
685.074,7.43431e+12,0.00105719
685.759,7.45663e+12,0.00105824
686.445,7.47903e+12,0.0010593
687.132,7.50149e+12,0.00106036
687.819,7.52401e+12,0.00106142
688.506,7.54661e+12,0.00106248
689.195,7.56927e+12,0.00106355
689.884,7.592e+12,0.00106461
690.574,7.6148e+12,0.00106567
691.265,7.63767e+12,0.00106674
691.956,7.6606e+12,0.00106781
692.648,7.68361e+12,0.00106887
693.34,7.70668e+12,0.00106994
694.034,7.72982e+12,0.00107101
694.728,7.75304e+12,0.00107208
695.423,7.77632e+12,0.00107316
696.118,7.79967e+12,0.00107423
696.814,7.82309e+12,0.0010753
697.511,7.84659e+12,0.00107638
698.208,7.87015e+12,0.00107745
698.907,7.89378e+12,0.00107853
699.606,7.91749e+12,0.00107961
700.305,7.94127e+12,0.00108069
701.005,7.96511e+12,0.00108177
701.706,7.98903e+12,0.00108285
702.408,8.01302e+12,0.00108394
703.111,8.03709e+12,0.00108502
703.814,8.06122e+12,0.0010861
704.518,8.08543e+12,0.00108719
705.222,8.10971e+12,0.00108828
705.927,8.13406e+12,0.00108937
706.633,8.15849e+12,0.00109046
707.34,8.18299e+12,0.00109155
708.047,8.20756e+12,0.00109264
708.755,8.23221e+12,0.00109373
709.464,8.25693e+12,0.00109482
710.173,8.28173e+12,0.00109592
710.884,8.3066e+12,0.00109701
711.594,8.33154e+12,0.00109811
712.306,8.35656e+12,0.00109921
713.018,8.38166e+12,0.00110031
713.731,8.40683e+12,0.00110141
714.445,8.43207e+12,0.00110251
715.16,8.45739e+12,0.00110361
715.875,8.48279e+12,0.00110472
716.591,8.50827e+12,0.00110582
717.307,8.53382e+12,0.00110693
718.025,8.55944e+12,0.00110803
718.743,8.58515e+12,0.00110914
719.461,8.61093e+12,0.00111025
720.181,8.63679e+12,0.00111136
720.901,8.66272e+12,0.00111247
721.622,8.68874e+12,0.00111359
722.343,8.71483e+12,0.0011147
723.066,8.741e+12,0.00111581
723.789,8.76725e+12,0.00111693
724.513,8.79358e+12,0.00111805
725.237,8.81998e+12,0.00111916
725.962,8.84647e+12,0.00112028
726.688,8.87304e+12,0.0011214
727.415,8.89968e+12,0.00112253
728.142,8.92641e+12,0.00112365
728.871,8.95321e+12,0.00112477
729.599,8.9801e+12,0.0011259
730.329,9.00707e+12,0.00112702
731.059,9.03412e+12,0.00112815
731.79,9.06125e+12,0.00112928
732.522,9.08846e+12,0.00113041
733.255,9.11575e+12,0.00113154
733.988,9.14312e+12,0.00113267
734.722,9.17058e+12,0.0011338
735.457,9.19812e+12,0.00113494
736.192,9.22574e+12,0.00113607
736.928,9.25345e+12,0.00113721
737.665,9.28124e+12,0.00113834
738.403,9.30911e+12,0.00113948
739.141,9.33706e+12,0.00114062
739.881,9.3651e+12,0.00114176
740.62,9.39322e+12,0.0011429
741.361,9.42143e+12,0.00114405
742.102,9.44973e+12,0.00114519
742.844,9.4781e+12,0.00114634
743.587,9.50657e+12,0.00114748
744.331,9.53511e+12,0.00114863
745.075,9.56375e+12,0.00114978
745.82,9.59247e+12,0.00115093
746.566,9.62127e+12,0.00115208
747.313,9.65017e+12,0.00115323
748.06,9.67915e+12,0.00115438
748.808,9.70821e+12,0.00115554
749.557,9.73737e+12,0.00115669
750.306,9.76661e+12,0.00115785
751.057,9.79594e+12,0.00115901
751.808,9.82535e+12,0.00116017
752.56,9.85486e+12,0.00116133
753.312,9.88445e+12,0.00116249
754.065,9.91414e+12,0.00116365
754.82,9.94391e+12,0.00116482
755.574,9.97377e+12,0.00116598
756.33,1.00037e+13,0.00116715
757.086,1.00338e+13,0.00116831
757.843,1.00639e+13,0.00116948
758.601,1.00941e+13,0.00117065
759.36,1.01244e+13,0.00117182
760.119,1.01548e+13,0.00117299
760.879,1.01853e+13,0.00117417
761.64,1.02159e+13,0.00117534
762.402,1.02466e+13,0.00117652
763.164,1.02774e+13,0.00117769
763.927,1.03082e+13,0.00117887
764.691,1.03392e+13,0.00118005
765.456,1.03702e+13,0.00118123
766.221,1.04014e+13,0.00118241
766.988,1.04326e+13,0.00118359
767.755,1.04639e+13,0.00118478
768.522,1.04954e+13,0.00118596
769.291,1.05269e+13,0.00118715
770.06,1.05585e+13,0.00118833
770.83,1.05902e+13,0.00118952
771.601,1.0622e+13,0.00119071
772.373,1.06539e+13,0.0011919
773.145,1.06859e+13,0.00119309
773.918,1.0718e+13,0.00119429
774.692,1.07502e+13,0.00119548
775.467,1.07824e+13,0.00119668
776.242,1.08148e+13,0.00119787
777.019,1.08473e+13,0.00119907
777.796,1.08799e+13,0.00120027
778.573,1.09126e+13,0.00120147
779.352,1.09453e+13,0.00120267
780.131,1.09782e+13,0.00120388
780.911,1.10112e+13,0.00120508
781.692,1.10442e+13,0.00120628
782.474,1.10774e+13,0.00120749
783.257,1.11107e+13,0.0012087
784.04,1.1144e+13,0.00120991
784.824,1.11775e+13,0.00121112
785.609,1.12111e+13,0.00121233
786.394,1.12447e+13,0.00121354
787.181,1.12785e+13,0.00121475
787.968,1.13124e+13,0.00121597
788.756,1.13463e+13,0.00121718
789.545,1.13804e+13,0.0012184
790.334,1.14146e+13,0.00121962
791.124,1.14489e+13,0.00122084
791.916,1.14832e+13,0.00122206
792.707,1.15177e+13,0.00122328
793.5,1.15523e+13,0.00122451
794.294,1.1587e+13,0.00122573
795.088,1.16218e+13,0.00122696
795.883,1.16567e+13,0.00122818
796.679,1.16917e+13,0.00122941
797.476,1.17268e+13,0.00123064
798.273,1.1762e+13,0.00123187
799.071,1.17973e+13,0.0012331
799.87,1.18328e+13,0.00123434
800.67,1.18683e+13,0.00123557
801.471,1.19039e+13,0.00123681
802.272,1.19397e+13,0.00123804
803.075,1.19756e+13,0.00123928
803.878,1.20115e+13,0.00124052
804.682,1.20476e+13,0.00124176
805.486,1.20838e+13,0.001243
806.292,1.21201e+13,0.00124425
807.098,1.21564e+13,0.00124549
807.905,1.2193e+13,0.00124674
808.713,1.22296e+13,0.00124798
809.522,1.22663e+13,0.00124923
810.331,1.23031e+13,0.00125048
811.142,1.23401e+13,0.00125173
811.953,1.23771e+13,0.00125298
812.765,1.24143e+13,0.00125423
813.578,1.24516e+13,0.00125549
814.391,1.2489e+13,0.00125674
815.206,1.25265e+13,0.001258
816.021,1.25641e+13,0.00125926
816.837,1.26018e+13,0.00126052
817.654,1.26397e+13,0.00126178
818.471,1.26776e+13,0.00126304
819.29,1.27157e+13,0.0012643
820.109,1.27539e+13,0.00126557
820.929,1.27922e+13,0.00126683
821.75,1.28306e+13,0.0012681
822.572,1.28691e+13,0.00126937
823.394,1.29078e+13,0.00127064
824.218,1.29465e+13,0.00127191
825.042,1.29854e+13,0.00127318
825.867,1.30244e+13,0.00127445
826.693,1.30635e+13,0.00127573
827.52,1.31028e+13,0.001277
828.347,1.31421e+13,0.00127828
829.175,1.31816e+13,0.00127956
830.005,1.32211e+13,0.00128084
830.835,1.32609e+13,0.00128212
831.665,1.33007e+13,0.0012834
832.497,1.33406e+13,0.00128468
833.33,1.33807e+13,0.00128597
834.163,1.34209e+13,0.00128726
834.997,1.34612e+13,0.00128854
835.832,1.35016e+13,0.00128983
836.668,1.35421e+13,0.00129112
837.505,1.35828e+13,0.00129241
838.342,1.36236e+13,0.0012937
839.18,1.36645e+13,0.001295
840.02,1.37055e+13,0.00129629
840.86,1.37467e+13,0.00129759
841.701,1.3788e+13,0.00129889
842.542,1.38294e+13,0.00130019
843.385,1.38709e+13,0.00130149
844.228,1.39126e+13,0.00130279
845.072,1.39543e+13,0.00130409
845.917,1.39962e+13,0.00130539
846.763,1.40383e+13,0.0013067
847.61,1.40804e+13,0.00130801
848.458,1.41227e+13,0.00130931
849.306,1.41651e+13,0.00131062
850.155,1.42077e+13,0.00131193
851.006,1.42503e+13,0.00131325
851.857,1.42931e+13,0.00131456
852.709,1.4336e+13,0.00131587
853.561,1.43791e+13,0.00131719
854.415,1.44223e+13,0.00131851
855.269,1.44656e+13,0.00131983
856.124,1.4509e+13,0.00132115
856.981,1.45526e+13,0.00132247
857.838,1.45963e+13,0.00132379
858.695,1.46401e+13,0.00132511
859.554,1.46841e+13,0.00132644
860.414,1.47282e+13,0.00132776
861.274,1.47724e+13,0.00132909
862.135,1.48168e+13,0.00133042
862.997,1.48613e+13,0.00133175
863.86,1.49059e+13,0.00133308
864.724,1.49507e+13,0.00133442
865.589,1.49956e+13,0.00133575
866.455,1.50406e+13,0.00133709
867.321,1.50858e+13,0.00133842
868.188,1.51311e+13,0.00133976
869.057,1.51765e+13,0.0013411
869.926,1.52221e+13,0.00134244
870.796,1.52678e+13,0.00134379
871.666,1.53136e+13,0.00134513
872.538,1.53596e+13,0.00134647
873.411,1.54058e+13,0.00134782
874.284,1.5452e+13,0.00134917
875.158,1.54984e+13,0.00135052
876.033,1.5545e+13,0.00135187
876.909,1.55916e+13,0.00135322
877.786,1.56385e+13,0.00135457
878.664,1.56854e+13,0.00135593
879.543,1.57325e+13,0.00135728
880.422,1.57798e+13,0.00135864
881.303,1.58272e+13,0.00136
882.184,1.58747e+13,0.00136136
883.066,1.59224e+13,0.00136272
883.949,1.59702e+13,0.00136408
884.833,1.60181e+13,0.00136545
885.718,1.60662e+13,0.00136681
886.604,1.61145e+13,0.00136818
887.49,1.61629e+13,0.00136955
888.378,1.62114e+13,0.00137092
889.266,1.62601e+13,0.00137229
890.156,1.63089e+13,0.00137366
891.046,1.63579e+13,0.00137504
891.937,1.6407e+13,0.00137641
892.829,1.64563e+13,0.00137779
893.722,1.65057e+13,0.00137916
894.615,1.65553e+13,0.00138054
895.51,1.6605e+13,0.00138192
896.405,1.66549e+13,0.00138331
897.302,1.67049e+13,0.00138469
898.199,1.6755e+13,0.00138607
899.097,1.68054e+13,0.00138746
899.996,1.68558e+13,0.00138885
900.896,1.69064e+13,0.00139024
901.797,1.69572e+13,0.00139163
902.699,1.70081e+13,0.00139302
903.602,1.70592e+13,0.00139441
904.505,1.71104e+13,0.00139581
905.41,1.71618e+13,0.0013972
906.315,1.72134e+13,0.0013986
907.222,1.72651e+13,0.0014
908.129,1.73169e+13,0.0014014
909.037,1.73689e+13,0.0014028
909.946,1.74211e+13,0.0014042
910.856,1.74734e+13,0.00140561
911.767,1.75258e+13,0.00140701
912.679,1.75785e+13,0.00140842
913.591,1.76313e+13,0.00140983
914.505,1.76842e+13,0.00141124
915.419,1.77373e+13,0.00141265
916.335,1.77906e+13,0.00141406
917.251,1.7844e+13,0.00141547
918.168,1.78976e+13,0.00141689
919.087,1.79513e+13,0.00141831
920.006,1.80052e+13,0.00141973
920.926,1.80593e+13,0.00142115
921.847,1.81136e+13,0.00142257
922.768,1.81679e+13,0.00142399
923.691,1.82225e+13,0.00142541
924.615,1.82772e+13,0.00142684
925.539,1.83321e+13,0.00142827
926.465,1.83872e+13,0.00142969
927.391,1.84424e+13,0.00143112
928.319,1.84978e+13,0.00143255
929.247,1.85533e+13,0.00143399
930.176,1.8609e+13,0.00143542
931.107,1.86649e+13,0.00143686
932.038,1.8721e+13,0.00143829
932.97,1.87772e+13,0.00143973
933.903,1.88336e+13,0.00144117
934.837,1.88901e+13,0.00144261
935.771,1.89469e+13,0.00144405
936.707,1.90038e+13,0.0014455
937.644,1.90608e+13,0.00144694
938.582,1.91181e+13,0.00144839
939.52,1.91755e+13,0.00144984
940.46,1.92331e+13,0.00145129
941.4,1.92908e+13,0.00145274
942.342,1.93487e+13,0.00145419
943.284,1.94068e+13,0.00145565
944.227,1.94651e+13,0.0014571
945.171,1.95236e+13,0.00145856
946.117,1.95822e+13,0.00146002
947.063,1.9641e+13,0.00146148
948.01,1.97e+13,0.00146294
948.958,1.97592e+13,0.0014644
949.907,1.98185e+13,0.00146587
950.857,1.9878e+13,0.00146733
951.808,1.99377e+13,0.0014688
952.759,1.99976e+13,0.00147027
953.712,2.00576e+13,0.00147174
954.666,2.01179e+13,0.00147321
955.62,2.01783e+13,0.00147469
956.576,2.02389e+13,0.00147616
957.533,2.02996e+13,0.00147764
958.49,2.03606e+13,0.00147911
959.449,2.04217e+13,0.00148059
960.408,2.04831e+13,0.00148207
961.369,2.05446e+13,0.00148356
962.33,2.06063e+13,0.00148504
963.292,2.06682e+13,0.00148652
964.256,2.07302e+13,0.00148801
965.22,2.07925e+13,0.0014895
966.185,2.08549e+13,0.00149099
967.151,2.09175e+13,0.00149248
968.118,2.09804e+13,0.00149397
969.086,2.10434e+13,0.00149547
970.056,2.11066e+13,0.00149696
971.026,2.11699e+13,0.00149846
971.997,2.12335e+13,0.00149996
972.969,2.12973e+13,0.00150146
973.942,2.13612e+13,0.00150296
974.916,2.14254e+13,0.00150446
975.89,2.14897e+13,0.00150597
976.866,2.15543e+13,0.00150747
977.843,2.1619e+13,0.00150898
978.821,2.16839e+13,0.00151049
979.8,2.1749e+13,0.001512
980.78,2.18143e+13,0.00151351
981.76,2.18798e+13,0.00151502
982.742,2.19456e+13,0.00151654
983.725,2.20115e+13,0.00151806
984.709,2.20776e+13,0.00151957
985.693,2.21439e+13,0.00152109
986.679,2.22104e+13,0.00152261
987.666,2.2277e+13,0.00152414
988.653,2.23439e+13,0.00152566
989.642,2.2411e+13,0.00152719
990.632,2.24783e+13,0.00152871
991.622,2.25458e+13,0.00153024
992.614,2.26136e+13,0.00153177
993.607,2.26815e+13,0.0015333
994.6,2.27496e+13,0.00153484
995.595,2.28179e+13,0.00153637
996.59,2.28864e+13,0.00153791
997.587,2.29551e+13,0.00153945
998.585,2.30241e+13,0.00154099
999.583,2.30932e+13,0.00154253
1000.58,2.31626e+13,0.00154407
1001.58,2.32321e+13,0.00154561
1002.58,2.33019e+13,0.00154716
1003.59,2.33719e+13,0.00154871
1004.59,2.34421e+13,0.00155026
1005.6,2.35124e+13,0.00155181
1006.6,2.35831e+13,0.00155336
1007.61,2.36539e+13,0.00155491
1008.62,2.37249e+13,0.00155647
1009.62,2.37962e+13,0.00155802
1010.63,2.38676e+13,0.00155958
1011.64,2.39393e+13,0.00156114
1012.66,2.40112e+13,0.0015627
1013.67,2.40833e+13,0.00156426
1014.68,2.41556e+13,0.00156583
1015.7,2.42281e+13,0.00156739
1016.71,2.43009e+13,0.00156896
1017.73,2.43739e+13,0.00157053
1018.75,2.44471e+13,0.0015721
1019.77,2.45205e+13,0.00157367
1020.79,2.45941e+13,0.00157525
1021.81,2.4668e+13,0.00157682
1022.83,2.47421e+13,0.0015784
1023.85,2.48164e+13,0.00157998
1024.87,2.48909e+13,0.00158156
1025.9,2.49656e+13,0.00158314
1026.93,2.50406e+13,0.00158472
1027.95,2.51158e+13,0.00158631
1028.98,2.51912e+13,0.00158789
1030.01,2.52669e+13,0.00158948
1031.04,2.53427e+13,0.00159107
1032.07,2.54188e+13,0.00159266
1033.1,2.54952e+13,0.00159425
1034.14,2.55717e+13,0.00159585
1035.17,2.56485e+13,0.00159744
1036.21,2.57256e+13,0.00159904
1037.24,2.58028e+13,0.00160064
1038.28,2.58803e+13,0.00160224
1039.32,2.5958e+13,0.00160384
1040.36,2.6036e+13,0.00160545
1041.4,2.61142e+13,0.00160705
1042.44,2.61926e+13,0.00160866
1043.48,2.62712e+13,0.00161027
1044.52,2.63501e+13,0.00161188
1045.57,2.64293e+13,0.00161349
1046.61,2.65086e+13,0.0016151
1047.66,2.65882e+13,0.00161672
1048.71,2.66681e+13,0.00161834
1049.76,2.67482e+13,0.00161995
1050.81,2.68285e+13,0.00162157
1051.86,2.6909e+13,0.0016232
1052.91,2.69899e+13,0.00162482
1053.96,2.70709e+13,0.00162644
1055.02,2.71522e+13,0.00162807
1056.07,2.72337e+13,0.0016297
1057.13,2.73155e+13,0.00163133
1058.18,2.73975e+13,0.00163296
1059.24,2.74798e+13,0.00163459
1060.3,2.75623e+13,0.00163623
1061.36,2.76451e+13,0.00163786
1062.42,2.77281e+13,0.0016395
1063.49,2.78114e+13,0.00164114
1064.55,2.78949e+13,0.00164278
1065.61,2.79787e+13,0.00164442
1066.68,2.80627e+13,0.00164607
1067.75,2.8147e+13,0.00164771
1068.81,2.82315e+13,0.00164936
1069.88,2.83163e+13,0.00165101
1070.95,2.84013e+13,0.00165266
1072.02,2.84866e+13,0.00165432
1073.1,2.85722e+13,0.00165597
1074.17,2.8658e+13,0.00165763
1075.24,2.8744e+13,0.00165928
1076.32,2.88303e+13,0.00166094
1077.39,2.89169e+13,0.0016626
1078.47,2.90037e+13,0.00166427
1079.55,2.90908e+13,0.00166593
1080.63,2.91782e+13,0.0016676
1081.71,2.92658e+13,0.00166926
1082.79,2.93537e+13,0.00167093
1083.87,2.94419e+13,0.0016726
1084.96,2.95303e+13,0.00167428
1086.04,2.9619e+13,0.00167595
1087.13,2.97079e+13,0.00167763
1088.22,2.97971e+13,0.0016793
1089.31,2.98866e+13,0.00168098
1090.39,2.99763e+13,0.00168266
1091.48,3.00664e+13,0.00168435
1092.58,3.01567e+13,0.00168603
1093.67,3.02472e+13,0.00168772
1094.76,3.0338e+13,0.00168941
1095.86,3.04292e+13,0.00169109
1096.95,3.05205e+13,0.00169279
1098.05,3.06122e+13,0.00169448
1099.15,3.07041e+13,0.00169617
1100.25,3.07963e+13,0.00169787
1101.35,3.08888e+13,0.00169957
1102.45,3.09816e+13,0.00170127
1103.55,3.10746e+13,0.00170297
1104.66,3.11679e+13,0.00170467
1105.76,3.12615e+13,0.00170638
1106.87,3.13554e+13,0.00170808
1107.97,3.14495e+13,0.00170979
1109.08,3.1544e+13,0.0017115
1110.19,3.16387e+13,0.00171321
1111.3,3.17337e+13,0.00171492
1112.41,3.1829e+13,0.00171664
1113.52,3.19246e+13,0.00171836
1114.64,3.20205e+13,0.00172007
1115.75,3.21166e+13,0.00172179
1116.87,3.22131e+13,0.00172352
1117.98,3.23098e+13,0.00172524
1119.1,3.24068e+13,0.00172697
1120.22,3.25042e+13,0.00172869
1121.34,3.26018e+13,0.00173042
1122.46,3.26997e+13,0.00173215
1123.59,3.27979e+13,0.00173388
1124.71,3.28964e+13,0.00173562
1125.83,3.29951e+13,0.00173735
1126.96,3.30942e+13,0.00173909
1128.09,3.31936e+13,0.00174083
1129.21,3.32933e+13,0.00174257
1130.34,3.33933e+13,0.00174431
1131.47,3.34936e+13,0.00174606
1132.61,3.35941e+13,0.0017478
1133.74,3.3695e+13,0.00174955
1134.87,3.37962e+13,0.0017513
1136.01,3.38977e+13,0.00175305
1137.14,3.39995e+13,0.0017548
1138.28,3.41016e+13,0.00175656
1139.42,3.4204e+13,0.00175832
1140.56,3.43067e+13,0.00176007
1141.7,3.44097e+13,0.00176183
1142.84,3.45131e+13,0.0017636
1143.98,3.46167e+13,0.00176536
1145.13,3.47207e+13,0.00176713
1146.27,3.48249e+13,0.00176889
1147.42,3.49295e+13,0.00177066
1148.57,3.50344e+13,0.00177243
1149.71,3.51396e+13,0.0017742
1150.86,3.52451e+13,0.00177598
1152.01,3.5351e+13,0.00177775
1153.17,3.54571e+13,0.00177953
1154.32,3.55636e+13,0.00178131
1155.47,3.56704e+13,0.00178309
1156.63,3.57775e+13,0.00178488
1157.79,3.5885e+13,0.00178666
1158.94,3.59927e+13,0.00178845
1160.1,3.61008e+13,0.00179024
1161.26,3.62092e+13,0.00179203
1162.42,3.6318e+13,0.00179382
1163.59,3.6427e+13,0.00179561
1164.75,3.65364e+13,0.00179741
1165.91,3.66461e+13,0.00179921
1167.08,3.67562e+13,0.001801
1168.25,3.68666e+13,0.00180281
1169.42,3.69773e+13,0.00180461
1170.59,3.70883e+13,0.00180641
1171.76,3.71997e+13,0.00180822
1172.93,3.73114e+13,0.00181003
1174.1,3.74235e+13,0.00181184
1175.27,3.75358e+13,0.00181365
1176.45,3.76486e+13,0.00181546
1177.63,3.77616e+13,0.00181728
1178.8,3.7875e+13,0.0018191
1179.98,3.79888e+13,0.00182091
1181.16,3.81028e+13,0.00182274
1182.34,3.82173e+13,0.00182456
1183.53,3.8332e+13,0.00182638
1184.71,3.84471e+13,0.00182821
1185.89,3.85626e+13,0.00183004
1187.08,3.86784e+13,0.00183187
1188.27,3.87945e+13,0.0018337
1189.46,3.8911e+13,0.00183553
1190.65,3.90279e+13,0.00183737
1191.84,3.91451e+13,0.00183921
1193.03,3.92626e+13,0.00184105
1194.22,3.93806e+13,0.00184289
1195.42,3.94988e+13,0.00184473
1196.61,3.96174e+13,0.00184657
1197.81,3.97364e+13,0.00184842
1199.01,3.98557e+13,0.00185027
1200.2,3.99754e+13,0.00185212
1201.4,4.00955e+13,0.00185397
1202.61,4.02159e+13,0.00185583
1203.81,4.03366e+13,0.00185768
1205.01,4.04578e+13,0.00185954
1206.22,4.05793e+13,0.0018614
1207.42,4.07011e+13,0.00186326
1208.63,4.08233e+13,0.00186512
1209.84,4.09459e+13,0.00186699
1211.05,4.10689e+13,0.00186886
1212.26,4.11922e+13,0.00187072
1213.47,4.13159e+13,0.00187259
1214.69,4.144e+13,0.00187447
1215.9,4.15644e+13,0.00187634
1217.12,4.16893e+13,0.00187822
1218.33,4.18145e+13,0.0018801
1219.55,4.194e+13,0.00188198
1220.77,4.2066e+13,0.00188386
1221.99,4.21923e+13,0.00188574
1223.21,4.2319e+13,0.00188763
1224.44,4.24461e+13,0.00188952
1225.66,4.25735e+13,0.00189141
1226.89,4.27014e+13,0.0018933
1228.11,4.28296e+13,0.00189519
1229.34,4.29582e+13,0.00189709
1230.57,4.30873e+13,0.00189898
1231.8,4.32166e+13,0.00190088
1233.03,4.33464e+13,0.00190278
1234.27,4.34766e+13,0.00190468
1235.5,4.36072e+13,0.00190659
1236.74,4.37381e+13,0.0019085
1237.97,4.38694e+13,0.0019104
1239.21,4.40012e+13,0.00191232
1240.45,4.41333e+13,0.00191423
1241.69,4.42659e+13,0.00191614
1242.93,4.43988e+13,0.00191806
1244.18,4.45321e+13,0.00191998
1245.42,4.46658e+13,0.0019219
1246.67,4.48e+13,0.00192382
1247.91,4.49345e+13,0.00192574
1249.16,4.50695e+13,0.00192767
1250.41,4.52048e+13,0.00192959
1251.66,4.53405e+13,0.00193152
1252.91,4.54767e+13,0.00193346
1254.16,4.56133e+13,0.00193539
1255.42,4.57502e+13,0.00193732
1256.67,4.58876e+13,0.00193926
1257.93,4.60254e+13,0.0019412
1259.19,4.61636e+13,0.00194314
1260.45,4.63023e+13,0.00194509
1261.71,4.64413e+13,0.00194703
1262.97,4.65808e+13,0.00194898
1264.23,4.67207e+13,0.00195093
1265.5,4.6861e+13,0.00195288
1266.76,4.70017e+13,0.00195483
1268.03,4.71428e+13,0.00195679
1269.3,4.72844e+13,0.00195874
1270.57,4.74264e+13,0.0019607
1271.84,4.75688e+13,0.00196266
1273.11,4.77117e+13,0.00196462
1274.38,4.7855e+13,0.00196659
1275.66,4.79987e+13,0.00196856
1276.93,4.81428e+13,0.00197052
1278.21,4.82874e+13,0.00197249
1279.49,4.84324e+13,0.00197447
1280.77,4.85778e+13,0.00197644
1282.05,4.87237e+13,0.00197842
1283.33,4.887e+13,0.0019804
1284.61,4.90168e+13,0.00198238
1285.9,4.9164e+13,0.00198436
1287.18,4.93116e+13,0.00198634
1288.47,4.94597e+13,0.00198833
1289.76,4.96082e+13,0.00199032
1291.05,4.97572e+13,0.00199231
1292.34,4.99066e+13,0.0019943
1293.63,5.00565e+13,0.0019963
1294.93,5.02068e+13,0.00199829
1296.22,5.03576e+13,0.00200029
1297.52,5.05088e+13,0.00200229
1298.81,5.06605e+13,0.00200429
1300.11,5.08126e+13,0.0020063
1301.41,5.09652e+13,0.0020083
1302.72,5.11183e+13,0.00201031
1304.02,5.12718e+13,0.00201232
1305.32,5.14257e+13,0.00201433
1306.63,5.15802e+13,0.00201635
1307.93,5.17351e+13,0.00201836
1309.24,5.18904e+13,0.00202038
1310.55,5.20462e+13,0.0020224
1311.86,5.22025e+13,0.00202443
1313.17,5.23593e+13,0.00202645
1314.49,5.25165e+13,0.00202848
1315.8,5.26743e+13,0.00203051
1317.12,5.28324e+13,0.00203254
1318.43,5.29911e+13,0.00203457
1319.75,5.31502e+13,0.0020366
1321.07,5.33098e+13,0.00203864
1322.39,5.34699e+13,0.00204068
1323.72,5.36305e+13,0.00204272
1325.04,5.37915e+13,0.00204476
1326.36,5.39531e+13,0.00204681
1327.69,5.41151e+13,0.00204885
1329.02,5.42776e+13,0.0020509
1330.35,5.44406e+13,0.00205295
1331.68,5.46041e+13,0.00205501
1333.01,5.47681e+13,0.00205706
1334.34,5.49325e+13,0.00205912
1335.68,5.50975e+13,0.00206118
1337.01,5.5263e+13,0.00206324
1338.35,5.54289e+13,0.0020653
1339.69,5.55954e+13,0.00206737
1341.03,5.57623e+13,0.00206943
1342.37,5.59298e+13,0.0020715
1343.71,5.60977e+13,0.00207357
1345.05,5.62662e+13,0.00207565
1346.4,5.64352e+13,0.00207772
1347.75,5.66046e+13,0.0020798
1349.09,5.67746e+13,0.00208188
1350.44,5.69451e+13,0.00208396
1351.79,5.71161e+13,0.00208605
1353.15,5.72876e+13,0.00208813
1354.5,5.74597e+13,0.00209022
1355.85,5.76322e+13,0.00209231
1357.21,5.78053e+13,0.0020944
1358.57,5.79789e+13,0.0020965
1359.92,5.8153e+13,0.0020986
1361.28,5.83276e+13,0.00210069
1362.65,5.85028e+13,0.00210279
1364.01,5.86785e+13,0.0021049
1365.37,5.88547e+13,0.002107
1366.74,5.90314e+13,0.00210911
1368.1,5.92087e+13,0.00211122
1369.47,5.93865e+13,0.00211333
1370.84,5.95648e+13,0.00211544
1372.21,5.97437e+13,0.00211756
1373.59,5.99231e+13,0.00211968
1374.96,6.01031e+13,0.0021218
1376.33,6.02836e+13,0.00212392
1377.71,6.04646e+13,0.00212604
1379.09,6.06462e+13,0.00212817
1380.47,6.08283e+13,0.0021303
1381.85,6.10109e+13,0.00213243
1383.23,6.11942e+13,0.00213456
1384.61,6.13779e+13,0.00213669
1386,6.15622e+13,0.00213883
1387.38,6.17471e+13,0.00214097
1388.77,6.19325e+13,0.00214311
1390.16,6.21185e+13,0.00214525
1391.55,6.23051e+13,0.0021474
1392.94,6.24922e+13,0.00214954
1394.33,6.26798e+13,0.00215169
1395.73,6.28681e+13,0.00215385
1397.12,6.30569e+13,0.002156
1398.52,6.32462e+13,0.00215816
1399.92,6.34361e+13,0.00216031
1401.32,6.36266e+13,0.00216247
1402.72,6.38177e+13,0.00216464
1404.12,6.40094e+13,0.0021668
1405.53,6.42016e+13,0.00216897
1406.93,6.43944e+13,0.00217114
1408.34,6.45878e+13,0.00217331
1409.75,6.47817e+13,0.00217548
1411.16,6.49762e+13,0.00217766
1412.57,6.51714e+13,0.00217983
1413.98,6.53671e+13,0.00218201
1415.4,6.55634e+13,0.0021842
1416.81,6.57603e+13,0.00218638
1418.23,6.59577e+13,0.00218857
1419.65,6.61558e+13,0.00219076
1421.07,6.63545e+13,0.00219295
1422.49,6.65537e+13,0.00219514
1423.91,6.67536e+13,0.00219733
1425.33,6.69541e+13,0.00219953
1426.76,6.71551e+13,0.00220173
1428.19,6.73568e+13,0.00220393
1429.61,6.75591e+13,0.00220614
1431.04,6.77619e+13,0.00220834
1432.47,6.79654e+13,0.00221055
1433.91,6.81695e+13,0.00221276
1435.34,6.83743e+13,0.00221498
1436.78,6.85796e+13,0.00221719
1438.21,6.87855e+13,0.00221941
1439.65,6.89921e+13,0.00222163
1441.09,6.91993e+13,0.00222385
1442.53,6.94071e+13,0.00222607
1443.97,6.96155e+13,0.0022283
1445.42,6.98246e+13,0.00223053
1446.86,7.00342e+13,0.00223276
1448.31,7.02446e+13,0.00223499
1449.76,7.04555e+13,0.00223722
1451.21,7.06671e+13,0.00223946
1452.66,7.08793e+13,0.0022417
1454.11,7.10921e+13,0.00224394
1455.57,7.13056e+13,0.00224619
1457.02,7.15198e+13,0.00224843
1458.48,7.17345e+13,0.00225068
1459.94,7.195e+13,0.00225293
1461.4,7.2166e+13,0.00225519
1462.86,7.23827e+13,0.00225744
1464.32,7.26001e+13,0.0022597
1465.79,7.28181e+13,0.00226196
1467.25,7.30368e+13,0.00226422
1468.72,7.32561e+13,0.00226648
1470.19,7.34761e+13,0.00226875
1471.66,7.36968e+13,0.00227102
1473.13,7.39181e+13,0.00227329
1474.6,7.414e+13,0.00227556
1476.08,7.43627e+13,0.00227784
1477.55,7.4586e+13,0.00228012
1479.03,7.481e+13,0.0022824
1480.51,7.50346e+13,0.00228468
1481.99,7.526e+13,0.00228696
1483.47,7.5486e+13,0.00228925
1484.96,7.57127e+13,0.00229154
1486.44,7.594e+13,0.00229383
1487.93,7.61681e+13,0.00229613
1489.42,7.63968e+13,0.00229842
1490.9,7.66262e+13,0.00230072
1492.4,7.68563e+13,0.00230302
1493.89,7.70871e+13,0.00230532
1495.38,7.73186e+13,0.00230763
1496.88,7.75508e+13,0.00230994
1498.37,7.77837e+13,0.00231225
1499.87,7.80173e+13,0.00231456
1501.37,7.82516e+13,0.00231687
1502.87,7.84866e+13,0.00231919
1504.38,7.87223e+13,0.00232151
1505.88,7.89587e+13,0.00232383
1507.39,7.91958e+13,0.00232616
1508.89,7.94336e+13,0.00232848
1510.4,7.96721e+13,0.00233081
1511.91,7.99114e+13,0.00233314
1513.43,8.01514e+13,0.00233547
1514.94,8.03921e+13,0.00233781
1516.45,8.06335e+13,0.00234015
1517.97,8.08756e+13,0.00234249
1519.49,8.11185e+13,0.00234483
1521.01,8.13621e+13,0.00234717
1522.53,8.16064e+13,0.00234952
1524.05,8.18515e+13,0.00235187
1525.58,8.20973e+13,0.00235422
1527.1,8.23438e+13,0.00235658
1528.63,8.25911e+13,0.00235893
1530.16,8.28391e+13,0.00236129
1531.69,8.30879e+13,0.00236365
1533.22,8.33374e+13,0.00236602
1534.75,8.35877e+13,0.00236838
1536.29,8.38387e+13,0.00237075
1537.82,8.40904e+13,0.00237312
1539.36,8.4343e+13,0.0023755
1540.9,8.45962e+13,0.00237787
1542.44,8.48503e+13,0.00238025
1543.98,8.51051e+13,0.00238263
1545.53,8.53607e+13,0.00238501
1547.07,8.5617e+13,0.0023874
1548.62,8.58741e+13,0.00238978
1550.17,8.6132e+13,0.00239217
1551.72,8.63906e+13,0.00239457
1553.27,8.66501e+13,0.00239696
1554.82,8.69103e+13,0.00239936
1556.38,8.71713e+13,0.00240176
1557.93,8.74331e+13,0.00240416
1559.49,8.76956e+13,0.00240656
1561.05,8.7959e+13,0.00240897
1562.61,8.82231e+13,0.00241138
1564.18,8.8488e+13,0.00241379
1565.74,8.87538e+13,0.0024162
1567.31,8.90203e+13,0.00241862
1568.87,8.92876e+13,0.00242104
1570.44,8.95558e+13,0.00242346
1572.01,8.98247e+13,0.00242588
1573.58,9.00944e+13,0.00242831
1575.16,9.0365e+13,0.00243074
1576.73,9.06364e+13,0.00243317
1578.31,9.09085e+13,0.0024356
1579.89,9.11815e+13,0.00243804
1581.47,9.14554e+13,0.00244048
1583.05,9.173e+13,0.00244292
1584.63,9.20055e+13,0.00244536
1586.22,9.22818e+13,0.0024478
1587.8,9.25589e+13,0.00245025
1589.39,9.28368e+13,0.0024527
1590.98,9.31156e+13,0.00245515
1592.57,9.33952e+13,0.00245761
1594.16,9.36757e+13,0.00246007
1595.76,9.3957e+13,0.00246253
1597.35,9.42392e+13,0.00246499
1598.95,9.45222e+13,0.00246745
1600.55,9.4806e+13,0.00246992
1602.15,9.50907e+13,0.00247239
1603.75,9.53763e+13,0.00247486
1605.36,9.56627e+13,0.00247734
1606.96,9.595e+13,0.00247982
1608.57,9.62381e+13,0.0024823
1610.18,9.65271e+13,0.00248478
1611.79,9.6817e+13,0.00248726
1613.4,9.71077e+13,0.00248975
1615.01,9.73993e+13,0.00249224
1616.63,9.76918e+13,0.00249473
1618.24,9.79852e+13,0.00249723
1619.86,9.82794e+13,0.00249972
1621.48,9.85746e+13,0.00250222
1623.1,9.88706e+13,0.00250473
1624.73,9.91675e+13,0.00250723
1626.35,9.94653e+13,0.00250974
1627.98,9.9764e+13,0.00251225
1629.61,1.00064e+14,0.00251476
1631.24,1.00364e+14,0.00251728
1632.87,1.00665e+14,0.00251979
1634.5,1.00968e+14,0.00252231
1636.13,1.01271e+14,0.00252484
1637.77,1.01575e+14,0.00252736
1639.41,1.0188e+14,0.00252989
1641.05,1.02186e+14,0.00253242
1642.69,1.02493e+14,0.00253495
1644.33,1.02801e+14,0.00253748
1645.98,1.03109e+14,0.00254002
1647.62,1.03419e+14,0.00254256
1649.27,1.0373e+14,0.0025451
1650.92,1.04041e+14,0.00254765
1652.57,1.04354e+14,0.0025502
1654.22,1.04667e+14,0.00255275
1655.88,1.04981e+14,0.0025553
1657.53,1.05297e+14,0.00255786
1659.19,1.05613e+14,0.00256041
1660.85,1.0593e+14,0.00256297
1662.51,1.06248e+14,0.00256554
1664.17,1.06567e+14,0.0025681
1665.84,1.06887e+14,0.00257067
1667.5,1.07208e+14,0.00257324
1669.17,1.0753e+14,0.00257581
1670.84,1.07853e+14,0.00257839
1672.51,1.08177e+14,0.00258097
1674.18,1.08502e+14,0.00258355
1675.86,1.08827e+14,0.00258613
1677.53,1.09154e+14,0.00258872
1679.21,1.09482e+14,0.00259131
1680.89,1.09811e+14,0.0025939
1682.57,1.10141e+14,0.00259649
1684.25,1.10471e+14,0.00259909
1685.94,1.10803e+14,0.00260169
1687.62,1.11136e+14,0.00260429
1689.31,1.1147e+14,0.00260689
1691,1.11804e+14,0.0026095
1692.69,1.1214e+14,0.00261211
1694.38,1.12477e+14,0.00261472
1696.08,1.12815e+14,0.00261734
1697.77,1.13153e+14,0.00261996
1699.47,1.13493e+14,0.00262258
1701.17,1.13834e+14,0.0026252
1702.87,1.14176e+14,0.00262782
1704.58,1.14519e+14,0.00263045
1706.28,1.14863e+14,0.00263308
1707.99,1.15208e+14,0.00263571
1709.69,1.15554e+14,0.00263835
1711.4,1.15901e+14,0.00264099
1713.12,1.16249e+14,0.00264363
1714.83,1.16598e+14,0.00264627
1716.54,1.16948e+14,0.00264892
1718.26,1.17299e+14,0.00265157
1719.98,1.17651e+14,0.00265422
1721.7,1.18005e+14,0.00265687
1723.42,1.18359e+14,0.00265953
1725.14,1.18714e+14,0.00266219
1726.87,1.19071e+14,0.00266485
1728.6,1.19428e+14,0.00266752
1730.32,1.19787e+14,0.00267018
1732.05,1.20147e+14,0.00267286
1733.79,1.20508e+14,0.00267553
1735.52,1.2087e+14,0.0026782
1737.26,1.21232e+14,0.00268088
1738.99,1.21597e+14,0.00268356
1740.73,1.21962e+14,0.00268625
1742.47,1.22328e+14,0.00268893
1744.22,1.22695e+14,0.00269162
1745.96,1.23064e+14,0.00269431
1747.71,1.23433e+14,0.00269701
1749.45,1.23804e+14,0.0026997
1751.2,1.24176e+14,0.0027024
1752.95,1.24549e+14,0.00270511
1754.71,1.24923e+14,0.00270781
1756.46,1.25298e+14,0.00271052
1758.22,1.25674e+14,0.00271323
1759.98,1.26051e+14,0.00271594
1761.74,1.2643e+14,0.00271866
1763.5,1.2681e+14,0.00272138
1765.26,1.27191e+14,0.0027241
1767.03,1.27572e+14,0.00272682
1768.79,1.27956e+14,0.00272955
1770.56,1.2834e+14,0.00273228
1772.33,1.28725e+14,0.00273501
1774.11,1.29112e+14,0.00273775
1775.88,1.295e+14,0.00274048
1777.66,1.29888e+14,0.00274323
1779.43,1.30278e+14,0.00274597
1781.21,1.3067e+14,0.00274871
1782.99,1.31062e+14,0.00275146
1784.78,1.31456e+14,0.00275421
1786.56,1.3185e+14,0.00275697
1788.35,1.32246e+14,0.00275973
1790.14,1.32643e+14,0.00276249
1791.93,1.33042e+14,0.00276525
1793.72,1.33441e+14,0.00276801
1795.51,1.33842e+14,0.00277078
1797.31,1.34244e+14,0.00277355
1799.1,1.34647e+14,0.00277633
1800.9,1.35051e+14,0.0027791
1802.7,1.35457e+14,0.00278188
1804.51,1.35864e+14,0.00278466
1806.31,1.36272e+14,0.00278745
1808.12,1.36681e+14,0.00279023
1809.93,1.37091e+14,0.00279303
1811.74,1.37503e+14,0.00279582
1813.55,1.37916e+14,0.00279861
1815.36,1.3833e+14,0.00280141
1817.18,1.38746e+14,0.00280421
1818.99,1.39162e+14,0.00280702
1820.81,1.3958e+14,0.00280983
1822.63,1.39999e+14,0.00281263
1824.46,1.4042e+14,0.00281545
1826.28,1.40841e+14,0.00281826
1828.11,1.41264e+14,0.00282108
1829.94,1.41689e+14,0.0028239
1831.77,1.42114e+14,0.00282673
1833.6,1.42541e+14,0.00282955
1835.43,1.42969e+14,0.00283238
1837.27,1.43398e+14,0.00283521
1839.1,1.43829e+14,0.00283805
1840.94,1.44261e+14,0.00284089
1842.78,1.44694e+14,0.00284373
1844.63,1.45129e+14,0.00284657
1846.47,1.45564e+14,0.00284942
1848.32,1.46002e+14,0.00285227
1850.17,1.4644e+14,0.00285512
1852.02,1.4688e+14,0.00285798
1853.87,1.47321e+14,0.00286083
1855.72,1.47763e+14,0.0028637
1857.58,1.48207e+14,0.00286656
1859.44,1.48652e+14,0.00286943
1861.29,1.49098e+14,0.00287229
1863.16,1.49546e+14,0.00287517
1865.02,1.49995e+14,0.00287804
1866.88,1.50446e+14,0.00288092
1868.75,1.50897e+14,0.0028838
1870.62,1.51351e+14,0.00288668
1872.49,1.51805e+14,0.00288957
1874.36,1.52261e+14,0.00289246
1876.24,1.52718e+14,0.00289535
1878.11,1.53177e+14,0.00289825
1879.99,1.53637e+14,0.00290115
1881.87,1.54098e+14,0.00290405
1883.75,1.54561e+14,0.00290695
1885.64,1.55025e+14,0.00290986
1887.52,1.55491e+14,0.00291277
1889.41,1.55958e+14,0.00291568
1891.3,1.56426e+14,0.0029186
1893.19,1.56896e+14,0.00292152
1895.08,1.57367e+14,0.00292444
1896.98,1.57839e+14,0.00292736
1898.88,1.58313e+14,0.00293029
1900.78,1.58789e+14,0.00293322
1902.68,1.59266e+14,0.00293615
1904.58,1.59744e+14,0.00293909
1906.48,1.60224e+14,0.00294203
1908.39,1.60705e+14,0.00294497
1910.3,1.61187e+14,0.00294792
1912.21,1.61671e+14,0.00295086
1914.12,1.62157e+14,0.00295381
1916.03,1.62644e+14,0.00295677
1917.95,1.63132e+14,0.00295972
1919.87,1.63622e+14,0.00296268
1921.79,1.64114e+14,0.00296565
1923.71,1.64606e+14,0.00296861
1925.63,1.65101e+14,0.00297158
1927.56,1.65597e+14,0.00297455
1929.49,1.66094e+14,0.00297753
1931.42,1.66593e+14,0.00298051
1933.35,1.67093e+14,0.00298349
1935.28,1.67595e+14,0.00298647
1937.22,1.68098e+14,0.00298946
1939.15,1.68603e+14,0.00299245
1941.09,1.69109e+14,0.00299544
1943.03,1.69617e+14,0.00299843
1944.98,1.70126e+14,0.00300143
1946.92,1.70637e+14,0.00300443
1948.87,1.7115e+14,0.00300744
1950.82,1.71663e+14,0.00301044
1952.77,1.72179e+14,0.00301346
1954.72,1.72696e+14,0.00301647
1956.68,1.73215e+14,0.00301948
1958.63,1.73735e+14,0.0030225
1960.59,1.74257e+14,0.00302553
1962.55,1.7478e+14,0.00302855
1964.51,1.75305e+14,0.00303158
1966.48,1.75831e+14,0.00303461
1968.45,1.76359e+14,0.00303765
1970.41,1.76889e+14,0.00304068
1972.38,1.7742e+14,0.00304373
1974.36,1.77953e+14,0.00304677
1976.33,1.78487e+14,0.00304982
1978.31,1.79023e+14,0.00305287
1980.29,1.79561e+14,0.00305592
1982.27,1.801e+14,0.00305897
1984.25,1.80641e+14,0.00306203
1986.23,1.81183e+14,0.0030651
1988.22,1.81727e+14,0.00306816
1990.21,1.82273e+14,0.00307123
1992.2,1.8282e+14,0.0030743
1994.19,1.83369e+14,0.00307737
1996.18,1.8392e+14,0.00308045
1998.18,1.84472e+14,0.00308353
2000.18,1.85026e+14,0.00308662
2002.18,1.85582e+14,0.0030897
2004.18,1.86139e+14,0.00309279
2006.18,1.86698e+14,0.00309588
2008.19,1.87259e+14,0.00309898
2010.2,1.87821e+14,0.00310208
2012.21,1.88385e+14,0.00310518
2014.22,1.88951e+14,0.00310829
2016.24,1.89519e+14,0.0031114
2018.25,1.90088e+14,0.00311451
2020.27,1.90658e+14,0.00311762
2022.29,1.91231e+14,0.00312074
2024.31,1.91805e+14,0.00312386
2026.34,1.92381e+14,0.00312698
2028.36,1.92959e+14,0.00313011
2030.39,1.93538e+14,0.00313324
2032.42,1.9412e+14,0.00313637
2034.45,1.94703e+14,0.00313951
2036.49,1.95287e+14,0.00314265
2038.53,1.95874e+14,0.00314579
2040.56,1.96462e+14,0.00314894
2042.6,1.97052e+14,0.00315209
2044.65,1.97644e+14,0.00315524
2046.69,1.98237e+14,0.00315839
2048.74,1.98832e+14,0.00316155
2050.79,1.9943e+14,0.00316471
2052.84,2.00028e+14,0.00316788
2054.89,2.00629e+14,0.00317105
2056.95,2.01232e+14,0.00317422
2059,2.01836e+14,0.00317739
2061.06,2.02442e+14,0.00318057
2063.12,2.0305e+14,0.00318375
2065.19,2.0366e+14,0.00318693
2067.25,2.04271e+14,0.00319012
2069.32,2.04885e+14,0.00319331
2071.39,2.055e+14,0.0031965
2073.46,2.06117e+14,0.0031997
2075.53,2.06736e+14,0.0032029
2077.61,2.07357e+14,0.0032061
2079.69,2.0798e+14,0.00320931
2081.77,2.08604e+14,0.00321252
2083.85,2.09231e+14,0.00321573
2085.93,2.09859e+14,0.00321895
2088.02,2.10489e+14,0.00322217
2090.1,2.11121e+14,0.00322539
2092.2,2.11755e+14,0.00322861
2094.29,2.12391e+14,0.00323184
2096.38,2.13029e+14,0.00323507
2098.48,2.13669e+14,0.00323831
2100.58,2.1431e+14,0.00324155
2102.68,2.14954e+14,0.00324479
2104.78,2.15599e+14,0.00324803
2106.88,2.16247e+14,0.00325128
2108.99,2.16896e+14,0.00325453
2111.1,2.17548e+14,0.00325779
2113.21,2.18201e+14,0.00326105
2115.32,2.18856e+14,0.00326431
2117.44,2.19513e+14,0.00326757
2119.56,2.20173e+14,0.00327084
2121.68,2.20834e+14,0.00327411
2123.8,2.21497e+14,0.00327738
2125.92,2.22162e+14,0.00328066
2128.05,2.22829e+14,0.00328394
2130.18,2.23498e+14,0.00328723
2132.31,2.2417e+14,0.00329051
2134.44,2.24843e+14,0.0032938
2136.57,2.25518e+14,0.0032971
2138.71,2.26195e+14,0.00330039
2140.85,2.26874e+14,0.00330369
2142.99,2.27556e+14,0.003307
2145.13,2.28239e+14,0.0033103
2147.28,2.28924e+14,0.00331362
2149.42,2.29612e+14,0.00331693
2151.57,2.30301e+14,0.00332025
2153.73,2.30993e+14,0.00332357
2155.88,2.31687e+14,0.00332689
2158.04,2.32383e+14,0.00333022
2160.19,2.3308e+14,0.00333355
2162.35,2.3378e+14,0.00333688
2164.52,2.34482e+14,0.00334022
2166.68,2.35186e+14,0.00334356
2168.85,2.35893e+14,0.0033469
2171.02,2.36601e+14,0.00335025
2173.19,2.37312e+14,0.0033536
2175.36,2.38024e+14,0.00335695
2177.54,2.38739e+14,0.00336031
2179.71,2.39456e+14,0.00336367
2181.89,2.40175e+14,0.00336703
2184.07,2.40896e+14,0.0033704
2186.26,2.4162e+14,0.00337377
2188.45,2.42345e+14,0.00337714
2190.63,2.43073e+14,0.00338052
2192.82,2.43803e+14,0.0033839
2195.02,2.44535e+14,0.00338729
2197.21,2.4527e+14,0.00339067
2199.41,2.46006e+14,0.00339406
2201.61,2.46745e+14,0.00339746
2203.81,2.47486e+14,0.00340085
2206.01,2.48229e+14,0.00340426
2208.22,2.48974e+14,0.00340766
2210.43,2.49722e+14,0.00341107
2212.64,2.50472e+14,0.00341448
2214.85,2.51224e+14,0.00341789
2217.07,2.51979e+14,0.00342131
2219.28,2.52735e+14,0.00342473
2221.5,2.53494e+14,0.00342816
2223.72,2.54256e+14,0.00343159
2225.95,2.55019e+14,0.00343502
2228.17,2.55785e+14,0.00343845
2230.4,2.56553e+14,0.00344189
2232.63,2.57323e+14,0.00344533
2234.86,2.58096e+14,0.00344878
2237.1,2.58871e+14,0.00345223
2239.34,2.59649e+14,0.00345568
2241.58,2.60428e+14,0.00345913
2243.82,2.6121e+14,0.00346259
2246.06,2.61995e+14,0.00346606
2248.31,2.62782e+14,0.00346952
2250.56,2.63571e+14,0.00347299
2252.81,2.64362e+14,0.00347646
2255.06,2.65156e+14,0.00347994
2257.31,2.65952e+14,0.00348342
2259.57,2.66751e+14,0.0034869
2261.83,2.67552e+14,0.00349039
2264.09,2.68356e+14,0.00349388
2266.36,2.69161e+14,0.00349738
2268.62,2.6997e+14,0.00350087
2270.89,2.7078e+14,0.00350437
2273.16,2.71594e+14,0.00350788
2275.44,2.72409e+14,0.00351139
2277.71,2.73227e+14,0.0035149
2279.99,2.74048e+14,0.00351841
2282.27,2.74871e+14,0.00352193
2284.55,2.75696e+14,0.00352545
2286.84,2.76524e+14,0.00352898
2289.12,2.77354e+14,0.00353251
2291.41,2.78187e+14,0.00353604
2293.7,2.79023e+14,0.00353958
2296,2.79861e+14,0.00354312
2298.29,2.80701e+14,0.00354666
2300.59,2.81544e+14,0.0035502
2302.89,2.82389e+14,0.00355376
2305.2,2.83238e+14,0.00355731
2307.5,2.84088e+14,0.00356087
2309.81,2.84941e+14,0.00356443
2312.12,2.85797e+14,0.00356799
2314.43,2.86655e+14,0.00357156
2316.74,2.87516e+14,0.00357513
2319.06,2.88379e+14,0.00357871
2321.38,2.89245e+14,0.00358228
2323.7,2.90114e+14,0.00358587
2326.03,2.90985e+14,0.00358945
2328.35,2.91859e+14,0.00359304
2330.68,2.92735e+14,0.00359664
2333.01,2.93615e+14,0.00360023
2335.34,2.94496e+14,0.00360383
2337.68,2.95381e+14,0.00360744
2340.02,2.96268e+14,0.00361104
2342.36,2.97157e+14,0.00361465
2344.7,2.9805e+14,0.00361827
2347.04,2.98945e+14,0.00362189
2349.39,2.99842e+14,0.00362551
2351.74,3.00743e+14,0.00362914
2354.09,3.01646e+14,0.00363276
2356.45,3.02552e+14,0.0036364
2358.8,3.0346e+14,0.00364003
2361.16,3.04372e+14,0.00364367
2363.52,3.05286e+14,0.00364732
2365.89,3.06203e+14,0.00365096
2368.25,3.07122e+14,0.00365462
2370.62,3.08044e+14,0.00365827
2372.99,3.08969e+14,0.00366193
2375.36,3.09897e+14,0.00366559
2377.74,3.10828e+14,0.00366926
2380.12,3.11761e+14,0.00367293
2382.5,3.12698e+14,0.0036766
2384.88,3.13637e+14,0.00368027
2387.26,3.14578e+14,0.00368395
2389.65,3.15523e+14,0.00368764
2392.04,3.16471e+14,0.00369133
2394.43,3.17421e+14,0.00369502
2396.83,3.18374e+14,0.00369871
2399.22,3.1933e+14,0.00370241
2401.62,3.20289e+14,0.00370611
2404.02,3.21251e+14,0.00370982
2406.43,3.22216e+14,0.00371353
2408.84,3.23183e+14,0.00371724
2411.24,3.24154e+14,0.00372096
2413.66,3.25127e+14,0.00372468
2416.07,3.26104e+14,0.00372841
2418.49,3.27083e+14,0.00373213
2420.9,3.28065e+14,0.00373587
2423.32,3.2905e+14,0.0037396
2425.75,3.30039e+14,0.00374334
2428.17,3.3103e+14,0.00374709
2430.6,3.32024e+14,0.00375083
2433.03,3.33021e+14,0.00375458
2435.47,3.34021e+14,0.00375834
2437.9,3.35024e+14,0.0037621
2440.34,3.3603e+14,0.00376586
2442.78,3.37039e+14,0.00376962
2445.22,3.38051e+14,0.00377339
2447.67,3.39066e+14,0.00377717
2450.11,3.40085e+14,0.00378094
2452.56,3.41106e+14,0.00378473
2455.02,3.4213e+14,0.00378851
2457.47,3.43158e+14,0.0037923
2459.93,3.44188e+14,0.00379609
2462.39,3.45222e+14,0.00379989
2464.85,3.46258e+14,0.00380369
2467.32,3.47298e+14,0.00380749
2469.78,3.48341e+14,0.0038113
2472.25,3.49387e+14,0.00381511
2474.73,3.50436e+14,0.00381892
2477.2,3.51489e+14,0.00382274
2479.68,3.52544e+14,0.00382657
2482.16,3.53603e+14,0.00383039
2484.64,3.54665e+14,0.00383422
2487.12,3.5573e+14,0.00383806
2489.61,3.56798e+14,0.0038419
2492.1,3.5787e+14,0.00384574
2494.59,3.58944e+14,0.00384958
2497.09,3.60022e+14,0.00385343
2499.59,3.61103e+14,0.00385729
2502.08,3.62188e+14,0.00386114
2504.59,3.63275e+14,0.003865
2507.09,3.64366e+14,0.00386887
2509.6,3.65461e+14,0.00387274
2512.11,3.66558e+14,0.00387661
2514.62,3.67659e+14,0.00388049
2517.14,3.68763e+14,0.00388437
2519.65,3.6987e+14,0.00388825
2522.17,3.70981e+14,0.00389214
2524.69,3.72095e+14,0.00389603
2527.22,3.73212e+14,0.00389993
2529.75,3.74333e+14,0.00390383
2532.28,3.75457e+14,0.00390773
2534.81,3.76585e+14,0.00391164
2537.34,3.77716e+14,0.00391555
2539.88,3.7885e+14,0.00391947
2542.42,3.79988e+14,0.00392339
2544.96,3.81129e+14,0.00392731
2547.51,3.82273e+14,0.00393124
2550.05,3.83421e+14,0.00393517
2552.6,3.84573e+14,0.0039391
2555.16,3.85728e+14,0.00394304
2557.71,3.86886e+14,0.00394699
2560.27,3.88048e+14,0.00395093
2562.83,3.89213e+14,0.00395488
2565.39,3.90382e+14,0.00395884
2567.96,3.91554e+14,0.0039628
2570.53,3.9273e+14,0.00396676
2573.1,3.93909e+14,0.00397073
2575.67,3.95092e+14,0.0039747
2578.25,3.96279e+14,0.00397867
2580.82,3.97469e+14,0.00398265
2583.41,3.98662e+14,0.00398663
2585.99,3.9986e+14,0.00399062
2588.57,4.0106e+14,0.00399461
2591.16,4.02265e+14,0.00399861
2593.75,4.03473e+14,0.0040026
2596.35,4.04684e+14,0.00400661
2598.94,4.059e+14,0.00401061
2601.54,4.07119e+14,0.00401462
2604.14,4.08341e+14,0.00401864
2606.75,4.09567e+14,0.00402266
2609.36,4.10797e+14,0.00402668
2611.97,4.12031e+14,0.00403071
2614.58,4.13268e+14,0.00403474
2617.19,4.14509e+14,0.00403877
2619.81,4.15754e+14,0.00404281
2622.43,4.17003e+14,0.00404685
2625.05,4.18255e+14,0.0040509
2627.68,4.19511e+14,0.00405495
2630.3,4.20771e+14,0.00405901
2632.93,4.22034e+14,0.00406307
2635.57,4.23302e+14,0.00406713
2638.2,4.24573e+14,0.0040712
2640.84,4.25848e+14,0.00407527
2643.48,4.27127e+14,0.00407934
2646.13,4.28409e+14,0.00408342
2648.77,4.29696e+14,0.00408751
2651.42,4.30986e+14,0.00409159
2654.07,4.3228e+14,0.00409568
2656.73,4.33579e+14,0.00409978
2659.38,4.34881e+14,0.00410388
2662.04,4.36187e+14,0.00410798
2664.7,4.37496e+14,0.00411209
2667.37,4.3881e+14,0.0041162
2670.04,4.40128e+14,0.00412032
2672.71,4.4145e+14,0.00412444
2675.38,4.42775e+14,0.00412856
2678.05,4.44105e+14,0.00413269
2680.73,4.45439e+14,0.00413683
2683.41,4.46776e+14,0.00414096
2686.1,4.48118e+14,0.0041451
2688.78,4.49464e+14,0.00414925
2691.47,4.50813e+14,0.0041534
2694.16,4.52167e+14,0.00415755
2696.86,4.53525e+14,0.00416171
2699.55,4.54887e+14,0.00416587
2702.25,4.56253e+14,0.00417004
2704.96,4.57623e+14,0.00417421
2707.66,4.58997e+14,0.00417838
2710.37,4.60376e+14,0.00418256
2713.08,4.61758e+14,0.00418674
2715.79,4.63145e+14,0.00419093
2718.51,4.64536e+14,0.00419512
2721.23,4.65931e+14,0.00419931
2723.95,4.6733e+14,0.00420351
2726.67,4.68733e+14,0.00420772
2729.4,4.70141e+14,0.00421193
2732.13,4.71553e+14,0.00421614
2734.86,4.72969e+14,0.00422035
2737.59,4.74389e+14,0.00422457
2740.33,4.75814e+14,0.0042288
2743.07,4.77243e+14,0.00423303
2745.81,4.78676e+14,0.00423726
2748.56,4.80113e+14,0.0042415
2751.31,4.81555e+14,0.00424574
2754.06,4.83001e+14,0.00424998
2756.81,4.84452e+14,0.00425423
2759.57,4.85906e+14,0.00425849
2762.33,4.87366e+14,0.00426275
2765.09,4.88829e+14,0.00426701
2767.86,4.90297e+14,0.00427128
2770.63,4.91769e+14,0.00427555
2773.4,4.93246e+14,0.00427982
2776.17,4.94727e+14,0.0042841
2778.95,4.96213e+14,0.00428839
2781.73,4.97703e+14,0.00429268
2784.51,4.99198e+14,0.00429697
2787.29,5.00697e+14,0.00430127
2790.08,5.02201e+14,0.00430557
2792.87,5.03709e+14,0.00430987
2795.66,5.05221e+14,0.00431418
2798.46,5.06738e+14,0.0043185
2801.26,5.0826e+14,0.00432282
2804.06,5.09786e+14,0.00432714
2806.86,5.11317e+14,0.00433147
2809.67,5.12853e+14,0.0043358
2812.48,5.14393e+14,0.00434013
2815.29,5.15938e+14,0.00434447
2818.11,5.17487e+14,0.00434882
2820.92,5.19041e+14,0.00435317
2823.74,5.206e+14,0.00435752
2826.57,5.22163e+14,0.00436188
2829.39,5.23731e+14,0.00436624
2832.22,5.25304e+14,0.0043706
2835.06,5.26881e+14,0.00437498
2837.89,5.28464e+14,0.00437935
2840.73,5.30051e+14,0.00438373
2843.57,5.31642e+14,0.00438811
2846.41,5.33239e+14,0.0043925
2849.26,5.3484e+14,0.00439689
2852.11,5.36446e+14,0.00440129
2854.96,5.38057e+14,0.00440569
2857.82,5.39673e+14,0.0044101
2860.67,5.41294e+14,0.00441451
2863.54,5.42919e+14,0.00441892
2866.4,5.4455e+14,0.00442334
2869.26,5.46185e+14,0.00442776
2872.13,5.47825e+14,0.00443219
2875.01,5.4947e+14,0.00443662
2877.88,5.5112e+14,0.00444106
2880.76,5.52775e+14,0.0044455
2883.64,5.54435e+14,0.00444995
2886.52,5.561e+14,0.0044544
2889.41,5.5777e+14,0.00445885
2892.3,5.59445e+14,0.00446331
2895.19,5.61125e+14,0.00446777
2898.09,5.6281e+14,0.00447224
2900.99,5.645e+14,0.00447671
2903.89,5.66196e+14,0.00448119
2906.79,5.67896e+14,0.00448567
2909.7,5.69601e+14,0.00449016
2912.61,5.71312e+14,0.00449465
2915.52,5.73027e+14,0.00449914
2918.43,5.74748e+14,0.00450364
2921.35,5.76474e+14,0.00450815
2924.27,5.78205e+14,0.00451265
2927.2,5.79942e+14,0.00451717
2930.13,5.81683e+14,0.00452168
2933.06,5.8343e+14,0.00452621
2935.99,5.85182e+14,0.00453073
2938.93,5.86939e+14,0.00453526
2941.86,5.88702e+14,0.0045398
2944.81,5.9047e+14,0.00454434
2947.75,5.92243e+14,0.00454888
2950.7,5.94022e+14,0.00455343
2953.65,5.95805e+14,0.00455798
2956.6,5.97595e+14,0.00456254
2959.56,5.99389e+14,0.0045671
2962.52,6.01189e+14,0.00457167
2965.48,6.02994e+14,0.00457624
2968.45,6.04805e+14,0.00458082
2971.42,6.06622e+14,0.0045854
2974.39,6.08443e+14,0.00458999
2977.36,6.1027e+14,0.00459458
2980.34,6.12103e+14,0.00459917
2983.32,6.13941e+14,0.00460377
2986.3,6.15785e+14,0.00460837
2989.29,6.17634e+14,0.00461298
2992.28,6.19489e+14,0.00461759
2995.27,6.21349e+14,0.00462221
2998.27,6.23215e+14,0.00462683
3001.26,6.25087e+14,0.00463146
3004.26,6.26964e+14,0.00463609
3007.27,6.28846e+14,0.00464073
3010.28,6.30735e+14,0.00464537
3013.29,6.32629e+14,0.00465001
3016.3,6.34529e+14,0.00465466
3019.32,6.36434e+14,0.00465932
3022.34,6.38345e+14,0.00466398
3025.36,6.40262e+14,0.00466864
3028.38,6.42185e+14,0.00467331
3031.41,6.44114e+14,0.00467798
3034.44,6.46048e+14,0.00468266
3037.48,6.47988e+14,0.00468735
3040.52,6.49934e+14,0.00469203
3043.56,6.51886e+14,0.00469672
3046.6,6.53843e+14,0.00470142
3049.65,6.55807e+14,0.00470612
3052.7,6.57776e+14,0.00471083
3055.75,6.59751e+14,0.00471554
3058.8,6.61733e+14,0.00472026
3061.86,6.6372e+14,0.00472498
3064.92,6.65713e+14,0.0047297
3067.99,6.67712e+14,0.00473443
3071.06,6.69717e+14,0.00473916
3074.13,6.71728e+14,0.0047439
3077.2,6.73746e+14,0.00474865
3080.28,6.75769e+14,0.0047534
3083.36,6.77798e+14,0.00475815
3086.44,6.79834e+14,0.00476291
3089.53,6.81875e+14,0.00476767
3092.62,6.83923e+14,0.00477244
3095.71,6.85977e+14,0.00477721
3098.81,6.88037e+14,0.00478199
3101.91,6.90103e+14,0.00478677
3105.01,6.92175e+14,0.00479156
3108.11,6.94254e+14,0.00479635
3111.22,6.96339e+14,0.00480115
3114.33,6.9843e+14,0.00480595
3117.45,7.00527e+14,0.00481075
3120.56,7.02631e+14,0.00481556
3123.69,7.04741e+14,0.00482038
3126.81,7.06857e+14,0.0048252
3129.94,7.0898e+14,0.00483002
3133.07,7.11109e+14,0.00483485
3136.2,7.13244e+14,0.00483969
3139.33,7.15386e+14,0.00484453
3142.47,7.17535e+14,0.00484937
3145.62,7.19689e+14,0.00485422
3148.76,7.21851e+14,0.00485908
3151.91,7.24018e+14,0.00486394
3155.06,7.26192e+14,0.0048688
3158.22,7.28373e+14,0.00487367
3161.38,7.30561e+14,0.00487854
3164.54,7.32754e+14,0.00488342
3167.7,7.34955e+14,0.0048883
3170.87,7.37162e+14,0.00489319
3174.04,7.39376e+14,0.00489809
3177.21,7.41596e+14,0.00490298
3180.39,7.43823e+14,0.00490789
3183.57,7.46057e+14,0.00491279
3186.76,7.48297e+14,0.00491771
3189.94,7.50544e+14,0.00492263
3193.13,7.52798e+14,0.00492755
3196.33,7.55059e+14,0.00493248
3199.52,7.57326e+14,0.00493741
3202.72,7.596e+14,0.00494235
3205.92,7.61882e+14,0.00494729
3209.13,7.64169e+14,0.00495223
3212.34,7.66464e+14,0.00495719
3215.55,7.68766e+14,0.00496214
3218.77,7.71075e+14,0.00496711
3221.99,7.7339e+14,0.00497207
3225.21,7.75713e+14,0.00497705
3228.43,7.78042e+14,0.00498202
3231.66,7.80379e+14,0.004987
3234.89,7.82722e+14,0.00499199
3238.13,7.85073e+14,0.00499698
3241.37,7.8743e+14,0.00500198
3244.61,7.89795e+14,0.00500698
3247.85,7.92167e+14,0.00501199
3251.1,7.94545e+14,0.005017
3254.35,7.96931e+14,0.00502202
3257.61,7.99325e+14,0.00502704
3260.86,8.01725e+14,0.00503207
3264.12,8.04133e+14,0.0050371
3267.39,8.06547e+14,0.00504214
3270.66,8.08969e+14,0.00504718
3273.93,8.11399e+14,0.00505223
3277.2,8.13835e+14,0.00505728
3280.48,8.16279e+14,0.00506234
3283.76,8.18731e+14,0.0050674
3287.04,8.21189e+14,0.00507247
3290.33,8.23655e+14,0.00507754
3293.62,8.26129e+14,0.00508262
3296.91,8.2861e+14,0.0050877
3300.21,8.31098e+14,0.00509279
3303.51,8.33594e+14,0.00509788
3306.81,8.36097e+14,0.00510298
3310.12,8.38608e+14,0.00510808
3313.43,8.41126e+14,0.00511319
3316.74,8.43652e+14,0.0051183
3320.06,8.46186e+14,0.00512342
3323.38,8.48727e+14,0.00512854
3326.7,8.51275e+14,0.00513367
3330.03,8.53832e+14,0.0051388
3333.36,8.56396e+14,0.00514394
3336.69,8.58968e+14,0.00514909
3340.03,8.61547e+14,0.00515424
3343.37,8.64134e+14,0.00515939
3346.71,8.66729e+14,0.00516455
3350.06,8.69332e+14,0.00516971
3353.41,8.71943e+14,0.00517488
3356.76,8.74561e+14,0.00518006
3360.12,8.77187e+14,0.00518524
3363.48,8.79822e+14,0.00519042
3366.84,8.82464e+14,0.00519561
3370.21,8.85114e+14,0.00520081
3373.58,8.87772e+14,0.00520601
3376.96,8.90438e+14,0.00521122
3380.33,8.93112e+14,0.00521643
3383.71,8.95794e+14,0.00522164
3387.1,8.98484e+14,0.00522687
3390.48,9.01182e+14,0.00523209
3393.87,9.03888e+14,0.00523733
3397.27,9.06603e+14,0.00524256
3400.66,9.09325e+14,0.00524781
3404.07,9.12056e+14,0.00525305
3407.47,9.14795e+14,0.00525831
3410.88,9.17542e+14,0.00526356
3414.29,9.20297e+14,0.00526883
3417.7,9.23061e+14,0.0052741
3421.12,9.25833e+14,0.00527937
3424.54,9.28613e+14,0.00528465
3427.97,9.31402e+14,0.00528994
3431.39,9.34199e+14,0.00529522
3434.82,9.37004e+14,0.00530052
3438.26,9.39818e+14,0.00530582
3441.7,9.4264e+14,0.00531113
3445.14,9.45471e+14,0.00531644
3448.58,9.4831e+14,0.00532175
3452.03,9.51158e+14,0.00532708
3455.49,9.54014e+14,0.0053324
3458.94,9.56879e+14,0.00533774
3462.4,9.59753e+14,0.00534307
3465.86,9.62635e+14,0.00534842
3469.33,9.65526e+14,0.00535376
3472.8,9.68425e+14,0.00535912
3476.27,9.71333e+14,0.00536448
3479.75,9.7425e+14,0.00536984
3483.23,9.77176e+14,0.00537521
3486.71,9.8011e+14,0.00538059
3490.2,9.83054e+14,0.00538597
3493.69,9.86006e+14,0.00539135
3497.18,9.88967e+14,0.00539674
3500.68,9.91937e+14,0.00540214
3504.18,9.94915e+14,0.00540754
3507.68,9.97903e+14,0.00541295
3511.19,1.0009e+15,0.00541836
3514.7,1.00391e+15,0.00542378
3518.22,1.00692e+15,0.00542921
3521.73,1.00994e+15,0.00543464
3525.26,1.01298e+15,0.00544007
3528.78,1.01602e+15,0.00544551
3532.31,1.01907e+15,0.00545096
3535.84,1.02213e+15,0.00545641
3539.38,1.0252e+15,0.00546186
3542.92,1.02828e+15,0.00546733
3546.46,1.03137e+15,0.00547279
3550.01,1.03446e+15,0.00547827
3553.56,1.03757e+15,0.00548374
3557.11,1.04069e+15,0.00548923
3560.67,1.04381e+15,0.00549472
3564.23,1.04695e+15,0.00550021
3567.79,1.05009e+15,0.00550571
3571.36,1.05324e+15,0.00551122
3574.93,1.05641e+15,0.00551673
3578.51,1.05958e+15,0.00552225
3582.08,1.06276e+15,0.00552777
3585.67,1.06595e+15,0.0055333
3589.25,1.06915e+15,0.00553883
3592.84,1.07236e+15,0.00554437
3596.43,1.07558e+15,0.00554991
3600.03,1.07881e+15,0.00555546
3603.63,1.08205e+15,0.00556102
3607.23,1.0853e+15,0.00556658
3610.84,1.08856e+15,0.00557214
3614.45,1.09183e+15,0.00557772
3618.07,1.09511e+15,0.00558329
3621.69,1.0984e+15,0.00558888
3625.31,1.1017e+15,0.00559447
3628.93,1.10501e+15,0.00560006
3632.56,1.10832e+15,0.00560566
3636.19,1.11165e+15,0.00561127
3639.83,1.11499e+15,0.00561688
3643.47,1.11834e+15,0.00562249
3647.11,1.1217e+15,0.00562812
3650.76,1.12507e+15,0.00563375
3654.41,1.12844e+15,0.00563938
3658.07,1.13183e+15,0.00564502
3661.72,1.13523e+15,0.00565066
3665.39,1.13864e+15,0.00565631
3669.05,1.14206e+15,0.00566197
3672.72,1.14549e+15,0.00566763
3676.39,1.14893e+15,0.0056733
3680.07,1.15238e+15,0.00567897
3683.75,1.15584e+15,0.00568465
3687.43,1.15931e+15,0.00569034
3691.12,1.16279e+15,0.00569603
3694.81,1.16628e+15,0.00570172
3698.51,1.16979e+15,0.00570743
3702.2,1.1733e+15,0.00571313
3705.91,1.17682e+15,0.00571885
3709.61,1.18036e+15,0.00572456
3713.32,1.1839e+15,0.00573029
3717.04,1.18746e+15,0.00573602
3720.75,1.19102e+15,0.00574176
3724.47,1.1946e+15,0.0057475
3728.2,1.19819e+15,0.00575324
3731.93,1.20179e+15,0.005759
3735.66,1.20539e+15,0.00576476
3739.39,1.20901e+15,0.00577052
3743.13,1.21264e+15,0.00577629
3746.88,1.21629e+15,0.00578207
3750.62,1.21994e+15,0.00578785
3754.37,1.2236e+15,0.00579364
3758.13,1.22728e+15,0.00579943
3761.89,1.23096e+15,0.00580523
3765.65,1.23466e+15,0.00581104
3769.41,1.23837e+15,0.00581685
3773.18,1.24209e+15,0.00582266
3776.96,1.24582e+15,0.00582849
3780.73,1.24956e+15,0.00583432
3784.51,1.25331e+15,0.00584015
3788.3,1.25707e+15,0.00584599
3792.09,1.26085e+15,0.00585184
3795.88,1.26463e+15,0.00585769
3799.67,1.26843e+15,0.00586355
3803.47,1.27224e+15,0.00586941
3807.28,1.27606e+15,0.00587528
3811.09,1.27989e+15,0.00588115
3814.9,1.28374e+15,0.00588704
3818.71,1.28759e+15,0.00589292
3822.53,1.29146e+15,0.00589882
3826.35,1.29534e+15,0.00590471
3830.18,1.29923e+15,0.00591062
3834.01,1.30313e+15,0.00591653
3837.84,1.30704e+15,0.00592245
3841.68,1.31097e+15,0.00592837
3845.52,1.3149e+15,0.0059343
3849.37,1.31885e+15,0.00594023
3853.22,1.32281e+15,0.00594617
3857.07,1.32678e+15,0.00595212
3860.93,1.33077e+15,0.00595807
3864.79,1.33477e+15,0.00596403
3868.65,1.33877e+15,0.00596999
3872.52,1.34279e+15,0.00597596
3876.39,1.34683e+15,0.00598194
3880.27,1.35087e+15,0.00598792
3884.15,1.35493e+15,0.00599391
3888.04,1.359e+15,0.0059999
3891.92,1.36308e+15,0.0060059
3895.82,1.36717e+15,0.00601191
3899.71,1.37128e+15,0.00601792
3903.61,1.37539e+15,0.00602394
3907.51,1.37952e+15,0.00602996
3911.42,1.38367e+15,0.00603599
3915.33,1.38782e+15,0.00604203
3919.25,1.39199e+15,0.00604807
3923.17,1.39617e+15,0.00605412
3927.09,1.40036e+15,0.00606017
3931.02,1.40457e+15,0.00606623
3934.95,1.40879e+15,0.0060723
3938.88,1.41302e+15,0.00607837
3942.82,1.41726e+15,0.00608445
3946.77,1.42152e+15,0.00609053
3950.71,1.42579e+15,0.00609662
3954.66,1.43007e+15,0.00610272
3958.62,1.43436e+15,0.00610882
3962.58,1.43867e+15,0.00611493
3966.54,1.44299e+15,0.00612105
3970.51,1.44732e+15,0.00612717
3974.48,1.45167e+15,0.00613329
3978.45,1.45603e+15,0.00613943
3982.43,1.4604e+15,0.00614557
3986.41,1.46479e+15,0.00615171
3990.4,1.46918e+15,0.00615786
3994.39,1.4736e+15,0.00616402
3998.38,1.47802e+15,0.00617019
4002.38,1.48246e+15,0.00617636
4006.38,1.48691e+15,0.00618253
4010.39,1.49138e+15,0.00618872
4014.4,1.49586e+15,0.0061949
4018.41,1.50035e+15,0.0062011
4022.43,1.50485e+15,0.0062073
4026.46,1.50937e+15,0.00621351
4030.48,1.51391e+15,0.00621972
4034.51,1.51845e+15,0.00622594
4038.55,1.52301e+15,0.00623217
4042.59,1.52759e+15,0.0062384
4046.63,1.53217e+15,0.00624464
4050.67,1.53677e+15,0.00625088
4054.73,1.54139e+15,0.00625713
4058.78,1.54602e+15,0.00626339
4062.84,1.55066e+15,0.00626965
4066.9,1.55532e+15,0.00627592
4070.97,1.55999e+15,0.0062822
4075.04,1.56467e+15,0.00628848
4079.11,1.56937e+15,0.00629477
4083.19,1.57408e+15,0.00630106
4087.28,1.57881e+15,0.00630737
4091.36,1.58355e+15,0.00631367
4095.46,1.58831e+15,0.00631999
4099.55,1.59308e+15,0.00632631
4103.65,1.59786e+15,0.00633263
4107.75,1.60266e+15,0.00633897
4111.86,1.60747e+15,0.0063453
4115.97,1.6123e+15,0.00635165
4120.09,1.61714e+15,0.006358
4124.21,1.622e+15,0.00636436
4128.33,1.62687e+15,0.00637072
4132.46,1.63175e+15,0.00637709
4136.6,1.63665e+15,0.00638347
4140.73,1.64157e+15,0.00638985
4144.87,1.6465e+15,0.00639624
4149.02,1.65144e+15,0.00640264
4153.17,1.6564e+15,0.00640904
4157.32,1.66138e+15,0.00641545
4161.48,1.66636e+15,0.00642187
4165.64,1.67137e+15,0.00642829
4169.8,1.67639e+15,0.00643472
4173.97,1.68142e+15,0.00644115
4178.15,1.68647e+15,0.00644759
4182.33,1.69154e+15,0.00645404
4186.51,1.69662e+15,0.0064605
4190.69,1.70171e+15,0.00646696
4194.89,1.70682e+15,0.00647342
4199.08,1.71195e+15,0.0064799
4203.28,1.71709e+15,0.00648638
4207.48,1.72224e+15,0.00649286
4211.69,1.72742e+15,0.00649936
4215.9,1.7326e+15,0.00650585
4220.12,1.73781e+15,0.00651236
4224.34,1.74303e+15,0.00651887
4228.56,1.74826e+15,0.00652539
4232.79,1.75351e+15,0.00653192
4237.02,1.75878e+15,0.00653845
4241.26,1.76406e+15,0.00654499
4245.5,1.76935e+15,0.00655153
4249.75,1.77467e+15,0.00655808
4254,1.78e+15,0.00656464
4258.25,1.78534e+15,0.00657121
4262.51,1.7907e+15,0.00657778
4266.77,1.79608e+15,0.00658436
4271.04,1.80147e+15,0.00659094
4275.31,1.80688e+15,0.00659753
4279.58,1.81231e+15,0.00660413
4283.86,1.81775e+15,0.00661073
4288.15,1.82321e+15,0.00661734
4292.44,1.82869e+15,0.00662396
4296.73,1.83418e+15,0.00663059
4301.03,1.83969e+15,0.00663722
4305.33,1.84521e+15,0.00664385
4309.63,1.85075e+15,0.0066505
4313.94,1.85631e+15,0.00665715
4318.26,1.86188e+15,0.0066638
4322.57,1.86748e+15,0.00667047
4326.9,1.87308e+15,0.00667714
4331.22,1.87871e+15,0.00668382
4335.55,1.88435e+15,0.0066905
4339.89,1.89001e+15,0.00669719
4344.23,1.89568e+15,0.00670389
4348.57,1.90138e+15,0.00671059
4352.92,1.90709e+15,0.0067173
4357.28,1.91281e+15,0.00672402
4361.63,1.91856e+15,0.00673074
4365.99,1.92432e+15,0.00673747
4370.36,1.9301e+15,0.00674421
4374.73,1.93589e+15,0.00675096
4379.11,1.94171e+15,0.00675771
4383.48,1.94754e+15,0.00676446
4387.87,1.95339e+15,0.00677123
4392.26,1.95925e+15,0.006778
4396.65,1.96514e+15,0.00678478
4401.05,1.97104e+15,0.00679156
4405.45,1.97696e+15,0.00679835
4409.85,1.98289e+15,0.00680515
4414.26,1.98885e+15,0.00681196
4418.68,1.99482e+15,0.00681877
4423.09,2.00081e+15,0.00682559
4427.52,2.00682e+15,0.00683241
4431.95,2.01285e+15,0.00683925
4436.38,2.01889e+15,0.00684609
4440.81,2.02495e+15,0.00685293
4445.25,2.03104e+15,0.00685978
4449.7,2.03713e+15,0.00686664
4454.15,2.04325e+15,0.00687351
4458.6,2.04939e+15,0.00688038
4463.06,2.05554e+15,0.00688727
4467.52,2.06172e+15,0.00689415
4471.99,2.06791e+15,0.00690105
4476.46,2.07412e+15,0.00690795
4480.94,2.08034e+15,0.00691486
4485.42,2.08659e+15,0.00692177
4489.91,2.09286e+15,0.00692869
4494.4,2.09914e+15,0.00693562
4498.89,2.10545e+15,0.00694256
4503.39,2.11177e+15,0.0069495
4507.89,2.11811e+15,0.00695645
4512.4,2.12447e+15,0.0069634
4516.91,2.13085e+15,0.00697037
4521.43,2.13725e+15,0.00697734
4525.95,2.14367e+15,0.00698432
4530.48,2.15011e+15,0.0069913
4535.01,2.15656e+15,0.00699829
4539.54,2.16304e+15,0.00700529
4544.08,2.16953e+15,0.0070123
4548.63,2.17605e+15,0.00701931
4553.18,2.18258e+15,0.00702633
4557.73,2.18914e+15,0.00703335
4562.29,2.19571e+15,0.00704039
4566.85,2.20231e+15,0.00704743
4571.42,2.20892e+15,0.00705447
4575.99,2.21555e+15,0.00706153
4580.56,2.22221e+15,0.00706859
4585.14,2.22888e+15,0.00707566
4589.73,2.23557e+15,0.00708273
4594.32,2.24229e+15,0.00708982
4598.91,2.24902e+15,0.00709691
4603.51,2.25577e+15,0.007104
4608.12,2.26255e+15,0.00711111
4612.72,2.26934e+15,0.00711822
4617.34,2.27616e+15,0.00712534
4621.95,2.28299e+15,0.00713246
4626.58,2.28985e+15,0.0071396
4631.2,2.29673e+15,0.00714673
4635.83,2.30362e+15,0.00715388
4640.47,2.31054e+15,0.00716104
4645.11,2.31748e+15,0.0071682
4649.76,2.32444e+15,0.00717536
4654.4,2.33142e+15,0.00718254
4659.06,2.33842e+15,0.00718972
4663.72,2.34544e+15,0.00719691
4668.38,2.35249e+15,0.00720411
4673.05,2.35955e+15,0.00721131
4677.72,2.36664e+15,0.00721852
4682.4,2.37374e+15,0.00722574
4687.08,2.38087e+15,0.00723297
4691.77,2.38802e+15,0.0072402
4696.46,2.39519e+15,0.00724744
4701.16,2.40238e+15,0.00725469
4705.86,2.4096e+15,0.00726194
4710.57,2.41683e+15,0.00726921
4715.28,2.42409e+15,0.00727648
4719.99,2.43137e+15,0.00728375
4724.71,2.43867e+15,0.00729104
4729.44,2.446e+15,0.00729833
4734.17,2.45334e+15,0.00730562
4738.9,2.46071e+15,0.00731293
4743.64,2.4681e+15,0.00732024
4748.38,2.47551e+15,0.00732756
4753.13,2.48294e+15,0.00733489
4757.88,2.4904e+15,0.00734223
4762.64,2.49788e+15,0.00734957
4767.4,2.50538e+15,0.00735692
4772.17,2.5129e+15,0.00736427
4776.94,2.52045e+15,0.00737164
4781.72,2.52802e+15,0.00737901
4786.5,2.53561e+15,0.00738639
4791.29,2.54323e+15,0.00739378
4796.08,2.55086e+15,0.00740117
4800.88,2.55852e+15,0.00740857
4805.68,2.56621e+15,0.00741598
4810.48,2.57391e+15,0.0074234
4815.29,2.58164e+15,0.00743082
4820.11,2.58939e+15,0.00743825
4824.93,2.59717e+15,0.00744569
4829.75,2.60497e+15,0.00745313
4834.58,2.61279e+15,0.00746059
4839.42,2.62064e+15,0.00746805
4844.26,2.62851e+15,0.00747552
4849.1,2.6364e+15,0.00748299
4853.95,2.64432e+15,0.00749047
4858.81,2.65226e+15,0.00749796
4863.66,2.66023e+15,0.00750546
4868.53,2.66821e+15,0.00751297
4873.4,2.67623e+15,0.00752048
4878.27,2.68426e+15,0.007528
4883.15,2.69232e+15,0.00753553
4888.03,2.70041e+15,0.00754306
4892.92,2.70852e+15,0.00755061
4897.81,2.71665e+15,0.00755816
4902.71,2.72481e+15,0.00756572
4907.61,2.73299e+15,0.00757328
4912.52,2.7412e+15,0.00758086
4917.43,2.74943e+15,0.00758844
4922.35,2.75769e+15,0.00759603
4927.27,2.76597e+15,0.00760362
4932.2,2.77428e+15,0.00761122
4937.13,2.78261e+15,0.00761884
4942.07,2.79096e+15,0.00762645
4947.01,2.79934e+15,0.00763408
4951.96,2.80775e+15,0.00764172
4956.91,2.81618e+15,0.00764936
4961.87,2.82464e+15,0.00765701
4966.83,2.83312e+15,0.00766466
4971.8,2.84163e+15,0.00767233
4976.77,2.85016e+15,0.00768
4981.74,2.85872e+15,0.00768768
4986.73,2.86731e+15,0.00769537
4991.71,2.87592e+15,0.00770306
4996.7,2.88455e+15,0.00771077
5001.7,2.89322e+15,0.00771848
5006.7,2.9019e+15,0.0077262
5011.71,2.91062e+15,0.00773392
5016.72,2.91936e+15,0.00774166
5021.74,2.92813e+15,0.0077494
5026.76,2.93692e+15,0.00775715
5031.79,2.94574e+15,0.0077649
5036.82,2.95459e+15,0.00777267
5041.86,2.96346e+15,0.00778044
5046.9,2.97236e+15,0.00778822
5051.94,2.98128e+15,0.00779601
5057,2.99024e+15,0.00780381
5062.05,2.99922e+15,0.00781161
5067.11,3.00822e+15,0.00781942
5072.18,3.01726e+15,0.00782724
5077.25,3.02632e+15,0.00783507
5082.33,3.0354e+15,0.0078429
5087.41,3.04452e+15,0.00785075
5092.5,3.05366e+15,0.0078586
5097.59,3.06283e+15,0.00786646
5102.69,3.07203e+15,0.00787432
5107.79,3.08126e+15,0.0078822
5112.9,3.09051e+15,0.00789008
5118.01,3.09979e+15,0.00789797
5123.13,3.1091e+15,0.00790587
5128.26,3.11844e+15,0.00791377
5133.38,3.1278e+15,0.00792169
5138.52,3.13719e+15,0.00792961
5143.66,3.14661e+15,0.00793754
5148.8,3.15606e+15,0.00794548
5153.95,3.16554e+15,0.00795342
5159.1,3.17505e+15,0.00796137
5164.26,3.18458e+15,0.00796934
5169.43,3.19414e+15,0.0079773
5174.6,3.20374e+15,0.00798528
5179.77,3.21336e+15,0.00799327
5184.95,3.22301e+15,0.00800126
5190.13,3.23269e+15,0.00800926
5195.32,3.24239e+15,0.00801727
5200.52,3.25213e+15,0.00802529
5205.72,3.2619e+15,0.00803331
5210.93,3.27169e+15,0.00804135
5216.14,3.28152e+15,0.00804939
5221.35,3.29137e+15,0.00805744
5226.57,3.30126e+15,0.0080655
5231.8,3.31117e+15,0.00807356
5237.03,3.32111e+15,0.00808163
5242.27,3.33109e+15,0.00808972
5247.51,3.34109e+15,0.00809781
5252.76,3.35112e+15,0.0081059
5258.01,3.36119e+15,0.00811401
5263.27,3.37128e+15,0.00812212
5268.53,3.3814e+15,0.00813025
5273.8,3.39156e+15,0.00813838
5279.08,3.40174e+15,0.00814651
5284.36,3.41196e+15,0.00815466
5289.64,3.4222e+15,0.00816282
5294.93,3.43248e+15,0.00817098
5300.22,3.44279e+15,0.00817915
5305.52,3.45313e+15,0.00818733
5310.83,3.4635e+15,0.00819552
5316.14,3.4739e+15,0.00820371
5321.46,3.48433e+15,0.00821191
5326.78,3.49479e+15,0.00822013
5332.11,3.50529e+15,0.00822835
5337.44,3.51581e+15,0.00823658
5342.77,3.52637e+15,0.00824481
5348.12,3.53696e+15,0.00825306
5353.47,3.54758e+15,0.00826131
5358.82,3.55824e+15,0.00826957
5364.18,3.56892e+15,0.00827784
5369.54,3.57964e+15,0.00828612
5374.91,3.59039e+15,0.0082944
5380.29,3.60117e+15,0.0083027
5385.67,3.61199e+15,0.008311
5391.05,3.62283e+15,0.00831931
5396.44,3.63371e+15,0.00832763
5401.84,3.64462e+15,0.00833596
5407.24,3.65557e+15,0.0083443
5412.65,3.66655e+15,0.00835264
5418.06,3.67756e+15,0.00836099
5423.48,3.6886e+15,0.00836935
5428.9,3.69968e+15,0.00837772
5434.33,3.71079e+15,0.0083861
5439.77,3.72193e+15,0.00839449
5445.21,3.73311e+15,0.00840288
5450.65,3.74432e+15,0.00841128
5456.1,3.75556e+15,0.0084197
5461.56,3.76684e+15,0.00842811
5467.02,3.77815e+15,0.00843654
5472.49,3.7895e+15,0.00844498
5477.96,3.80088e+15,0.00845342
5483.44,3.81229e+15,0.00846188
5488.92,3.82374e+15,0.00847034
5494.41,3.83522e+15,0.00847881
5499.9,3.84674e+15,0.00848729
5505.4,3.85829e+15,0.00849578
5510.91,3.86988e+15,0.00850427
5516.42,3.8815e+15,0.00851278
5521.94,3.89316e+15,0.00852129
5527.46,3.90485e+15,0.00852981
5532.99,3.91657e+15,0.00853834
5538.52,3.92834e+15,0.00854688
5544.06,3.94013e+15,0.00855543
5549.6,3.95196e+15,0.00856398
5555.15,3.96383e+15,0.00857254
5560.71,3.97574e+15,0.00858112
5566.27,3.98768e+15,0.0085897
5571.83,3.99965e+15,0.00859829
5577.41,4.01166e+15,0.00860689
5582.98,4.02371e+15,0.00861549
5588.57,4.03579e+15,0.00862411
5594.15,4.04791e+15,0.00863273
5599.75,4.06007e+15,0.00864137
5605.35,4.07226e+15,0.00865001
5610.95,4.08449e+15,0.00865866
5616.56,4.09675e+15,0.00866732
5622.18,4.10906e+15,0.00867598
5627.8,4.1214e+15,0.00868466
5633.43,4.13377e+15,0.00869334
5639.06,4.14619e+15,0.00870204
5644.7,4.15864e+15,0.00871074
5650.35,4.17113e+15,0.00871945
5656,4.18365e+15,0.00872817
5661.65,4.19621e+15,0.0087369
5667.32,4.20882e+15,0.00874563
5672.98,4.22146e+15,0.00875438
5678.66,4.23413e+15,0.00876313
5684.33,4.24685e+15,0.0087719
5690.02,4.2596e+15,0.00878067
5695.71,4.27239e+15,0.00878945
5701.4,4.28522e+15,0.00879824
5707.11,4.29809e+15,0.00880704
5712.81,4.311e+15,0.00881584
5718.53,4.32394e+15,0.00882466
5724.24,4.33693e+15,0.00883349
5729.97,4.34995e+15,0.00884232
5735.7,4.36302e+15,0.00885116
5741.43,4.37612e+15,0.00886001
5747.18,4.38926e+15,0.00886887
5752.92,4.40244e+15,0.00887774
5758.68,4.41566e+15,0.00888662
5764.43,4.42892e+15,0.00889551
5770.2,4.44222e+15,0.0089044
5775.97,4.45556e+15,0.00891331
5781.75,4.46894e+15,0.00892222
5787.53,4.48236e+15,0.00893114
5793.31,4.49582e+15,0.00894007
5799.11,4.50932e+15,0.00894901
5804.91,4.52286e+15,0.00895796
5810.71,4.53645e+15,0.00896692
5816.52,4.55007e+15,0.00897589
5822.34,4.56373e+15,0.00898486
5828.16,4.57744e+15,0.00899385
5833.99,4.59118e+15,0.00900284
5839.82,4.60497e+15,0.00901184
5845.66,4.6188e+15,0.00902086
5851.51,4.63267e+15,0.00902988
5857.36,4.64658e+15,0.00903891
5863.22,4.66054e+15,0.00904794
5869.08,4.67453e+15,0.00905699
5874.95,4.68857e+15,0.00906605
5880.83,4.70265e+15,0.00907512
5886.71,4.71677e+15,0.00908419
5892.59,4.73094e+15,0.00909328
5898.49,4.74514e+15,0.00910237
5904.38,4.75939e+15,0.00911147
5910.29,4.77368e+15,0.00912058
5916.2,4.78802e+15,0.0091297
5922.11,4.8024e+15,0.00913883
5928.04,4.81682e+15,0.00914797
5933.97,4.83128e+15,0.00915712
5939.9,4.84579e+15,0.00916628
5945.84,4.86035e+15,0.00917544
5951.78,4.87494e+15,0.00918462
5957.74,4.88958e+15,0.0091938
5963.69,4.90426e+15,0.009203
5969.66,4.91899e+15,0.0092122
5975.63,4.93376e+15,0.00922141
5981.6,4.94858e+15,0.00923063
5987.58,4.96344e+15,0.00923986
5993.57,4.97834e+15,0.0092491
5999.57,4.99329e+15,0.00925835
6005.57,5.00829e+15,0.00926761
6011.57,5.02333e+15,0.00927688
6017.58,5.03841e+15,0.00928616
6023.6,5.05354e+15,0.00929544
6029.62,5.06872e+15,0.00930474
6035.65,5.08394e+15,0.00931404
6041.69,5.09921e+15,0.00932336
6047.73,5.11452e+15,0.00933268
6053.78,5.12988e+15,0.00934201
6059.83,5.14529e+15,0.00935135
6065.89,5.16074e+15,0.00936071
6071.96,5.17624e+15,0.00937007
6078.03,5.19178e+15,0.00937944
6084.11,5.20737e+15,0.00938882
6090.19,5.22301e+15,0.0093982
6096.28,5.23869e+15,0.0094076
6102.38,5.25442e+15,0.00941701
6108.48,5.2702e+15,0.00942643
6114.59,5.28603e+15,0.00943585
6120.7,5.3019e+15,0.00944529
6126.82,5.31783e+15,0.00945473
6132.95,5.33379e+15,0.00946419
6139.08,5.34981e+15,0.00947365
6145.22,5.36588e+15,0.00948313
6151.37,5.38199e+15,0.00949261
6157.52,5.39815e+15,0.0095021
6163.68,5.41436e+15,0.00951161
6169.84,5.43062e+15,0.00952112
6176.01,5.44693e+15,0.00953064
6182.19,5.46329e+15,0.00954017
6188.37,5.4797e+15,0.00954971
6194.56,5.49615e+15,0.00955926
6200.75,5.51266e+15,0.00956882
6206.95,5.52921e+15,0.00957839
6213.16,5.54581e+15,0.00958797
6219.37,5.56247e+15,0.00959755
6225.59,5.57917e+15,0.00960715
6231.82,5.59593e+15,0.00961676
6238.05,5.61273e+15,0.00962637
6244.29,5.62959e+15,0.009636
6250.53,5.64649e+15,0.00964564
6256.78,5.66345e+15,0.00965528
6263.04,5.68046e+15,0.00966494
6269.3,5.69751e+15,0.0096746
6275.57,5.71462e+15,0.00968428
6281.85,5.73179e+15,0.00969396
6288.13,5.749e+15,0.00970366
6294.42,5.76626e+15,0.00971336
6300.71,5.78358e+15,0.00972307
6307.01,5.80095e+15,0.0097328
6313.32,5.81837e+15,0.00974253
6319.63,5.83584e+15,0.00975227
6325.95,5.85336e+15,0.00976202
6332.28,5.87094e+15,0.00977179
6338.61,5.88857e+15,0.00978156
6344.95,5.90626e+15,0.00979134
6351.29,5.92399e+15,0.00980113
6357.65,5.94178e+15,0.00981093
6364,5.95962e+15,0.00982074
6370.37,5.97752e+15,0.00983056
6376.74,5.99547e+15,0.00984039
6383.11,6.01348e+15,0.00985023
6389.5,6.03153e+15,0.00986008
6395.89,6.04965e+15,0.00986994
6402.28,6.06781e+15,0.00987981
6408.69,6.08604e+15,0.00988969
6415.09,6.10431e+15,0.00989958
6421.51,6.12264e+15,0.00990948
6427.93,6.14103e+15,0.00991939
6434.36,6.15947e+15,0.00992931
6440.79,6.17797e+15,0.00993924
6447.23,6.19652e+15,0.00994918
6453.68,6.21513e+15,0.00995913
6460.13,6.23379e+15,0.00996909
6466.59,6.25251e+15,0.00997906
6473.06,6.27129e+15,0.00998904
6479.53,6.29012e+15,0.00999903
6486.01,6.30901e+15,0.010009
6492.5,6.32796e+15,0.010019
6498.99,6.34696e+15,0.0100291
6505.49,6.36602e+15,0.0100391
6512,6.38514e+15,0.0100491
6518.51,6.40431e+15,0.0100592
6525.03,6.42354e+15,0.0100692
6531.55,6.44283e+15,0.0100793
6538.08,6.46218e+15,0.0100894
6544.62,6.48159e+15,0.0100995
6551.17,6.50105e+15,0.0101096
6557.72,6.52057e+15,0.0101197
6564.28,6.54016e+15,0.0101298
6570.84,6.5598e+15,0.0101399
6577.41,6.5795e+15,0.0101501
6583.99,6.59925e+15,0.0101602
6590.57,6.61907e+15,0.0101704
6597.16,6.63895e+15,0.0101805
6603.76,6.65889e+15,0.0101907
6610.36,6.67888e+15,0.0102009
6616.97,6.69894e+15,0.0102111
6623.59,6.71906e+15,0.0102213
6630.21,6.73923e+15,0.0102316
6636.84,6.75947e+15,0.0102418
6643.48,6.77977e+15,0.010252
6650.13,6.80013e+15,0.0102623
6656.78,6.82055e+15,0.0102725
6663.43,6.84103e+15,0.0102828
6670.1,6.86158e+15,0.0102931
6676.77,6.88218e+15,0.0103034
6683.44,6.90285e+15,0.0103137
6690.13,6.92358e+15,0.010324
6696.82,6.94437e+15,0.0103343
6703.51,6.96522e+15,0.0103447
6710.22,6.98614e+15,0.010355
6716.93,7.00712e+15,0.0103654
6723.64,7.02816e+15,0.0103757
6730.37,7.04927e+15,0.0103861
6737.1,7.07044e+15,0.0103965
6743.83,7.09167e+15,0.0104069
6750.58,7.11296e+15,0.0104173
6757.33,7.13432e+15,0.0104277
6764.09,7.15575e+15,0.0104381
6770.85,7.17724e+15,0.0104486
6777.62,7.19879e+15,0.010459
6784.4,7.22041e+15,0.0104695
6791.18,7.24209e+15,0.01048
6797.97,7.26384e+15,0.0104904
6804.77,7.28565e+15,0.0105009
6811.58,7.30753e+15,0.0105114
6818.39,7.32948e+15,0.0105219
6825.21,7.35149e+15,0.0105325
6832.03,7.37356e+15,0.010543
6838.86,7.39571e+15,0.0105535
6845.7,7.41792e+15,0.0105641
6852.55,7.44019e+15,0.0105747
6859.4,7.46253e+15,0.0105852
6866.26,7.48494e+15,0.0105958
6873.13,7.50742e+15,0.0106064
6880,7.52997e+15,0.010617
6886.88,7.55258e+15,0.0106276
6893.77,7.57526e+15,0.0106383
6900.66,7.59801e+15,0.0106489
6907.56,7.62082e+15,0.0106595
6914.47,7.64371e+15,0.0106702
6921.38,7.66666e+15,0.0106809
6928.3,7.68969e+15,0.0106916
6935.23,7.71278e+15,0.0107022
6942.17,7.73594e+15,0.0107129
6949.11,7.75917e+15,0.0107237
6956.06,7.78247e+15,0.0107344
6963.02,7.80584e+15,0.0107451
6969.98,7.82928e+15,0.0107559
6976.95,7.8528e+15,0.0107666
6983.93,7.87638e+15,0.0107774
6990.91,7.90003e+15,0.0107882
6997.9,7.92375e+15,0.010799
7004.9,7.94755e+15,0.0108098
7011.9,7.97142e+15,0.0108206
7018.92,7.99535e+15,0.0108314
7025.93,8.01936e+15,0.0108422
7032.96,8.04345e+15,0.0108531
7039.99,8.0676e+15,0.0108639
7047.03,8.09183e+15,0.0108748
7054.08,8.11613e+15,0.0108856
7061.13,8.1405e+15,0.0108965
7068.2,8.16495e+15,0.0109074
7075.26,8.18947e+15,0.0109183
7082.34,8.21406e+15,0.0109293
7089.42,8.23873e+15,0.0109402
7096.51,8.26347e+15,0.0109511
7103.61,8.28828e+15,0.0109621
7110.71,8.31317e+15,0.010973
7117.82,8.33814e+15,0.010984
7124.94,8.36318e+15,0.010995
7132.06,8.38829e+15,0.011006
7139.2,8.41348e+15,0.011017
7146.34,8.43875e+15,0.011028
7153.48,8.46409e+15,0.011039
7160.64,8.4895e+15,0.0110501
7167.8,8.515e+15,0.0110611
7174.96,8.54057e+15,0.0110722
7182.14,8.56622e+15,0.0110833
7189.32,8.59194e+15,0.0110943
7196.51,8.61774e+15,0.0111054
7203.71,8.64362e+15,0.0111165
7210.91,8.66958e+15,0.0111277
7218.12,8.69561e+15,0.0111388
7225.34,8.72173e+15,0.0111499
7232.56,8.74792e+15,0.0111611
7239.8,8.77419e+15,0.0111722
7247.04,8.80054e+15,0.0111834
7254.28,8.82696e+15,0.0111946
7261.54,8.85347e+15,0.0112058
7268.8,8.88006e+15,0.011217
7276.07,8.90673e+15,0.0112282
7283.34,8.93347e+15,0.0112394
7290.63,8.9603e+15,0.0112507
7297.92,8.98721e+15,0.0112619
7305.22,9.0142e+15,0.0112732
7312.52,9.04127e+15,0.0112845
7319.83,9.06842e+15,0.0112958
7327.15,9.09565e+15,0.011307
7334.48,9.12296e+15,0.0113184
7341.82,9.15036e+15,0.0113297
7349.16,9.17784e+15,0.011341
7356.51,9.2054e+15,0.0113523
7363.86,9.23304e+15,0.0113637
7371.23,9.26077e+15,0.0113751
7378.6,9.28858e+15,0.0113864
7385.98,9.31647e+15,0.0113978
7393.36,9.34445e+15,0.0114092
7400.76,9.37251e+15,0.0114206
7408.16,9.40066e+15,0.011432
7415.57,9.42889e+15,0.0114435
7422.98,9.4572e+15,0.0114549
7430.4,9.4856e+15,0.0114664
7437.83,9.51409e+15,0.0114778
7445.27,9.54266e+15,0.0114893
7452.72,9.57132e+15,0.0115008
7460.17,9.60006e+15,0.0115123
7467.63,9.62889e+15,0.0115238
7475.1,9.6578e+15,0.0115353
7482.57,9.68681e+15,0.0115469
7490.06,9.71589e+15,0.0115584
7497.55,9.74507e+15,0.01157
7505.04,9.77434e+15,0.0115816
7512.55,9.80369e+15,0.0115931
7520.06,9.83313e+15,0.0116047
7527.58,9.86266e+15,0.0116163
7535.11,9.89228e+15,0.011628
7542.64,9.92198e+15,0.0116396
7550.19,9.95178e+15,0.0116512
7557.74,9.98166e+15,0.0116629
7565.29,1.00116e+16,0.0116745
7572.86,1.00417e+16,0.0116862
7580.43,1.00719e+16,0.0116979
7588.01,1.01021e+16,0.0117096
7595.6,1.01324e+16,0.0117213
7603.2,1.01629e+16,0.011733
7610.8,1.01934e+16,0.0117448
7618.41,1.0224e+16,0.0117565
7626.03,1.02547e+16,0.0117683
7633.65,1.02855e+16,0.01178
7641.29,1.03164e+16,0.0117918
7648.93,1.03474e+16,0.0118036
7656.58,1.03784e+16,0.0118154
7664.24,1.04096e+16,0.0118272
7671.9,1.04409e+16,0.011839
7679.57,1.04722e+16,0.0118509
7687.25,1.05037e+16,0.0118627
7694.94,1.05352e+16,0.0118746
7702.63,1.05668e+16,0.0118865
7710.34,1.05986e+16,0.0118984
7718.05,1.06304e+16,0.0119103
7725.76,1.06623e+16,0.0119222
7733.49,1.06943e+16,0.0119341
7741.22,1.07265e+16,0.011946
7748.96,1.07587e+16,0.011958
7756.71,1.0791e+16,0.0119699
7764.47,1.08234e+16,0.0119819
7772.23,1.08559e+16,0.0119939
7780.01,1.08885e+16,0.0120059
7787.79,1.09212e+16,0.0120179
7795.57,1.0954e+16,0.0120299
7803.37,1.09869e+16,0.0120419
7811.17,1.10199e+16,0.012054
7818.98,1.1053e+16,0.012066
7826.8,1.10862e+16,0.0120781
7834.63,1.11194e+16,0.0120902
7842.47,1.11528e+16,0.0121023
7850.31,1.11863e+16,0.0121144
7858.16,1.12199e+16,0.0121265
7866.02,1.12536e+16,0.0121386
7873.88,1.12874e+16,0.0121507
7881.76,1.13213e+16,0.0121629
7889.64,1.13553e+16,0.0121751
7897.53,1.13894e+16,0.0121872
7905.43,1.14236e+16,0.0121994
7913.33,1.14579e+16,0.0122116
7921.24,1.14923e+16,0.0122238
7929.17,1.15268e+16,0.0122361
7937.09,1.15614e+16,0.0122483
7945.03,1.15962e+16,0.0122605
7952.98,1.1631e+16,0.0122728
7960.93,1.16659e+16,0.0122851
7968.89,1.1701e+16,0.0122974
7976.86,1.17361e+16,0.0123097
7984.84,1.17713e+16,0.012322
7992.82,1.18067e+16,0.0123343
8000.81,1.18421e+16,0.0123466
8008.81,1.18777e+16,0.012359
8016.82,1.19134e+16,0.0123713
8024.84,1.19491e+16,0.0123837
8032.86,1.1985e+16,0.0123961
8040.9,1.2021e+16,0.0124085
8048.94,1.20571e+16,0.0124209
8056.99,1.20933e+16,0.0124333
8065.04,1.21296e+16,0.0124457
8073.11,1.21661e+16,0.0124582
8081.18,1.22026e+16,0.0124706
8089.26,1.22392e+16,0.0124831
8097.35,1.2276e+16,0.0124956
8105.45,1.23129e+16,0.0125081
8113.56,1.23498e+16,0.0125206
8121.67,1.23869e+16,0.0125331
8129.79,1.24241e+16,0.0125457
8137.92,1.24614e+16,0.0125582
8146.06,1.24989e+16,0.0125708
8154.21,1.25364e+16,0.0125833
8162.36,1.2574e+16,0.0125959
8170.52,1.26118e+16,0.0126085
8178.69,1.26497e+16,0.0126211
8186.87,1.26877e+16,0.0126337
8195.06,1.27258e+16,0.0126464
8203.25,1.2764e+16,0.012659
8211.46,1.28023e+16,0.0126717
8219.67,1.28408e+16,0.0126843
8227.89,1.28793e+16,0.012697
8236.11,1.2918e+16,0.0127097
8244.35,1.29568e+16,0.0127224
8252.6,1.29957e+16,0.0127352
8260.85,1.30347e+16,0.0127479
8269.11,1.30739e+16,0.0127606
8277.38,1.31131e+16,0.0127734
8285.66,1.31525e+16,0.0127862
8293.94,1.3192e+16,0.012799
8302.23,1.32316e+16,0.0128118
8310.54,1.32713e+16,0.0128246
8318.85,1.33112e+16,0.0128374
8327.17,1.33512e+16,0.0128502
8335.49,1.33913e+16,0.0128631
8343.83,1.34315e+16,0.012876
8352.17,1.34718e+16,0.0128888
8360.53,1.35123e+16,0.0129017
8368.89,1.35528e+16,0.0129146
8377.25,1.35935e+16,0.0129275
8385.63,1.36344e+16,0.0129405
8394.02,1.36753e+16,0.0129534
8402.41,1.37164e+16,0.0129664
8410.81,1.37576e+16,0.0129793
8419.22,1.37989e+16,0.0129923
8427.64,1.38403e+16,0.0130053
8436.07,1.38819e+16,0.0130183
8444.51,1.39236e+16,0.0130313
8452.95,1.39654e+16,0.0130443
8461.41,1.40073e+16,0.0130574
8469.87,1.40494e+16,0.0130704
8478.34,1.40916e+16,0.0130835
8486.81,1.41339e+16,0.0130966
8495.3,1.41763e+16,0.0131097
8503.8,1.42189e+16,0.0131228
8512.3,1.42616e+16,0.0131359
8520.81,1.43044e+16,0.0131491
8529.33,1.43474e+16,0.0131622
8537.86,1.43905e+16,0.0131754
8546.4,1.44337e+16,0.0131886
8554.95,1.4477e+16,0.0132017
8563.5,1.45205e+16,0.0132149
8572.07,1.45641e+16,0.0132282
8580.64,1.46079e+16,0.0132414
8589.22,1.46517e+16,0.0132546
8597.81,1.46957e+16,0.0132679
8606.41,1.47399e+16,0.0132812
8615.01,1.47841e+16,0.0132944
8623.63,1.48285e+16,0.0133077
8632.25,1.4873e+16,0.013321
8640.88,1.49177e+16,0.0133344
8649.52,1.49625e+16,0.0133477
8658.17,1.50074e+16,0.013361
8666.83,1.50525e+16,0.0133744
8675.5,1.50977e+16,0.0133878
8684.17,1.5143e+16,0.0134012
8692.86,1.51885e+16,0.0134146
8701.55,1.52341e+16,0.013428
8710.25,1.52799e+16,0.0134414
8718.96,1.53258e+16,0.0134548
8727.68,1.53718e+16,0.0134683
8736.41,1.54179e+16,0.0134818
8745.15,1.54642e+16,0.0134953
8753.89,1.55107e+16,0.0135087
8762.64,1.55573e+16,0.0135223
8771.41,1.5604e+16,0.0135358
8780.18,1.56508e+16,0.0135493
8788.96,1.56978e+16,0.0135629
8797.75,1.5745e+16,0.0135764
8806.55,1.57923e+16,0.01359
8815.35,1.58397e+16,0.0136036
8824.17,1.58873e+16,0.0136172
8832.99,1.5935e+16,0.0136308
8841.82,1.59828e+16,0.0136444
8850.67,1.60308e+16,0.0136581
8859.52,1.6079e+16,0.0136717
8868.38,1.61272e+16,0.0136854
8877.25,1.61757e+16,0.0136991
8886.12,1.62242e+16,0.0137128
8895.01,1.6273e+16,0.0137265
8903.9,1.63218e+16,0.0137402
8912.81,1.63709e+16,0.013754
8921.72,1.642e+16,0.0137677
8930.64,1.64693e+16,0.0137815
8939.57,1.65188e+16,0.0137953
8948.51,1.65684e+16,0.0138091
8957.46,1.66181e+16,0.0138229
8966.42,1.6668e+16,0.0138367
8975.38,1.67181e+16,0.0138505
8984.36,1.67683e+16,0.0138644
8993.34,1.68187e+16,0.0138783
9002.34,1.68692e+16,0.0138921
9011.34,1.69198e+16,0.013906
9020.35,1.69706e+16,0.0139199
9029.37,1.70216e+16,0.0139339
9038.4,1.70727e+16,0.0139478
9047.44,1.7124e+16,0.0139617
9056.49,1.71754e+16,0.0139757
9065.54,1.7227e+16,0.0139897
9074.61,1.72787e+16,0.0140037
9083.68,1.73306e+16,0.0140177
9092.77,1.73826e+16,0.0140317
9101.86,1.74348e+16,0.0140457
9110.96,1.74872e+16,0.0140598
9120.07,1.75397e+16,0.0140738
9129.19,1.75924e+16,0.0140879
9138.32,1.76452e+16,0.014102
9147.46,1.76982e+16,0.0141161
9156.61,1.77514e+16,0.0141302
9165.76,1.78047e+16,0.0141443
9174.93,1.78581e+16,0.0141585
9184.11,1.79118e+16,0.0141726
9193.29,1.79655e+16,0.0141868
9202.48,1.80195e+16,0.014201
9211.68,1.80736e+16,0.0142152
9220.9,1.81279e+16,0.0142294
9230.12,1.81823e+16,0.0142436
9239.35,1.82369e+16,0.0142579
9248.59,1.82917e+16,0.0142721
9257.84,1.83466e+16,0.0142864
9267.09,1.84017e+16,0.0143007
9276.36,1.8457e+16,0.014315
9285.64,1.85124e+16,0.0143293
9294.92,1.8568e+16,0.0143436
9304.22,1.86238e+16,0.014358
9313.52,1.86797e+16,0.0143724
9322.84,1.87358e+16,0.0143867
9332.16,1.8792e+16,0.0144011
9341.49,1.88485e+16,0.0144155
9350.83,1.89051e+16,0.0144299
9360.18,1.89618e+16,0.0144444
9369.54,1.90188e+16,0.0144588
9378.91,1.90759e+16,0.0144733
9388.29,1.91332e+16,0.0144877
9397.68,1.91906e+16,0.0145022
9407.08,1.92483e+16,0.0145167
9416.48,1.93061e+16,0.0145312
9425.9,1.93641e+16,0.0145458
9435.33,1.94222e+16,0.0145603
9444.76,1.94805e+16,0.0145749
9454.21,1.9539e+16,0.0145895
9463.66,1.95977e+16,0.014604
9473.12,1.96566e+16,0.0146186
9482.6,1.97156e+16,0.0146333
9492.08,1.97748e+16,0.0146479
9501.57,1.98342e+16,0.0146625
9511.07,1.98937e+16,0.0146772
9520.59,1.99535e+16,0.0146919
9530.11,2.00134e+16,0.0147066
9539.64,2.00735e+16,0.0147213
9549.18,2.01338e+16,0.014736
9558.72,2.01942e+16,0.0147507
9568.28,2.02549e+16,0.0147655
9577.85,2.03157e+16,0.0147803
9587.43,2.03767e+16,0.014795
9597.02,2.04379e+16,0.0148098
9606.61,2.04993e+16,0.0148246
9616.22,2.05608e+16,0.0148395
9625.84,2.06226e+16,0.0148543
9635.46,2.06845e+16,0.0148692
9645.1,2.07466e+16,0.014884
9654.74,2.08089e+16,0.0148989
9664.4,2.08714e+16,0.0149138
9674.06,2.09341e+16,0.0149287
9683.74,2.0997e+16,0.0149437
9693.42,2.106e+16,0.0149586
9703.11,2.11233e+16,0.0149736
9712.82,2.11867e+16,0.0149885
9722.53,2.12503e+16,0.0150035
9732.25,2.13141e+16,0.0150185
9741.98,2.13781e+16,0.0150335
9751.73,2.14423e+16,0.0150486
9761.48,2.15067e+16,0.0150636
9771.24,2.15713e+16,0.0150787
9781.01,2.16361e+16,0.0150938
9790.79,2.17011e+16,0.0151089
9800.58,2.17662e+16,0.015124
9810.38,2.18316e+16,0.0151391
9820.19,2.18972e+16,0.0151542
9830.01,2.19629e+16,0.0151694
9839.84,2.20289e+16,0.0151846
9849.68,2.2095e+16,0.0151997
9859.53,2.21614e+16,0.0152149
9869.39,2.22279e+16,0.0152302
9879.26,2.22947e+16,0.0152454
9889.14,2.23616e+16,0.0152606
9899.03,2.24288e+16,0.0152759
9908.93,2.24961e+16,0.0152912
9918.84,2.25637e+16,0.0153065
9928.76,2.26314e+16,0.0153218
9938.69,2.26994e+16,0.0153371
9948.62,2.27676e+16,0.0153524
9958.57,2.28359e+16,0.0153678
9968.53,2.29045e+16,0.0153831
9978.5,2.29733e+16,0.0153985
9988.48,2.30423e+16,0.0154139
9998.47,2.31115e+16,0.0154293
10008.5,2.31809e+16,0.0154448
10018.5,2.32505e+16,0.0154602
10028.5,2.33203e+16,0.0154757
10038.5,2.33904e+16,0.0154911
10048.6,2.34606e+16,0.0155066
10058.6,2.35311e+16,0.0155221
10068.7,2.36017e+16,0.0155377
10078.7,2.36726e+16,0.0155532
10088.8,2.37437e+16,0.0155688
10098.9,2.3815e+16,0.0155843
10109,2.38865e+16,0.0155999
10119.1,2.39582e+16,0.0156155
10129.2,2.40302e+16,0.0156311
10139.4,2.41023e+16,0.0156468
10149.5,2.41747e+16,0.0156624
10159.6,2.42473e+16,0.0156781
10169.8,2.43201e+16,0.0156937
10180,2.43932e+16,0.0157094
10190.2,2.44664e+16,0.0157251
10200.3,2.45399e+16,0.0157409
10210.5,2.46136e+16,0.0157566
10220.8,2.46875e+16,0.0157724
10231,2.47616e+16,0.0157881
10241.2,2.4836e+16,0.0158039
10251.5,2.49106e+16,0.0158197
10261.7,2.49854e+16,0.0158356
10272,2.50604e+16,0.0158514
10282.2,2.51357e+16,0.0158672
10292.5,2.52112e+16,0.0158831
10302.8,2.52869e+16,0.015899
10313.1,2.53628e+16,0.0159149
10323.4,2.5439e+16,0.0159308
10333.8,2.55154e+16,0.0159467
10344.1,2.5592e+16,0.0159627
10354.4,2.56688e+16,0.0159786
10364.8,2.57459e+16,0.0159946
10375.1,2.58232e+16,0.0160106
10385.5,2.59008e+16,0.0160266
10395.9,2.59786e+16,0.0160427
10406.3,2.60566e+16,0.0160587
10416.7,2.61348e+16,0.0160748
10427.1,2.62133e+16,0.0160908
10437.6,2.6292e+16,0.0161069
10448,2.6371e+16,0.016123
10458.4,2.64502e+16,0.0161392
10468.9,2.65296e+16,0.0161553
10479.4,2.66093e+16,0.0161715
10489.8,2.66892e+16,0.0161876
10500.3,2.67693e+16,0.0162038
10510.8,2.68497e+16,0.01622
10521.3,2.69303e+16,0.0162362
10531.9,2.70112e+16,0.0162525
10542.4,2.70923e+16,0.0162687
10552.9,2.71737e+16,0.016285
10563.5,2.72553e+16,0.0163013
10574.1,2.73371e+16,0.0163176
10584.6,2.74192e+16,0.0163339
10595.2,2.75016e+16,0.0163502
10605.8,2.75842e+16,0.0163666
10616.4,2.7667e+16,0.0163829
10627,2.77501e+16,0.0163993
10637.7,2.78334e+16,0.0164157
10648.3,2.7917e+16,0.0164321
10658.9,2.80008e+16,0.0164486
10669.6,2.80849e+16,0.016465
10680.3,2.81693e+16,0.0164815
10691,2.82538e+16,0.016498
10701.6,2.83387e+16,0.0165145
10712.4,2.84238e+16,0.016531
10723.1,2.85091e+16,0.0165475
10733.8,2.85948e+16,0.0165641
10744.5,2.86806e+16,0.0165806
10755.3,2.87668e+16,0.0165972
10766,2.88531e+16,0.0166138
10776.8,2.89398e+16,0.0166304
10787.6,2.90267e+16,0.016647
10798.3,2.91139e+16,0.0166637
10809.1,2.92013e+16,0.0166804
10820,2.9289e+16,0.016697
10830.8,2.93769e+16,0.0167137
10841.6,2.94652e+16,0.0167304
10852.4,2.95536e+16,0.0167472
10863.3,2.96424e+16,0.0167639
10874.2,2.97314e+16,0.0167807
10885,2.98207e+16,0.0167975
10895.9,2.99102e+16,0.0168143
10906.8,3.00001e+16,0.0168311
10917.7,3.00902e+16,0.0168479
10928.6,3.01805e+16,0.0168648
10939.6,3.02711e+16,0.0168816
10950.5,3.03621e+16,0.0168985
10961.5,3.04532e+16,0.0169154
10972.4,3.05447e+16,0.0169323
10983.4,3.06364e+16,0.0169493
10994.4,3.07284e+16,0.0169662
11005.4,3.08207e+16,0.0169832
11016.4,3.09132e+16,0.0170002
11027.4,3.10061e+16,0.0170172
11038.4,3.10992e+16,0.0170342
11049.5,3.11926e+16,0.0170512
11060.5,3.12862e+16,0.0170683
11071.6,3.13802e+16,0.0170853
11082.6,3.14744e+16,0.0171024
11093.7,3.1569e+16,0.0171195
11104.8,3.16638e+16,0.0171366
11115.9,3.17588e+16,0.0171538
11127,3.18542e+16,0.0171709
11138.2,3.19499e+16,0.0171881
11149.3,3.20458e+16,0.0172053
11160.5,3.2142e+16,0.0172225
11171.6,3.22386e+16,0.0172397
11182.8,3.23354e+16,0.0172569
11194,3.24325e+16,0.0172742
11205.2,3.25299e+16,0.0172915
11216.4,3.26276e+16,0.0173088
11227.6,3.27255e+16,0.0173261
11238.8,3.28238e+16,0.0173434
11250.1,3.29224e+16,0.0173607
11261.3,3.30213e+16,0.0173781
11272.6,3.31204e+16,0.0173955
11283.8,3.32199e+16,0.0174129
11295.1,3.33196e+16,0.0174303
11306.4,3.34197e+16,0.0174477
11317.7,3.35201e+16,0.0174652
11329,3.36207e+16,0.0174826
11340.4,3.37217e+16,0.0175001
11351.7,3.3823e+16,0.0175176
11363.1,3.39245e+16,0.0175351
11374.4,3.40264e+16,0.0175527
11385.8,3.41286e+16,0.0175702
11397.2,3.42311e+16,0.0175878
11408.6,3.43339e+16,0.0176054
11420,3.4437e+16,0.017623
11431.4,3.45404e+16,0.0176406
11442.8,3.46441e+16,0.0176583
11454.3,3.47481e+16,0.0176759
11465.7,3.48525e+16,0.0176936
11477.2,3.49572e+16,0.0177113
11488.7,3.50621e+16,0.017729
11500.2,3.51674e+16,0.0177467
11511.7,3.5273e+16,0.0177645
11523.2,3.5379e+16,0.0177822
11534.7,3.54852e+16,0.0178
11546.2,3.55918e+16,0.0178178
11557.8,3.56986e+16,0.0178356
11569.3,3.58058e+16,0.0178535
11580.9,3.59134e+16,0.0178713
11592.5,3.60212e+16,0.0178892
11604.1,3.61294e+16,0.0179071
11615.7,3.62379e+16,0.017925
11627.3,3.63467e+16,0.0179429
11638.9,3.64559e+16,0.0179609
11650.6,3.65653e+16,0.0179788
11662.2,3.66751e+16,0.0179968
11673.9,3.67853e+16,0.0180148
11685.6,3.68957e+16,0.0180328
11697.2,3.70065e+16,0.0180508
11708.9,3.71177e+16,0.0180689
11720.7,3.72291e+16,0.018087
11732.4,3.73409e+16,0.018105
11744.1,3.74531e+16,0.0181232
11755.8,3.75655e+16,0.0181413
11767.6,3.76783e+16,0.0181594
11779.4,3.77915e+16,0.0181776
11791.2,3.7905e+16,0.0181958
11802.9,3.80188e+16,0.018214
11814.7,3.8133e+16,0.0182322
11826.6,3.82475e+16,0.0182504
11838.4,3.83624e+16,0.0182686
11850.2,3.84776e+16,0.0182869
11862.1,3.85931e+16,0.0183052
11873.9,3.8709e+16,0.0183235
11885.8,3.88252e+16,0.0183418
11897.7,3.89418e+16,0.0183602
11909.6,3.90588e+16,0.0183785
11921.5,3.91761e+16,0.0183969
11933.4,3.92937e+16,0.0184153
11945.4,3.94117e+16,0.0184337
11957.3,3.95301e+16,0.0184522
11969.3,3.96488e+16,0.0184706
11981.2,3.97678e+16,0.0184891
11993.2,3.98873e+16,0.0185076
12005.2,4.0007e+16,0.0185261
12017.2,4.01272e+16,0.0185446
12029.2,4.02477e+16,0.0185631
12041.3,4.03686e+16,0.0185817
12053.3,4.04898e+16,0.0186003
12065.4,4.06114e+16,0.0186189
12077.4,4.07333e+16,0.0186375
12089.5,4.08557e+16,0.0186562
12101.6,4.09783e+16,0.0186748
12113.7,4.11014e+16,0.0186935
12125.8,4.12248e+16,0.0187122
12137.9,4.13486e+16,0.0187309
12150.1,4.14728e+16,0.0187496
12162.2,4.15973e+16,0.0187684
12174.4,4.17223e+16,0.0187871
12186.5,4.18475e+16,0.0188059
12198.7,4.19732e+16,0.0188247
12210.9,4.20993e+16,0.0188436
12223.1,4.22257e+16,0.0188624
12235.4,4.23525e+16,0.0188813
12247.6,4.24797e+16,0.0189001
12259.9,4.26072e+16,0.018919
12272.1,4.27352e+16,0.018938
12284.4,4.28635e+16,0.0189569
12296.7,4.29922e+16,0.0189759
12309,4.31213e+16,0.0189948
12321.3,4.32508e+16,0.0190138
12333.6,4.33807e+16,0.0190328
12345.9,4.3511e+16,0.0190519
12358.3,4.36417e+16,0.0190709
12370.6,4.37727e+16,0.01909
12383,4.39042e+16,0.0191091
12395.4,4.4036e+16,0.0191282
12407.8,4.41682e+16,0.0191473
12420.2,4.43009e+16,0.0191665
12432.6,4.44339e+16,0.0191856
12445,4.45674e+16,0.0192048
12457.5,4.47012e+16,0.019224
12469.9,4.48354e+16,0.0192433
12482.4,4.49701e+16,0.0192625
12494.9,4.51051e+16,0.0192818
12507.4,4.52406e+16,0.019301
12519.9,4.53764e+16,0.0193203
12532.4,4.55127e+16,0.0193397
12545,4.56494e+16,0.019359
12557.5,4.57865e+16,0.0193784
12570.1,4.59239e+16,0.0193977
12582.6,4.60619e+16,0.0194171
12595.2,4.62002e+16,0.0194366
12607.8,4.63389e+16,0.019456
12620.4,4.64781e+16,0.0194754
12633,4.66176e+16,0.0194949
12645.7,4.67576e+16,0.0195144
12658.3,4.68981e+16,0.0195339
12671,4.70389e+16,0.0195535
12683.6,4.71801e+16,0.019573
12696.3,4.73218e+16,0.0195926
12709,4.74639e+16,0.0196122
12721.7,4.76065e+16,0.0196318
12734.4,4.77494e+16,0.0196514
12747.2,4.78928e+16,0.0196711
12759.9,4.80366e+16,0.0196907
12772.7,4.81809e+16,0.0197104
12785.5,4.83256e+16,0.0197301
12798.2,4.84707e+16,0.0197499
12811,4.86163e+16,0.0197696
12823.9,4.87623e+16,0.0197894
12836.7,4.89087e+16,0.0198092
12849.5,4.90556e+16,0.019829
12862.4,4.92029e+16,0.0198488
12875.2,4.93506e+16,0.0198687
12888.1,4.94988e+16,0.0198885
12901,4.96475e+16,0.0199084
12913.9,4.97966e+16,0.0199283
12926.8,4.99461e+16,0.0199483
12939.7,5.00961e+16,0.0199682
12952.7,5.02465e+16,0.0199882
12965.6,5.03974e+16,0.0200082
12978.6,5.05488e+16,0.0200282
12991.6,5.07006e+16,0.0200482
13004.6,5.08528e+16,0.0200683
13017.6,5.10055e+16,0.0200883
13030.6,5.11587e+16,0.0201084
13043.6,5.13123e+16,0.0201285
13056.7,5.14664e+16,0.0201487
13069.7,5.1621e+16,0.0201688
13082.8,5.1776e+16,0.020189
13095.9,5.19315e+16,0.0202092
13109,5.20874e+16,0.0202294
13122.1,5.22439e+16,0.0202496
13135.2,5.24007e+16,0.0202698
13148.3,5.25581e+16,0.0202901
13161.5,5.27159e+16,0.0203104
13174.6,5.28742e+16,0.0203307
13187.8,5.3033e+16,0.020351
13201,5.31923e+16,0.0203714
13214.2,5.3352e+16,0.0203918
13227.4,5.35122e+16,0.0204122
13240.6,5.36729e+16,0.0204326
13253.9,5.38341e+16,0.020453
13267.1,5.39958e+16,0.0204735
13280.4,5.41579e+16,0.0204939
13293.7,5.43206e+16,0.0205144
13307,5.44837e+16,0.0205349
13320.3,5.46473e+16,0.0205555
13333.6,5.48114e+16,0.020576
13346.9,5.4976e+16,0.0205966
13360.3,5.51411e+16,0.0206172
13373.7,5.53067e+16,0.0206378
13387,5.54728e+16,0.0206585
13400.4,5.56394e+16,0.0206791
13413.8,5.58064e+16,0.0206998
13427.2,5.5974e+16,0.0207205
13440.7,5.61421e+16,0.0207412
13454.1,5.63107e+16,0.020762
13467.5,5.64798e+16,0.0207827
13481,5.66494e+16,0.0208035
13494.5,5.68195e+16,0.0208243
13508,5.69902e+16,0.0208451
13521.5,5.71613e+16,0.020866
13535,5.7333e+16,0.0208868
13548.6,5.75051e+16,0.0209077
13562.1,5.76778e+16,0.0209286
13575.7,5.7851e+16,0.0209496
13589.2,5.80248e+16,0.0209705
13602.8,5.8199e+16,0.0209915
13616.4,5.83738e+16,0.0210125
13630.1,5.85491e+16,0.0210335
13643.7,5.87249e+16,0.0210545
13657.3,5.89012e+16,0.0210756
13671,5.90781e+16,0.0210967
13684.7,5.92555e+16,0.0211178
13698.3,5.94335e+16,0.0211389
13712,5.9612e+16,0.02116
13725.7,5.9791e+16,0.0211812
13739.5,5.99705e+16,0.0212023
13753.2,6.01506e+16,0.0212236
13767,6.03313e+16,0.0212448
13780.7,6.05124e+16,0.021266
13794.5,6.06941e+16,0.0212873
13808.3,6.08764e+16,0.0213086
13822.1,6.10592e+16,0.0213299
13835.9,6.12426e+16,0.0213512
13849.8,6.14265e+16,0.0213726
13863.6,6.1611e+16,0.0213939
13877.5,6.1796e+16,0.0214153
13891.4,6.19816e+16,0.0214367
13905.3,6.21677e+16,0.0214582
13919.2,6.23544e+16,0.0214796
13933.1,6.25416e+16,0.0215011
13947,6.27294e+16,0.0215226
13961,6.29178e+16,0.0215441
13974.9,6.31068e+16,0.0215657
13988.9,6.32963e+16,0.0215873
14002.9,6.34863e+16,0.0216088
14016.9,6.3677e+16,0.0216304
14030.9,6.38682e+16,0.0216521
14044.9,6.406e+16,0.0216737
14059,6.42524e+16,0.0216954
14073,6.44453e+16,0.0217171
14087.1,6.46389e+16,0.0217388
14101.2,6.4833e+16,0.0217606
14115.3,6.50277e+16,0.0217823
14129.4,6.52229e+16,0.0218041
14143.5,6.54188e+16,0.0218259
14157.7,6.56153e+16,0.0218477
14171.8,6.58123e+16,0.0218696
14186,6.60099e+16,0.0218914
14200.2,6.62082e+16,0.0219133
14214.4,6.6407e+16,0.0219353
14228.6,6.66064e+16,0.0219572
14242.8,6.68064e+16,0.0219791
14257.1,6.7007e+16,0.0220011
14271.3,6.72083e+16,0.0220231
14285.6,6.74101e+16,0.0220451
14299.9,6.76125e+16,0.0220672
14314.2,6.78156e+16,0.0220893
14328.5,6.80192e+16,0.0221113
14342.8,6.82235e+16,0.0221335
14357.2,6.84284e+16,0.0221556
14371.5,6.86338e+16,0.0221777
14385.9,6.884e+16,0.0221999
14400.3,6.90467e+16,0.0222221
14414.7,6.9254e+16,0.0222443
14429.1,6.9462e+16,0.0222666
14443.5,6.96706e+16,0.0222889
14458,6.98798e+16,0.0223111
14472.5,7.00897e+16,0.0223335
14486.9,7.03001e+16,0.0223558
14501.4,7.05113e+16,0.0223781
14515.9,7.0723e+16,0.0224005
14530.4,7.09354e+16,0.0224229
14545,7.11484e+16,0.0224453
14559.5,7.13621e+16,0.0224678
14574.1,7.15764e+16,0.0224903
14588.6,7.17913e+16,0.0225128
14603.2,7.20069e+16,0.0225353
14617.8,7.22231e+16,0.0225578
14632.4,7.244e+16,0.0225804
14647.1,7.26576e+16,0.0226029
14661.7,7.28757e+16,0.0226255
14676.4,7.30946e+16,0.0226482
14691.1,7.33141e+16,0.0226708
14705.8,7.35343e+16,0.0226935
14720.5,7.37551e+16,0.0227162
14735.2,7.39766e+16,0.0227389
14749.9,7.41987e+16,0.0227616
14764.7,7.44215e+16,0.0227844
14779.4,7.4645e+16,0.0228072
14794.2,7.48692e+16,0.02283
14809,7.5094e+16,0.0228528
14823.8,7.53195e+16,0.0228757
14838.6,7.55457e+16,0.0228985
14853.5,7.57726e+16,0.0229214
14868.3,7.60001e+16,0.0229444
14883.2,7.62283e+16,0.0229673
14898.1,7.64573e+16,0.0229903
14913,7.66869e+16,0.0230133
14927.9,7.69172e+16,0.0230363
14942.8,7.71481e+16,0.0230593
14957.8,7.73798e+16,0.0230824
14972.7,7.76122e+16,0.0231055
14987.7,7.78453e+16,0.0231286
15002.7,7.8079e+16,0.0231517
15017.7,7.83135e+16,0.0231748
15032.7,7.85487e+16,0.023198
15047.7,7.87845e+16,0.0232212
15062.8,7.90211e+16,0.0232444
15077.8,7.92584e+16,0.0232677
15092.9,7.94965e+16,0.023291
15108,7.97352e+16,0.0233142
15123.1,7.99746e+16,0.0233376
15138.2,8.02148e+16,0.0233609
15153.4,8.04557e+16,0.0233843
15168.5,8.06973e+16,0.0234076
15183.7,8.09396e+16,0.023431
15198.9,8.11827e+16,0.0234545
15214.1,8.14265e+16,0.0234779
15229.3,8.1671e+16,0.0235014
15244.5,8.19163e+16,0.0235249
15259.8,8.21622e+16,0.0235484
15275,8.2409e+16,0.023572
15290.3,8.26565e+16,0.0235956
15305.6,8.29047e+16,0.0236192
15320.9,8.31536e+16,0.0236428
15336.2,8.34033e+16,0.0236664
15351.6,8.36538e+16,0.0236901
15366.9,8.3905e+16,0.0237138
15382.3,8.4157e+16,0.0237375
15397.7,8.44097e+16,0.0237612
15413.1,8.46632e+16,0.023785
15428.5,8.49174e+16,0.0238088
15443.9,8.51724e+16,0.0238326
15459.3,8.54282e+16,0.0238564
15474.8,8.56848e+16,0.0238803
15490.3,8.59421e+16,0.0239041
15505.8,8.62002e+16,0.0239281
15521.3,8.6459e+16,0.023952
15536.8,8.67186e+16,0.0239759
15552.3,8.69791e+16,0.0239999
15567.9,8.72403e+16,0.0240239
15583.5,8.75022e+16,0.0240479
15599,8.7765e+16,0.024072
15614.6,8.80286e+16,0.0240961
15630.3,8.82929e+16,0.0241201
15645.9,8.85581e+16,0.0241443
15661.5,8.8824e+16,0.0241684
15677.2,8.90907e+16,0.0241926
15692.9,8.93583e+16,0.0242168
15708.6,8.96266e+16,0.024241
15724.3,8.98958e+16,0.0242652
15740,9.01657e+16,0.0242895
15755.7,9.04365e+16,0.0243138
15771.5,9.07081e+16,0.0243381
15787.3,9.09805e+16,0.0243624
15803.1,9.12537e+16,0.0243868
15818.9,9.15277e+16,0.0244112
15834.7,9.18026e+16,0.0244356
15850.5,9.20783e+16,0.02446
15866.4,9.23548e+16,0.0244845
15882.2,9.26321e+16,0.024509
15898.1,9.29103e+16,0.0245335
15914,9.31893e+16,0.024558
15929.9,9.34692e+16,0.0245826
15945.8,9.37498e+16,0.0246072
15961.8,9.40314e+16,0.0246318
15977.8,9.43137e+16,0.0246564
15993.7,9.4597e+16,0.0246811
16009.7,9.4881e+16,0.0247057
16025.7,9.5166e+16,0.0247304
16041.8,9.54518e+16,0.0247552
16057.8,9.57384e+16,0.0247799
16073.9,9.60259e+16,0.0248047
16089.9,9.63143e+16,0.0248295
16106,9.66035e+16,0.0248543
16122.1,9.68936e+16,0.0248792
16138.3,9.71846e+16,0.0249041
16154.4,9.74764e+16,0.024929
16170.5,9.77691e+16,0.0249539
16186.7,9.80627e+16,0.0249789
16202.9,9.83572e+16,0.0250038
16219.1,9.86526e+16,0.0250288
16235.3,9.89488e+16,0.0250539
16251.6,9.9246e+16,0.0250789
16267.8,9.9544e+16,0.025104
16284.1,9.9843e+16,0.0251291
16300.4,1.00143e+17,0.0251542
16316.7,1.00444e+17,0.0251794
16333,1.00745e+17,0.0252046
16349.3,1.01048e+17,0.0252298
16365.7,1.01351e+17,0.025255
16382,1.01655e+17,0.0252803
16398.4,1.01961e+17,0.0253055
16414.8,1.02267e+17,0.0253308
16431.2,1.02574e+17,0.0253562
16447.7,1.02882e+17,0.0253815
16464.1,1.03191e+17,0.0254069
16480.6,1.03501e+17,0.0254323
16497,1.03812e+17,0.0254578
16513.5,1.04123e+17,0.0254832
16530.1,1.04436e+17,0.0255087
16546.6,1.0475e+17,0.0255342
16563.1,1.05064e+17,0.0255597
16579.7,1.0538e+17,0.0255853
16596.3,1.05696e+17,0.0256109
16612.9,1.06014e+17,0.0256365
16629.5,1.06332e+17,0.0256621
16646.1,1.06651e+17,0.0256878
16662.8,1.06972e+17,0.0257135
16679.4,1.07293e+17,0.0257392
16696.1,1.07615e+17,0.0257649
16712.8,1.07938e+17,0.0257907
16729.5,1.08262e+17,0.0258165
16746.2,1.08588e+17,0.0258423
16763,1.08914e+17,0.0258682
16779.8,1.09241e+17,0.025894
16796.5,1.09569e+17,0.0259199
16813.3,1.09898e+17,0.0259458
16830.1,1.10228e+17,0.0259718
16847,1.10559e+17,0.0259978
16863.8,1.10891e+17,0.0260237
16880.7,1.11224e+17,0.0260498
16897.6,1.11558e+17,0.0260758
16914.5,1.11893e+17,0.0261019
16931.4,1.12229e+17,0.026128
16948.3,1.12566e+17,0.0261541
16965.3,1.12904e+17,0.0261803
16982.2,1.13243e+17,0.0262065
16999.2,1.13583e+17,0.0262327
17016.2,1.13924e+17,0.0262589
17033.2,1.14266e+17,0.0262852
17050.3,1.14609e+17,0.0263114
17067.3,1.14954e+17,0.0263378
17084.4,1.15299e+17,0.0263641
17101.5,1.15645e+17,0.0263905
17118.6,1.15992e+17,0.0264168
17135.7,1.16341e+17,0.0264433
17152.8,1.1669e+17,0.0264697
17170,1.1704e+17,0.0264962
17187.1,1.17392e+17,0.0265227
17204.3,1.17744e+17,0.0265492
17221.5,1.18098e+17,0.0265757
17238.7,1.18453e+17,0.0266023
17256,1.18808e+17,0.0266289
17273.2,1.19165e+17,0.0266556
17290.5,1.19523e+17,0.0266822
17307.8,1.19882e+17,0.0267089
17325.1,1.20242e+17,0.0267356
17342.4,1.20603e+17,0.0267623
17359.8,1.20965e+17,0.0267891
17377.1,1.21328e+17,0.0268159
17394.5,1.21693e+17,0.0268427
17411.9,1.22058e+17,0.0268695
17429.3,1.22425e+17,0.0268964
17446.8,1.22792e+17,0.0269233
17464.2,1.23161e+17,0.0269502
17481.7,1.23531e+17,0.0269772
17499.1,1.23902e+17,0.0270042
17516.6,1.24274e+17,0.0270312
17534.2,1.24647e+17,0.0270582
17551.7,1.25022e+17,0.0270853
17569.2,1.25397e+17,0.0271123
17586.8,1.25774e+17,0.0271395
17604.4,1.26151e+17,0.0271666
17622,1.2653e+17,0.0271938
17639.6,1.2691e+17,0.027221
17657.3,1.27291e+17,0.0272482
17674.9,1.27673e+17,0.0272754
17692.6,1.28057e+17,0.0273027
17710.3,1.28441e+17,0.02733
17728,1.28827e+17,0.0273573
17745.7,1.29214e+17,0.0273847
17763.5,1.29602e+17,0.0274121
17781.2,1.29991e+17,0.0274395
17799,1.30382e+17,0.0274669
17816.8,1.30773e+17,0.0274944
17834.6,1.31166e+17,0.0275219
17852.5,1.3156e+17,0.0275494
17870.3,1.31955e+17,0.027577
17888.2,1.32351e+17,0.0276045
17906.1,1.32748e+17,0.0276321
17924,1.33147e+17,0.0276598
17941.9,1.33547e+17,0.0276874
17959.9,1.33948e+17,0.0277151
17977.8,1.3435e+17,0.0277428
17995.8,1.34754e+17,0.0277706
18013.8,1.35158e+17,0.0277983
18031.8,1.35564e+17,0.0278261
18049.8,1.35971e+17,0.027854
18067.9,1.3638e+17,0.0278818
18086,1.36789e+17,0.0279097
18104,1.372e+17,0.0279376
18122.1,1.37612e+17,0.0279656
18140.3,1.38025e+17,0.0279935
18158.4,1.3844e+17,0.0280215
18176.6,1.38855e+17,0.0280495
18194.7,1.39272e+17,0.0280776
18212.9,1.39691e+17,0.0281057
18231.1,1.4011e+17,0.0281338
18249.4,1.40531e+17,0.0281619
18267.6,1.40953e+17,0.0281901
18285.9,1.41376e+17,0.0282183
18304.2,1.41801e+17,0.0282465
18322.5,1.42227e+17,0.0282747
18340.8,1.42654e+17,0.028303
18359.1,1.43082e+17,0.0283313
18377.5,1.43512e+17,0.0283596
18395.9,1.43943e+17,0.028388
18414.3,1.44375e+17,0.0284164
18432.7,1.44809e+17,0.0284448
18451.1,1.45243e+17,0.0284732
18469.6,1.4568e+17,0.0285017
18488,1.46117e+17,0.0285302
18506.5,1.46556e+17,0.0285587
18525,1.46996e+17,0.0285873
18543.6,1.47437e+17,0.0286159
18562.1,1.4788e+17,0.0286445
18580.7,1.48324e+17,0.0286731
18599.3,1.4877e+17,0.0287018
18617.9,1.49216e+17,0.0287305
18636.5,1.49664e+17,0.0287593
18655.1,1.50114e+17,0.028788
18673.8,1.50565e+17,0.0288168
18692.4,1.51017e+17,0.0288456
18711.1,1.5147e+17,0.0288745
18729.8,1.51925e+17,0.0289033
18748.6,1.52381e+17,0.0289322
18767.3,1.52839e+17,0.0289612
18786.1,1.53298e+17,0.0289901
18804.9,1.53758e+17,0.0290191
18823.7,1.5422e+17,0.0290481
18842.5,1.54683e+17,0.0290772
18861.3,1.55148e+17,0.0291063
18880.2,1.55614e+17,0.0291354
18899.1,1.56081e+17,0.0291645
18918,1.5655e+17,0.0291937
18936.9,1.5702e+17,0.0292229
18955.8,1.57491e+17,0.0292521
18974.8,1.57964e+17,0.0292813
18993.8,1.58439e+17,0.0293106
19012.8,1.58914e+17,0.0293399
19031.8,1.59392e+17,0.0293693
19050.8,1.5987e+17,0.0293986
19069.9,1.6035e+17,0.029428
19088.9,1.60832e+17,0.0294575
19108,1.61315e+17,0.0294869
19127.1,1.61799e+17,0.0295164
19146.3,1.62285e+17,0.0295459
19165.4,1.62773e+17,0.0295755
19184.6,1.63261e+17,0.0296051
19203.7,1.63752e+17,0.0296347
19223,1.64243e+17,0.0296643
19242.2,1.64737e+17,0.029694
19261.4,1.65231e+17,0.0297237
19280.7,1.65728e+17,0.0297534
19300,1.66225e+17,0.0297831
19319.3,1.66724e+17,0.0298129
19338.6,1.67225e+17,0.0298427
19357.9,1.67727e+17,0.0298726
19377.3,1.68231e+17,0.0299024
19396.7,1.68736e+17,0.0299323
19416,1.69243e+17,0.0299623
19435.5,1.69751e+17,0.0299922
19454.9,1.70261e+17,0.0300222
19474.4,1.70772e+17,0.0300523
19493.8,1.71285e+17,0.0300823
19513.3,1.71799e+17,0.0301124
19532.8,1.72315e+17,0.0301425
19552.4,1.72833e+17,0.0301726
19571.9,1.73352e+17,0.0302028
19591.5,1.73872e+17,0.030233
19611.1,1.74394e+17,0.0302632
19630.7,1.74918e+17,0.0302935
19650.3,1.75443e+17,0.0303238
19670,1.7597e+17,0.0303541
19689.6,1.76499e+17,0.0303845
19709.3,1.77029e+17,0.0304149
19729,1.7756e+17,0.0304453
19748.8,1.78094e+17,0.0304757
19768.5,1.78628e+17,0.0305062
19788.3,1.79165e+17,0.0305367
19808.1,1.79703e+17,0.0305672
19827.9,1.80242e+17,0.0305978
19847.7,1.80784e+17,0.0306284
19867.6,1.81327e+17,0.030659
19887.4,1.81871e+17,0.0306897
19907.3,1.82417e+17,0.0307204
19927.2,1.82965e+17,0.0307511
19947.2,1.83515e+17,0.0307819
19967.1,1.84066e+17,0.0308126
19987.1,1.84618e+17,0.0308435
20007.1,1.85173e+17,0.0308743
20027.1,1.85729e+17,0.0309052
20047.1,1.86287e+17,0.0309361
20067.1,1.86846e+17,0.030967
20087.2,1.87407e+17,0.030998
20107.3,1.8797e+17,0.031029
20127.4,1.88534e+17,0.03106
20147.5,1.89101e+17,0.0310911
20167.7,1.89668e+17,0.0311222
20187.8,1.90238e+17,0.0311533
20208,1.90809e+17,0.0311844
20228.2,1.91382e+17,0.0312156
20248.5,1.91957e+17,0.0312468
20268.7,1.92534e+17,0.0312781
20289,1.93112e+17,0.0313094
20309.3,1.93692e+17,0.0313407
20329.6,1.94273e+17,0.031372
20349.9,1.94857e+17,0.0314034
20370.3,1.95442e+17,0.0314348
20390.6,1.96029e+17,0.0314662
20411,1.96617e+17,0.0314977
20431.4,1.97208e+17,0.0315292
20451.9,1.978e+17,0.0315607
20472.3,1.98394e+17,0.0315923
20492.8,1.9899e+17,0.0316239
20513.3,1.99587e+17,0.0316555
20533.8,2.00187e+17,0.0316871
20554.3,2.00788e+17,0.0317188
20574.9,2.01391e+17,0.0317506
20595.5,2.01996e+17,0.0317823
20616.1,2.02602e+17,0.0318141
20636.7,2.03211e+17,0.0318459
20657.3,2.03821e+17,0.0318777
20678,2.04433e+17,0.0319096
20698.6,2.05047e+17,0.0319415
20719.3,2.05663e+17,0.0319735
20740.1,2.0628e+17,0.0320054
20760.8,2.069e+17,0.0320375
20781.6,2.07521e+17,0.0320695
20802.3,2.08144e+17,0.0321016
20823.1,2.08769e+17,0.0321337
20844,2.09396e+17,0.0321658
20864.8,2.10025e+17,0.032198
20885.7,2.10656e+17,0.0322302
20906.6,2.11288e+17,0.0322624
20927.5,2.11923e+17,0.0322946
20948.4,2.12559e+17,0.0323269
20969.3,2.13198e+17,0.0323593
20990.3,2.13838e+17,0.0323916
21011.3,2.1448e+17,0.032424
21032.3,2.15124e+17,0.0324564
21053.3,2.1577e+17,0.0324889
21074.4,2.16418e+17,0.0325214
21095.5,2.17068e+17,0.0325539
21116.6,2.1772e+17,0.0325865
21137.7,2.18374e+17,0.0326191
21158.8,2.19029e+17,0.0326517
21180,2.19687e+17,0.0326843
21201.2,2.20347e+17,0.032717
21222.4,2.21009e+17,0.0327497
21243.6,2.21672e+17,0.0327825
21264.8,2.22338e+17,0.0328153
21286.1,2.23006e+17,0.0328481
21307.4,2.23675e+17,0.0328809
21328.7,2.24347e+17,0.0329138
21350,2.25021e+17,0.0329467
21371.4,2.25696e+17,0.0329797
21392.7,2.26374e+17,0.0330126
21414.1,2.27054e+17,0.0330457
21435.5,2.27736e+17,0.0330787
21457,2.2842e+17,0.0331118
21478.4,2.29106e+17,0.0331449
21499.9,2.29794e+17,0.033178
21521.4,2.30484e+17,0.0332112
21542.9,2.31176e+17,0.0332444
21564.5,2.3187e+17,0.0332777
21586,2.32566e+17,0.0333109
21607.6,2.33265e+17,0.0333443
21629.2,2.33965e+17,0.0333776
21650.9,2.34668e+17,0.033411
21672.5,2.35373e+17,0.0334444
21694.2,2.36079e+17,0.0334778
21715.9,2.36788e+17,0.0335113
21737.6,2.37499e+17,0.0335448
21759.3,2.38213e+17,0.0335784
21781.1,2.38928e+17,0.0336119
21802.9,2.39646e+17,0.0336456
21824.7,2.40365e+17,0.0336792
21846.5,2.41087e+17,0.0337129
21868.4,2.41811e+17,0.0337466
21890.2,2.42537e+17,0.0337803
21912.1,2.43265e+17,0.0338141
21934,2.43996e+17,0.0338479
21956,2.44729e+17,0.0338818
21977.9,2.45464e+17,0.0339157
21999.9,2.46201e+17,0.0339496
22021.9,2.4694e+17,0.0339835
22043.9,2.47682e+17,0.0340175
22066,2.48425e+17,0.0340515
22088,2.49171e+17,0.0340856
22110.1,2.4992e+17,0.0341197
22132.2,2.5067e+17,0.0341538
22154.4,2.51423e+17,0.0341879
22176.5,2.52178e+17,0.0342221
22198.7,2.52935e+17,0.0342564
22220.9,2.53695e+17,0.0342906
22243.1,2.54457e+17,0.0343249
22265.3,2.55221e+17,0.0343592
22287.6,2.55987e+17,0.0343936
22309.9,2.56756e+17,0.034428
22332.2,2.57527e+17,0.0344624
22354.5,2.583e+17,0.0344969
22376.9,2.59076e+17,0.0345314
22399.3,2.59854e+17,0.0345659
22421.7,2.60634e+17,0.0346005
22444.1,2.61417e+17,0.0346351
22466.5,2.62202e+17,0.0346697
22489,2.6299e+17,0.0347044
22511.5,2.63779e+17,0.0347391
22534,2.64571e+17,0.0347738
22556.5,2.65366e+17,0.0348086
22579.1,2.66163e+17,0.0348434
22601.7,2.66962e+17,0.0348782
22624.3,2.67764e+17,0.0349131
22646.9,2.68568e+17,0.034948
22669.5,2.69374e+17,0.034983
22692.2,2.70183e+17,0.035018
22714.9,2.70995e+17,0.035053
22737.6,2.71809e+17,0.035088
22760.4,2.72625e+17,0.0351231
22783.1,2.73443e+17,0.0351582
22805.9,2.74265e+17,0.0351934
22828.7,2.75088e+17,0.0352286
22851.5,2.75914e+17,0.0352638
22874.4,2.76743e+17,0.0352991
22897.3,2.77574e+17,0.0353344
22920.2,2.78407e+17,0.0353697
22943.1,2.79244e+17,0.0354051
22966,2.80082e+17,0.0354405
22989,2.80923e+17,0.0354759
23012,2.81767e+17,0.0355114
23035,2.82613e+17,0.0355469
23058,2.83462e+17,0.0355825
23081.1,2.84313e+17,0.0356181
23104.2,2.85167e+17,0.0356537
23127.3,2.86023e+17,0.0356893
23150.4,2.86882e+17,0.035725
23173.6,2.87743e+17,0.0357607
23196.7,2.88608e+17,0.0357965
23219.9,2.89474e+17,0.0358323
23243.1,2.90344e+17,0.0358681
23266.4,2.91215e+17,0.035904
23289.7,2.9209e+17,0.0359399
23312.9,2.92967e+17,0.0359758
23336.3,2.93847e+17,0.0360118
23359.6,2.94729e+17,0.0360478
23382.9,2.95614e+17,0.0360839
23406.3,2.96502e+17,0.03612
23429.7,2.97393e+17,0.0361561
23453.2,2.98286e+17,0.0361922
23476.6,2.99181e+17,0.0362284
23500.1,3.0008e+17,0.0362647
23523.6,3.00981e+17,0.0363009
23547.1,3.01885e+17,0.0363372
23570.7,3.02791e+17,0.0363736
23594.2,3.03701e+17,0.0364099
23617.8,3.04613e+17,0.0364463
23641.5,3.05527e+17,0.0364828
23665.1,3.06445e+17,0.0365193
23688.8,3.07365e+17,0.0365558
23712.4,3.08288e+17,0.0365923
23736.2,3.09214e+17,0.0366289
23759.9,3.10142e+17,0.0366656
23783.7,3.11074e+17,0.0367022
23807.4,3.12008e+17,0.0367389
23831.2,3.12945e+17,0.0367757
23855.1,3.13885e+17,0.0368125
23878.9,3.14827e+17,0.0368493
23902.8,3.15773e+17,0.0368861
23926.7,3.16721e+17,0.036923
23950.6,3.17672e+17,0.0369599
23974.6,3.18626e+17,0.0369969
23998.6,3.19583e+17,0.0370339
24022.6,3.20543e+17,0.0370709
24046.6,3.21505e+17,0.037108
24070.6,3.22471e+17,0.0371451
24094.7,3.23439e+17,0.0371822
24118.8,3.2441e+17,0.0372194
24142.9,3.25385e+17,0.0372566
24167.1,3.26362e+17,0.0372939
24191.2,3.27342e+17,0.0373312
24215.4,3.28325e+17,0.0373685
24239.6,3.29311e+17,0.0374059
24263.9,3.303e+17,0.0374433
24288.1,3.31292e+17,0.0374807
24312.4,3.32286e+17,0.0375182
24336.7,3.33284e+17,0.0375557
24361.1,3.34285e+17,0.0375933
24385.4,3.35289e+17,0.0376309
24409.8,3.36296e+17,0.0376685
24434.2,3.37306e+17,0.0377062
24458.7,3.38319e+17,0.0377439
24483.1,3.39335e+17,0.0377816
24507.6,3.40354e+17,0.0378194
24532.1,3.41376e+17,0.0378572
24556.6,3.42401e+17,0.0378951
24581.2,3.43429e+17,0.037933
24605.8,3.4446e+17,0.0379709
24630.4,3.45495e+17,0.0380089
24655,3.46532e+17,0.0380469
24679.7,3.47573e+17,0.0380849
24704.4,3.48617e+17,0.038123
24729.1,3.49664e+17,0.0381612
24753.8,3.50714e+17,0.0381993
24778.5,3.51767e+17,0.0382375
24803.3,3.52823e+17,0.0382758
24828.1,3.53883e+17,0.038314
24853,3.54946e+17,0.0383523
24877.8,3.56011e+17,0.0383907
24902.7,3.57081e+17,0.0384291
24927.6,3.58153e+17,0.0384675
24952.5,3.59228e+17,0.038506
24977.5,3.60307e+17,0.0385445
25002.4,3.61389e+17,0.038583
25027.4,3.62474e+17,0.0386216
25052.5,3.63563e+17,0.0386602
25077.5,3.64655e+17,0.0386989
25102.6,3.6575e+17,0.0387376
25127.7,3.66848e+17,0.0387763
25152.8,3.6795e+17,0.0388151
25178,3.69055e+17,0.0388539
25203.2,3.70163e+17,0.0388928
25228.4,3.71275e+17,0.0389317
25253.6,3.7239e+17,0.0389706
25278.9,3.73508e+17,0.0390096
25304.1,3.74629e+17,0.0390486
25329.4,3.75754e+17,0.0390876
25354.8,3.76883e+17,0.0391267
25380.1,3.78015e+17,0.0391658
25405.5,3.7915e+17,0.039205
25430.9,3.80288e+17,0.0392442
25456.3,3.8143e+17,0.0392835
25481.8,3.82576e+17,0.0393227
25507.3,3.83725e+17,0.0393621
25532.8,3.84877e+17,0.0394014
25558.3,3.86033e+17,0.0394408
25583.9,3.87192e+17,0.0394803
25609.5,3.88355e+17,0.0395198
25635.1,3.89521e+17,0.0395593
25660.7,3.90691e+17,0.0395988
25686.4,3.91864e+17,0.0396384
25712,3.93041e+17,0.0396781
25737.8,3.94221e+17,0.0397177
25763.5,3.95405e+17,0.0397575
25789.3,3.96592e+17,0.0397972
25815,3.97783e+17,0.039837
25840.9,3.98978e+17,0.0398769
25866.7,4.00176e+17,0.0399167
25892.6,4.01378e+17,0.0399567
25918.5,4.02583e+17,0.0399966
25944.4,4.03792e+17,0.0400366
25970.3,4.05005e+17,0.0400766
25996.3,4.06221e+17,0.0401167
26022.3,4.07441e+17,0.0401568
26048.3,4.08664e+17,0.040197
26074.4,4.09891e+17,0.0402372
26100.4,4.11122e+17,0.0402774
26126.5,4.12357e+17,0.0403177
26152.7,4.13595e+17,0.040358
26178.8,4.14837e+17,0.0403984
26205,4.16083e+17,0.0404388
26231.2,4.17333e+17,0.0404792
26257.4,4.18586e+17,0.0405197
26283.7,4.19843e+17,0.0405602
26310,4.21104e+17,0.0406008
26336.3,4.22368e+17,0.0406414
26362.6,4.23637e+17,0.040682
26389,4.24909e+17,0.0407227
26415.4,4.26185e+17,0.0407634
26441.8,4.27465e+17,0.0408042
26468.2,4.28748e+17,0.040845
26494.7,4.30036e+17,0.0408858
26521.2,4.31327e+17,0.0409267
26547.7,4.32622e+17,0.0409676
26574.3,4.33922e+17,0.0410086
26600.8,4.35225e+17,0.0410496
26627.4,4.36532e+17,0.0410907
26654.1,4.37843e+17,0.0411318
26680.7,4.39157e+17,0.0411729
26707.4,4.40476e+17,0.0412141
26734.1,4.41799e+17,0.0412553
26760.8,4.43126e+17,0.0412965
26787.6,4.44456e+17,0.0413378
26814.4,4.45791e+17,0.0413792
26841.2,4.4713e+17,0.0414206
26868,4.48473e+17,0.041462
26894.9,4.49819e+17,0.0415034
26921.8,4.5117e+17,0.0415449
26948.7,4.52525e+17,0.0415865
26975.7,4.53884e+17,0.0416281
27002.7,4.55247e+17,0.0416697
27029.7,4.56614e+17,0.0417114
27056.7,4.57985e+17,0.0417531
27083.7,4.59361e+17,0.0417948
27110.8,4.6074e+17,0.0418366
27137.9,4.62124e+17,0.0418785
27165.1,4.63511e+17,0.0419203
27192.2,4.64903e+17,0.0419623
27219.4,4.66299e+17,0.0420042
27246.7,4.677e+17,0.0420462
27273.9,4.69104e+17,0.0420883
27301.2,4.70513e+17,0.0421304
27328.5,4.71926e+17,0.0421725
27355.8,4.73343e+17,0.0422147
27383.2,4.74765e+17,0.0422569
27410.5,4.7619e+17,0.0422991
27438,4.7762e+17,0.0423414
27465.4,4.79055e+17,0.0423838
27492.9,4.80493e+17,0.0424262
27520.3,4.81936e+17,0.0424686
27547.9,4.83383e+17,0.0425111
27575.4,4.84835e+17,0.0425536
27603,4.86291e+17,0.0425961
27630.6,4.87751e+17,0.0426387
27658.2,4.89216e+17,0.0426814
27685.9,4.90685e+17,0.042724
27713.6,4.92159e+17,0.0427668
27741.3,4.93637e+17,0.0428095
27769,4.95119e+17,0.0428523
27796.8,4.96606e+17,0.0428952
27824.6,4.98097e+17,0.0429381
27852.4,4.99593e+17,0.042981
27880.3,5.01093e+17,0.043024
27908.1,5.02598e+17,0.043067
27936.1,5.04107e+17,0.0431101
27964,5.05621e+17,0.0431532
27992,5.07139e+17,0.0431964
28019.9,5.08662e+17,0.0432396
28048,5.1019e+17,0.0432828
28076,5.11722e+17,0.0433261
28104.1,5.13259e+17,0.0433694
28132.2,5.148e+17,0.0434128
28160.3,5.16346e+17,0.0434562
28188.5,5.17897e+17,0.0434996
28216.7,5.19452e+17,0.0435431
28244.9,5.21012e+17,0.0435867
28273.1,5.22576e+17,0.0436303
28301.4,5.24146e+17,0.0436739
28329.7,5.2572e+17,0.0437176
28358,5.27298e+17,0.0437613
28386.4,5.28882e+17,0.0438051
28414.8,5.3047e+17,0.0438489
28443.2,5.32063e+17,0.0438927
28471.6,5.33661e+17,0.0439366
28500.1,5.35263e+17,0.0439805
28528.6,5.36871e+17,0.0440245
28557.1,5.38483e+17,0.0440685
28585.7,5.401e+17,0.0441126
28614.3,5.41722e+17,0.0441567
28642.9,5.43349e+17,0.0442009
28671.5,5.44981e+17,0.0442451
28700.2,5.46617e+17,0.0442893
28728.9,5.48259e+17,0.0443336
28757.6,5.49905e+17,0.0443779
28786.4,5.51556e+17,0.0444223
28815.2,5.53213e+17,0.0444667
28844,5.54874e+17,0.0445112
28872.8,5.5654e+17,0.0445557
28901.7,5.58212e+17,0.0446003
28930.6,5.59888e+17,0.0446449
28959.6,5.61569e+17,0.0446895
28988.5,5.63256e+17,0.0447342
29017.5,5.64947e+17,0.044779
29046.5,5.66644e+17,0.0448237
29075.6,5.68345e+17,0.0448686
29104.6,5.70052e+17,0.0449134
29133.7,5.71764e+17,0.0449583
29162.9,5.73481e+17,0.0450033
29192,5.75203e+17,0.0450483
29221.2,5.7693e+17,0.0450933
29250.5,5.78663e+17,0.0451384
29279.7,5.80401e+17,0.0451836
29309,5.82144e+17,0.0452288
29338.3,5.83892e+17,0.045274
29367.6,5.85645e+17,0.0453193
29397,5.87404e+17,0.0453646
29426.4,5.89168e+17,0.0454099
29455.8,5.90937e+17,0.0454554
29485.3,5.92712e+17,0.0455008
29514.8,5.94492e+17,0.0455463
29544.3,5.96277e+17,0.0455919
29573.8,5.98067e+17,0.0456375
29603.4,5.99863e+17,0.0456831
29633,6.01665e+17,0.0457288
29662.6,6.03472e+17,0.0457745
29692.3,6.05284e+17,0.0458203
29722,6.07102e+17,0.0458661
29751.7,6.08925e+17,0.045912
29781.5,6.10753e+17,0.0459579
29811.2,6.12587e+17,0.0460038
29841.1,6.14427e+17,0.0460498
29870.9,6.16272e+17,0.0460959
29900.8,6.18123e+17,0.046142
29930.7,6.19979e+17,0.0461881
29960.6,6.21841e+17,0.0462343
29990.6,6.23708e+17,0.0462805
30020.6,6.25581e+17,0.0463268
30050.6,6.2746e+17,0.0463732
30080.6,6.29344e+17,0.0464195
30110.7,6.31234e+17,0.0464659
30140.8,6.3313e+17,0.0465124
30171,6.35031e+17,0.0465589
30201.1,6.36938e+17,0.0466055
30231.3,6.38851e+17,0.0466521
30261.6,6.40769e+17,0.0466987
30291.8,6.42693e+17,0.0467454
30322.1,6.44623e+17,0.0467922
30352.4,6.46559e+17,0.046839
30382.8,6.48501e+17,0.0468858
30413.2,6.50448e+17,0.0469327
30443.6,6.52401e+17,0.0469796
30474,6.54361e+17,0.0470266
30504.5,6.56326e+17,0.0470736
30535,6.58297e+17,0.0471207
30565.5,6.60273e+17,0.0471678
30596.1,6.62256e+17,0.047215
30626.7,6.64245e+17,0.0472622
30657.3,6.6624e+17,0.0473095
30688,6.6824e+17,0.0473568
30718.7,6.70247e+17,0.0474041
30749.4,6.7226e+17,0.0474516
30780.1,6.74279e+17,0.047499
30810.9,6.76304e+17,0.0475465
30841.7,6.78335e+17,0.047594
30872.6,6.80372e+17,0.0476416
30903.4,6.82415e+17,0.0476893
30934.3,6.84464e+17,0.047737
30965.3,6.86519e+17,0.0477847
30996.2,6.88581e+17,0.0478325
31027.2,6.90649e+17,0.0478803
31058.3,6.92723e+17,0.0479282
31089.3,6.94803e+17,0.0479761
31120.4,6.9689e+17,0.0480241
31151.5,6.98982e+17,0.0480721
31182.7,7.01081e+17,0.0481202
31213.9,7.03187e+17,0.0481683
31245.1,7.05299e+17,0.0482165
31276.3,7.07417e+17,0.0482647
31307.6,7.09541e+17,0.048313
31338.9,7.11672e+17,0.0483613
31370.3,7.13809e+17,0.0484097
31401.6,7.15952e+17,0.0484581
31433,7.18102e+17,0.0485065
31464.5,7.20259e+17,0.048555
31495.9,7.22422e+17,0.0486036
31527.4,7.24591e+17,0.0486522
31558.9,7.26767e+17,0.0487008
31590.5,7.2895e+17,0.0487495
31622.1,7.31139e+17,0.0487983
31653.7,7.33334e+17,0.0488471
31685.4,7.35536e+17,0.0488959
31717.1,7.37745e+17,0.0489448
31748.8,7.39961e+17,0.0489938
31780.5,7.42183e+17,0.0490428
31812.3,7.44412e+17,0.0490918
31844.1,7.46647e+17,0.0491409
31876,7.48889e+17,0.04919
31907.8,7.51138e+17,0.0492392
31939.7,7.53394e+17,0.0492885
31971.7,7.55656e+17,0.0493378
32003.7,7.57926e+17,0.0493871
32035.7,7.60202e+17,0.0494365
32067.7,7.62484e+17,0.0494859
32099.8,7.64774e+17,0.0495354
32131.9,7.67071e+17,0.0495849
32164,7.69374e+17,0.0496345
32196.2,7.71685e+17,0.0496842
32228.4,7.74002e+17,0.0497338
32260.6,7.76326e+17,0.0497836
32292.8,7.78658e+17,0.0498334
32325.1,7.80996e+17,0.0498832
32357.5,7.83341e+17,0.0499331
32389.8,7.85694e+17,0.049983
32422.2,7.88053e+17,0.050033
32454.6,7.9042e+17,0.050083
32487.1,7.92793e+17,0.0501331
32519.6,7.95174e+17,0.0501832
32552.1,7.97562e+17,0.0502334
32584.6,7.99957e+17,0.0502837
32617.2,8.02359e+17,0.0503339
32649.8,8.04769e+17,0.0503843
32682.5,8.07186e+17,0.0504347
32715.2,8.0961e+17,0.0504851
32747.9,8.12041e+17,0.0505356
32780.6,8.14479e+17,0.0505861
32813.4,8.16925e+17,0.0506367
32846.2,8.19379e+17,0.0506873
32879.1,8.21839e+17,0.050738
32912,8.24307e+17,0.0507888
32944.9,8.26783e+17,0.0508396
32977.8,8.29265e+17,0.0508904
33010.8,8.31756e+17,0.0509413
33043.8,8.34253e+17,0.0509922
33076.9,8.36759e+17,0.0510432
33109.9,8.39271e+17,0.0510943
33143,8.41792e+17,0.0511454
33176.2,8.4432e+17,0.0511965
33209.4,8.46855e+17,0.0512477
33242.6,8.49398e+17,0.0512989
33275.8,8.51949e+17,0.0513502
33309.1,8.54507e+17,0.0514016
33342.4,8.57074e+17,0.051453
33375.7,8.59647e+17,0.0515045
33409.1,8.62229e+17,0.051556
33442.5,8.64818e+17,0.0516075
33476,8.67415e+17,0.0516591
33509.4,8.7002e+17,0.0517108
33543,8.72633e+17,0.0517625
33576.5,8.75253e+17,0.0518143
33610.1,8.77882e+17,0.0518661
33643.7,8.80518e+17,0.0519179
33677.3,8.83162e+17,0.0519698
33711,8.85814e+17,0.0520218
33744.7,8.88474e+17,0.0520738
33778.5,8.91142e+17,0.0521259
33812.2,8.93818e+17,0.052178
33846,8.96503e+17,0.0522302
33879.9,8.99195e+17,0.0522824
33913.8,9.01895e+17,0.0523347
33947.7,9.04603e+17,0.0523871
33981.6,9.0732e+17,0.0524395
34015.6,9.10045e+17,0.0524919
34049.6,9.12778e+17,0.0525444
34083.7,9.15519e+17,0.0525969
34117.8,9.18268e+17,0.0526495
34151.9,9.21025e+17,0.0527022
34186,9.23791e+17,0.0527549
34220.2,9.26565e+17,0.0528076
34254.4,9.29348e+17,0.0528604
34288.7,9.32139e+17,0.0529133
34323,9.34938e+17,0.0529662
34357.3,9.37746e+17,0.0530192
34391.7,9.40562e+17,0.0530722
34426.1,9.43386e+17,0.0531253
34460.5,9.46219e+17,0.0531784
34494.9,9.49061e+17,0.0532316
34529.4,9.51911e+17,0.0532848
34564,9.54769e+17,0.0533381
34598.5,9.57636e+17,0.0533914
34633.1,9.60512e+17,0.0534448
34667.8,9.63397e+17,0.0534983
34702.4,9.6629e+17,0.0535518
34737.1,9.69192e+17,0.0536053
34771.9,9.72102e+17,0.0536589
34806.6,9.75021e+17,0.0537126
34841.4,9.77949e+17,0.0537663
34876.3,9.80886e+17,0.0538201
34911.2,9.83832e+17,0.0538739
34946.1,9.86786e+17,0.0539278
34981,9.89749e+17,0.0539817
35016,9.92722e+17,0.0540357
35051,9.95703e+17,0.0540897
35086.1,9.98693e+17,0.0541438
35121.2,1.00169e+18,0.0541979
35156.3,1.0047e+18,0.0542521
35191.4,1.00772e+18,0.0543064
35226.6,1.01074e+18,0.0543607
35261.9,1.01378e+18,0.054415
35297.1,1.01682e+18,0.0544695
35332.4,1.01988e+18,0.0545239
35367.7,1.02294e+18,0.0545785
35403.1,1.02601e+18,0.054633
35438.5,1.02909e+18,0.0546877
35474,1.03218e+18,0.0547424
35509.4,1.03528e+18,0.0547971
35544.9,1.03839e+18,0.0548519
35580.5,1.04151e+18,0.0549067
35616.1,1.04464e+18,0.0549617
35651.7,1.04777e+18,0.0550166
35687.3,1.05092e+18,0.0550716
35723,1.05408e+18,0.0551267
35758.7,1.05724e+18,0.0551818
35794.5,1.06042e+18,0.055237
35830.3,1.0636e+18,0.0552922
35866.1,1.0668e+18,0.0553475
35902,1.07e+18,0.0554029
35937.9,1.07321e+18,0.0554583
35973.8,1.07643e+18,0.0555138
36009.8,1.07967e+18,0.0555693
36045.8,1.08291e+18,0.0556248
36081.9,1.08616e+18,0.0556805
36117.9,1.08942e+18,0.0557361
36154.1,1.09269e+18,0.0557919
36190.2,1.09598e+18,0.0558477
36226.4,1.09927e+18,0.0559035
36262.6,1.10257e+18,0.0559594
36298.9,1.10588e+18,0.0560154
36335.2,1.1092e+18,0.0560714
36371.5,1.11253e+18,0.0561275
36407.9,1.11587e+18,0.0561836
36444.3,1.11922e+18,0.0562398
36480.8,1.12258e+18,0.056296
36517.2,1.12596e+18,0.0563523
36553.7,1.12934e+18,0.0564087
36590.3,1.13273e+18,0.0564651
36626.9,1.13613e+18,0.0565215
36663.5,1.13954e+18,0.0565781
36700.2,1.14296e+18,0.0566346
36736.9,1.1464e+18,0.0566913
36773.6,1.14984e+18,0.056748
36810.4,1.15329e+18,0.0568047
36847.2,1.15675e+18,0.0568615
36884.1,1.16023e+18,0.0569184
36920.9,1.16371e+18,0.0569753
36957.9,1.16721e+18,0.0570323
36994.8,1.17071e+18,0.0570893
37031.8,1.17423e+18,0.0571464
37068.8,1.17775e+18,0.0572035
37105.9,1.18129e+18,0.0572607
37143,1.18484e+18,0.057318
37180.2,1.1884e+18,0.0573753
37217.3,1.19197e+18,0.0574327
37254.6,1.19554e+18,0.0574901
37291.8,1.19914e+18,0.0575476
37329.1,1.20274e+18,0.0576052
37366.4,1.20635e+18,0.0576628
37403.8,1.20997e+18,0.0577204
37441.2,1.2136e+18,0.0577782
37478.6,1.21725e+18,0.0578359
37516.1,1.2209e+18,0.0578938
37553.6,1.22457e+18,0.0579517
37591.2,1.22825e+18,0.0580096
37628.8,1.23194e+18,0.0580676
37666.4,1.23564e+18,0.0581257
37704.1,1.23935e+18,0.0581838
37741.8,1.24307e+18,0.058242
37779.5,1.2468e+18,0.0583002
37817.3,1.25055e+18,0.0583585
37855.1,1.2543e+18,0.0584169
37893,1.25807e+18,0.0584753
37930.9,1.26185e+18,0.0585338
37968.8,1.26563e+18,0.0585923
38006.8,1.26944e+18,0.0586509
38044.8,1.27325e+18,0.0587096
38082.8,1.27707e+18,0.0587683
38120.9,1.28091e+18,0.058827
38159,1.28475e+18,0.0588859
38197.2,1.28861e+18,0.0589448
38235.4,1.29248e+18,0.0590037
38273.6,1.29636e+18,0.0590627
38311.9,1.30025e+18,0.0591218
38350.2,1.30416e+18,0.0591809
38388.6,1.30808e+18,0.0592401
38426.9,1.312e+18,0.0592993
38465.4,1.31594e+18,0.0593586
38503.8,1.3199e+18,0.059418
38542.3,1.32386e+18,0.0594774
38580.9,1.32783e+18,0.0595369
38619.5,1.33182e+18,0.0595964
38658.1,1.33582e+18,0.059656
38696.7,1.33983e+18,0.0597157
38735.4,1.34386e+18,0.0597754
38774.2,1.34789e+18,0.0598351
38812.9,1.35194e+18,0.059895
38851.8,1.356e+18,0.0599549
38890.6,1.36007e+18,0.0600148
38929.5,1.36416e+18,0.0600748
38968.4,1.36825e+18,0.0601349
39007.4,1.37236e+18,0.0601951
39046.4,1.37648e+18,0.0602553
39085.4,1.38062e+18,0.0603155
39124.5,1.38476e+18,0.0603758
39163.7,1.38892e+18,0.0604362
39202.8,1.39309e+18,0.0604966
39242,1.39728e+18,0.0605571
39281.3,1.40147e+18,0.0606177
39320.5,1.40568e+18,0.0606783
39359.9,1.4099e+18,0.060739
39399.2,1.41414e+18,0.0607997
39438.6,1.41838e+18,0.0608605
39478.1,1.42264e+18,0.0609214
39517.5,1.42691e+18,0.0609823
39557.1,1.4312e+18,0.0610433
39596.6,1.4355e+18,0.0611043
39636.2,1.43981e+18,0.0611654
39675.9,1.44413e+18,0.0612266
39715.5,1.44847e+18,0.0612878
39755.2,1.45282e+18,0.0613491
39795,1.45718e+18,0.0614105
39834.8,1.46156e+18,0.0614719
39874.6,1.46594e+18,0.0615333
39914.5,1.47035e+18,0.0615949
39954.4,1.47476e+18,0.0616565
39994.4,1.47919e+18,0.0617181
40034.4,1.48363e+18,0.0617799
40074.4,1.48809e+18,0.0618416
40114.5,1.49256e+18,0.0619035
40154.6,1.49704e+18,0.0619654
40194.7,1.50154e+18,0.0620273
40234.9,1.50604e+18,0.0620894
40275.2,1.51057e+18,0.0621515
40315.5,1.5151e+18,0.0622136
40355.8,1.51965e+18,0.0622758
40396.1,1.52422e+18,0.0623381
40436.5,1.52879e+18,0.0624004
40477,1.53338e+18,0.0624628
40517.4,1.53799e+18,0.0625253
40557.9,1.54261e+18,0.0625878
40598.5,1.54724e+18,0.0626504
40639.1,1.55189e+18,0.0627131
40679.7,1.55655e+18,0.0627758
40720.4,1.56122e+18,0.0628386
40761.1,1.56591e+18,0.0629014
40801.9,1.57061e+18,0.0629643
40842.7,1.57533e+18,0.0630273
40883.6,1.58006e+18,0.0630903
40924.4,1.5848e+18,0.0631534
40965.4,1.58956e+18,0.0632165
41006.3,1.59434e+18,0.0632797
41047.3,1.59913e+18,0.063343
41088.4,1.60393e+18,0.0634064
41129.5,1.60874e+18,0.0634698
41170.6,1.61357e+18,0.0635332
41211.8,1.61842e+18,0.0635968
41253,1.62328e+18,0.0636604
41294.2,1.62816e+18,0.063724
41335.5,1.63304e+18,0.0637878
41376.9,1.63795e+18,0.0638515
41418.2,1.64287e+18,0.0639154
41459.7,1.6478e+18,0.0639793
41501.1,1.65275e+18,0.0640433
41542.6,1.65771e+18,0.0641073
41584.2,1.66269e+18,0.0641714
41625.7,1.66768e+18,0.0642356
41667.4,1.67269e+18,0.0642999
41709,1.67771e+18,0.0643642
41750.7,1.68275e+18,0.0644285
41792.5,1.68781e+18,0.0644929
41834.3,1.69287e+18,0.0645574
41876.1,1.69796e+18,0.064622
41918,1.70306e+18,0.0646866
41959.9,1.70817e+18,0.0647513
42001.9,1.7133e+18,0.0648161
42043.9,1.71845e+18,0.0648809
42085.9,1.72361e+18,0.0649457
42128,1.72878e+18,0.0650107
42170.1,1.73397e+18,0.0650757
42212.3,1.73918e+18,0.0651408
42254.5,1.7444e+18,0.0652059
42296.8,1.74964e+18,0.0652711
42339.1,1.7549e+18,0.0653364
42381.4,1.76017e+18,0.0654017
42423.8,1.76545e+18,0.0654671
42466.2,1.77075e+18,0.0655326
42508.7,1.77607e+18,0.0655981
42551.2,1.78141e+18,0.0656637
42593.7,1.78676e+18,0.0657294
42636.3,1.79212e+18,0.0657951
42679,1.7975e+18,0.0658609
42721.6,1.8029e+18,0.0659268
42764.4,1.80831e+18,0.0659927
42807.1,1.81374e+18,0.0660587
42849.9,1.81919e+18,0.0661248
42892.8,1.82465e+18,0.0661909
42935.7,1.83013e+18,0.0662571
42978.6,1.83563e+18,0.0663233
43021.6,1.84114e+18,0.0663897
43064.6,1.84667e+18,0.066456
43107.7,1.85222e+18,0.0665225
43150.8,1.85778e+18,0.066589
43193.9,1.86336e+18,0.0666556
43237.1,1.86895e+18,0.0667223
43280.4,1.87457e+18,0.066789
43323.7,1.8802e+18,0.0668558
43367,1.88584e+18,0.0669226
43410.3,1.8915e+18,0.0669896
43453.8,1.89718e+18,0.0670566
43497.2,1.90288e+18,0.0671236
43540.7,1.9086e+18,0.0671907
43584.2,1.91433e+18,0.0672579
43627.8,1.92008e+18,0.0673252
43671.5,1.92584e+18,0.0673925
43715.1,1.93163e+18,0.0674599
43758.8,1.93743e+18,0.0675274
43802.6,1.94324e+18,0.0675949
43846.4,1.94908e+18,0.0676625
43890.3,1.95493e+18,0.0677301
43934.1,1.9608e+18,0.0677979
43978.1,1.96669e+18,0.0678657
44022.1,1.9726e+18,0.0679335
44066.1,1.97852e+18,0.0680015
44110.1,1.98446e+18,0.0680695
44154.3,1.99042e+18,0.0681375
44198.4,1.9964e+18,0.0682057
44242.6,2.0024e+18,0.0682739
44286.9,2.00841e+18,0.0683422
44331.1,2.01444e+18,0.0684105
44375.5,2.02049e+18,0.0684789
44419.8,2.02656e+18,0.0685474
44464.3,2.03264e+18,0.0686159
44508.7,2.03875e+18,0.0686846
44553.2,2.04487e+18,0.0687532
44597.8,2.05101e+18,0.068822
44642.4,2.05717e+18,0.0688908
44687,2.06335e+18,0.0689597
44731.7,2.06954e+18,0.0690287
44776.4,2.07576e+18,0.0690977
44821.2,2.08199e+18,0.0691668
44866,2.08824e+18,0.069236
44910.9,2.09451e+18,0.0693052
44955.8,2.1008e+18,0.0693745
45000.8,2.10711e+18,0.0694439
45045.8,2.11344e+18,0.0695133
45090.8,2.11979e+18,0.0695828
45135.9,2.12615e+18,0.0696524
45181.1,2.13254e+18,0.0697221
45226.2,2.13894e+18,0.0697918
45271.5,2.14537e+18,0.0698616
45316.7,2.15181e+18,0.0699314
45362,2.15827e+18,0.0700014
45407.4,2.16475e+18,0.0700714
45452.8,2.17125e+18,0.0701414
45498.3,2.17777e+18,0.0702116
45543.8,2.18431e+18,0.0702818
45589.3,2.19087e+18,0.0703521
45634.9,2.19745e+18,0.0704224
45680.5,2.20405e+18,0.0704929
45726.2,2.21067e+18,0.0705633
45771.9,2.21731e+18,0.0706339
45817.7,2.22397e+18,0.0707045
45863.5,2.23064e+18,0.0707752
45909.4,2.23734e+18,0.070846
45955.3,2.24406e+18,0.0709169
46001.3,2.2508e+18,0.0709878
46047.3,2.25756e+18,0.0710588
46093.3,2.26434e+18,0.0711298
46139.4,2.27114e+18,0.071201
46185.5,2.27796e+18,0.0712722
46231.7,2.2848e+18,0.0713434
46278,2.29166e+18,0.0714148
46324.2,2.29854e+18,0.0714862
46370.6,2.30545e+18,0.0715577
46416.9,2.31237e+18,0.0716292
46463.3,2.31931e+18,0.0717009
46509.8,2.32628e+18,0.0717726
46556.3,2.33326e+18,0.0718443
46602.9,2.34027e+18,0.0719162
46649.5,2.3473e+18,0.0719881
46696.1,2.35435e+18,0.0720601
46742.8,2.36142e+18,0.0721321
46789.6,2.36851e+18,0.0722043
46836.4,2.37562e+18,0.0722765
46883.2,2.38275e+18,0.0723488
46930.1,2.38991e+18,0.0724211
46977,2.39709e+18,0.0724935
47024,2.40429e+18,0.072566
47071,2.41151e+18,0.0726386
47118.1,2.41875e+18,0.0727112
47165.2,2.42601e+18,0.0727839
47212.4,2.4333e+18,0.0728567
47259.6,2.4406e+18,0.0729296
47306.8,2.44793e+18,0.0730025
47354.1,2.45528e+18,0.0730755
47401.5,2.46266e+18,0.0731486
47448.9,2.47005e+18,0.0732217
47496.3,2.47747e+18,0.073295
47543.8,2.48491e+18,0.0733683
47591.4,2.49237e+18,0.0734416
47639,2.49986e+18,0.0735151
47686.6,2.50736e+18,0.0735886
47734.3,2.51489e+18,0.0736622
47782,2.52245e+18,0.0737358
47829.8,2.53002e+18,0.0738096
47877.7,2.53762e+18,0.0738834
47925.5,2.54524e+18,0.0739573
47973.5,2.55288e+18,0.0740312
48021.4,2.56055e+18,0.0741052
48069.4,2.56824e+18,0.0741794
48117.5,2.57595e+18,0.0742535
48165.6,2.58369e+18,0.0743278
48213.8,2.59144e+18,0.0744021
48262,2.59923e+18,0.0744765
48310.3,2.60703e+18,0.074551
48358.6,2.61486e+18,0.0746255
48406.9,2.62271e+18,0.0747002
48455.4,2.63059e+18,0.0747749
48503.8,2.63849e+18,0.0748496
48552.3,2.64641e+18,0.0749245
48600.9,2.65436e+18,0.0749994
48649.5,2.66233e+18,0.0750744
48698.1,2.67033e+18,0.0751495
48746.8,2.67834e+18,0.0752246
48795.6,2.68639e+18,0.0752999
48844.4,2.69445e+18,0.0753752
48893.2,2.70255e+18,0.0754505
48942.1,2.71066e+18,0.075526
48991,2.7188e+18,0.0756015
49040,2.72697e+18,0.0756771
49089.1,2.73516e+18,0.0757528
49138.2,2.74337e+18,0.0758285
49187.3,2.75161e+18,0.0759044
49236.5,2.75987e+18,0.0759803
49285.7,2.76816e+18,0.0760563
49335,2.77647e+18,0.0761323
49384.3,2.78481e+18,0.0762085
49433.7,2.79317e+18,0.0762847
49483.2,2.80156e+18,0.0763609
49532.6,2.80997e+18,0.0764373
49582.2,2.81841e+18,0.0765137
49631.8,2.82687e+18,0.0765903
49681.4,2.83536e+18,0.0766668
49731.1,2.84388e+18,0.0767435
49780.8,2.85242e+18,0.0768203
49830.6,2.86098e+18,0.0768971
49880.4,2.86958e+18,0.076974
49930.3,2.87819e+18,0.0770509
49980.2,2.88684e+18,0.077128
50030.2,2.89551e+18,0.0772051
50080.2,2.9042e+18,0.0772823
50130.3,2.91292e+18,0.0773596
50180.4,2.92167e+18,0.077437
50230.6,2.93044e+18,0.0775144
50280.9,2.93924e+18,0.0775919
50331.1,2.94807e+18,0.0776695
50381.5,2.95692e+18,0.0777472
50431.8,2.9658e+18,0.0778249
50482.3,2.97471e+18,0.0779028
50532.8,2.98364e+18,0.0779807
50583.3,2.9926e+18,0.0780586
50633.9,3.00159e+18,0.0781367
50684.5,3.0106e+18,0.0782148
50735.2,3.01964e+18,0.0782931
50785.9,3.02871e+18,0.0783713
50836.7,3.03781e+18,0.0784497
50887.6,3.04693e+18,0.0785282
50938.4,3.05608e+18,0.0786067
50989.4,3.06526e+18,0.0786853
51040.4,3.07446e+18,0.078764
51091.4,3.08369e+18,0.0788428
51142.5,3.09295e+18,0.0789216
51193.6,3.10224e+18,0.0790005
51244.8,3.11156e+18,0.0790795
51296.1,3.1209e+18,0.0791586
51347.4,3.13027e+18,0.0792378
51398.7,3.13968e+18,0.079317
51450.1,3.1491e+18,0.0793963
51501.6,3.15856e+18,0.0794757
51553.1,3.16805e+18,0.0795552
51604.6,3.17756e+18,0.0796347
51656.2,3.1871e+18,0.0797144
51707.9,3.19667e+18,0.0797941
51759.6,3.20627e+18,0.0798739
51811.4,3.2159e+18,0.0799538
51863.2,3.22556e+18,0.0800337
51915,3.23524e+18,0.0801137
51966.9,3.24496e+18,0.0801939
52018.9,3.2547e+18,0.080274
52070.9,3.26448e+18,0.0803543
52123,3.27428e+18,0.0804347
52175.1,3.28411e+18,0.0805151
52227.3,3.29398e+18,0.0805956
52279.5,3.30387e+18,0.0806762
52331.8,3.31379e+18,0.0807569
52384.1,3.32374e+18,0.0808377
52436.5,3.33372e+18,0.0809185
52489,3.34373e+18,0.0809994
52541.4,3.35377e+18,0.0810804
52594,3.36385e+18,0.0811615
52646.6,3.37395e+18,0.0812427
52699.2,3.38408e+18,0.0813239
52751.9,3.39424e+18,0.0814052
52804.7,3.40443e+18,0.0814866
52857.5,3.41466e+18,0.0815681
52910.3,3.42491e+18,0.0816497
52963.3,3.4352e+18,0.0817313
53016.2,3.44551e+18,0.0818131
53069.2,3.45586e+18,0.0818949
53122.3,3.46624e+18,0.0819768
53175.4,3.47665e+18,0.0820587
53228.6,3.48709e+18,0.0821408
53281.8,3.49756e+18,0.0822229
53335.1,3.50806e+18,0.0823052
53388.4,3.5186e+18,0.0823875
53441.8,3.52916e+18,0.0824699
53495.3,3.53976e+18,0.0825523
53548.8,3.55039e+18,0.0826349
53602.3,3.56105e+18,0.0827175
53655.9,3.57175e+18,0.0828002
53709.6,3.58247e+18,0.082883
53763.3,3.59323e+18,0.0829659
53817.1,3.60402e+18,0.0830489
53870.9,3.61484e+18,0.0831319
53924.7,3.6257e+18,0.0832151
53978.7,3.63659e+18,0.0832983
54032.6,3.64751e+18,0.0833816
54086.7,3.65846e+18,0.083465
54140.8,3.66945e+18,0.0835484
54194.9,3.68047e+18,0.083632
54249.1,3.69152e+18,0.0837156
54303.3,3.70261e+18,0.0837993
54357.7,3.71372e+18,0.0838831
54412,3.72488e+18,0.083967
54466.4,3.73606e+18,0.084051
54520.9,3.74728e+18,0.084135
54575.4,3.75854e+18,0.0842192
54630,3.76982e+18,0.0843034
54684.6,3.78114e+18,0.0843877
54739.3,3.7925e+18,0.0844721
54794,3.80389e+18,0.0845565
54848.8,3.81531e+18,0.0846411
54903.7,3.82677e+18,0.0847257
54958.6,3.83826e+18,0.0848105
55013.5,3.84979e+18,0.0848953
55068.6,3.86135e+18,0.0849802
55123.6,3.87294e+18,0.0850651
55178.7,3.88457e+18,0.0851502
55233.9,3.89624e+18,0.0852354
55289.2,3.90794e+18,0.0853206
55344.5,3.91967e+18,0.0854059
55399.8,3.93144e+18,0.0854913
55455.2,3.94325e+18,0.0855768
55510.6,3.95509e+18,0.0856624
55566.2,3.96697e+18,0.0857481
55621.7,3.97888e+18,0.0858338
55677.3,3.99083e+18,0.0859196
55733,4.00282e+18,0.0860056
55788.8,4.01484e+18,0.0860916
55844.5,4.02689e+18,0.0861777
55900.4,4.03898e+18,0.0862638
55956.3,4.05111e+18,0.0863501
56012.2,4.06328e+18,0.0864364
56068.3,4.07548e+18,0.0865229
56124.3,4.08772e+18,0.0866094
56180.5,4.1e+18,0.086696
56236.6,4.11231e+18,0.0867827
56292.9,4.12466e+18,0.0868695
56349.2,4.13704e+18,0.0869564
56405.5,4.14947e+18,0.0870433
56461.9,4.16193e+18,0.0871304
56518.4,4.17443e+18,0.0872175
56574.9,4.18696e+18,0.0873047
56631.5,4.19954e+18,0.087392
56688.1,4.21215e+18,0.0874794
56744.8,4.2248e+18,0.0875669
56801.5,4.23748e+18,0.0876545
56858.3,4.25021e+18,0.0877421
56915.2,4.26297e+18,0.0878298
56972.1,4.27577e+18,0.0879177
57029.1,4.28861e+18,0.0880056
57086.1,4.30149e+18,0.0880936
57143.2,4.31441e+18,0.0881817
57200.3,4.32737e+18,0.0882699
57257.5,4.34036e+18,0.0883581
57314.8,4.35339e+18,0.0884465
57372.1,4.36647e+18,0.088535
57429.5,4.37958e+18,0.0886235
57486.9,4.39273e+18,0.0887121
57544.4,4.40592e+18,0.0888008
57601.9,4.41915e+18,0.0888896
57659.6,4.43243e+18,0.0889785
57717.2,4.44574e+18,0.0890675
57774.9,4.45909e+18,0.0891566
57832.7,4.47248e+18,0.0892457
57890.5,4.48591e+18,0.089335
57948.4,4.49938e+18,0.0894243
58006.4,4.51289e+18,0.0895137
58064.4,4.52644e+18,0.0896032
58122.4,4.54004e+18,0.0896928
58180.6,4.55367e+18,0.0897825
58238.7,4.56734e+18,0.0898723
58297,4.58106e+18,0.0899622
58355.3,4.59482e+18,0.0900521
58413.6,4.60862e+18,0.0901422
58472.1,4.62246e+18,0.0902323
58530.5,4.63634e+18,0.0903226
58589.1,4.65026e+18,0.0904129
58647.6,4.66422e+18,0.0905033
58706.3,4.67823e+18,0.0905938
58765,4.69228e+18,0.0906844
58823.8,4.70637e+18,0.0907751
58882.6,4.7205e+18,0.0908659
58941.5,4.73468e+18,0.0909567
59000.4,4.7489e+18,0.0910477
59059.4,4.76316e+18,0.0911387
59118.5,4.77746e+18,0.0912299
59177.6,4.79181e+18,0.0913211
59236.8,4.8062e+18,0.0914124
59296,4.82063e+18,0.0915038
59355.3,4.83511e+18,0.0915953
59414.7,4.84963e+18,0.0916869
59474.1,4.86419e+18,0.0917786
59533.5,4.8788e+18,0.0918704
59593.1,4.89345e+18,0.0919623
59652.7,4.90814e+18,0.0920542
59712.3,4.92288e+18,0.0921463
59772,4.93767e+18,0.0922384
59831.8,4.95249e+18,0.0923307
59891.6,4.96737e+18,0.092423
59951.5,4.98228e+18,0.0925154
60011.5,4.99725e+18,0.0926079
60071.5,5.01225e+18,0.0927006
60131.6,5.0273e+18,0.0927933
60191.7,5.0424e+18,0.092886
60251.9,5.05754e+18,0.0929789
60312.1,5.07273e+18,0.0930719
60372.5,5.08797e+18,0.093165
60432.8,5.10324e+18,0.0932581
60493.3,5.11857e+18,0.0933514
60553.8,5.13394e+18,0.0934448
60614.3,5.14936e+18,0.0935382
60674.9,5.16482e+18,0.0936317
60735.6,5.18033e+18,0.0937254
60796.3,5.19589e+18,0.0938191
60857.1,5.21149e+18,0.0939129
60918,5.22714e+18,0.0940068
60978.9,5.24284e+18,0.0941008
61039.9,5.25858e+18,0.0941949
61100.9,5.27437e+18,0.0942891
61162,5.29021e+18,0.0943834
61223.2,5.3061e+18,0.0944778
61284.4,5.32203e+18,0.0945723
61345.7,5.33802e+18,0.0946669
61407,5.35405e+18,0.0947615
61468.4,5.37012e+18,0.0948563
61529.9,5.38625e+18,0.0949511
61591.4,5.40243e+18,0.0950461
61653,5.41865e+18,0.0951411
61714.7,5.43492e+18,0.0952363
61776.4,5.45124e+18,0.0953315
61838.2,5.46761e+18,0.0954268
61900,5.48403e+18,0.0955223
61961.9,5.5005e+18,0.0956178
62023.9,5.51702e+18,0.0957134
62085.9,5.53359e+18,0.0958091
62148,5.5502e+18,0.0959049
62210.1,5.56687e+18,0.0960008
62272.3,5.58359e+18,0.0960968
62334.6,5.60036e+18,0.0961929
62397,5.61717e+18,0.0962891
62459.3,5.63404e+18,0.0963854
62521.8,5.65096e+18,0.0964818
62584.3,5.66793e+18,0.0965783
62646.9,5.68495e+18,0.0966749
62709.6,5.70202e+18,0.0967715
62772.3,5.71915e+18,0.0968683
62835,5.73632e+18,0.0969652
62897.9,5.75355e+18,0.0970621
62960.8,5.77082e+18,0.0971592
63023.7,5.78815e+18,0.0972564
63086.8,5.80554e+18,0.0973536
63149.8,5.82297e+18,0.097451
63213,5.84046e+18,0.0975484
63276.2,5.858e+18,0.097646
63339.5,5.87559e+18,0.0977436
63402.8,5.89323e+18,0.0978414
63466.2,5.91093e+18,0.0979392
63529.7,5.92868e+18,0.0980371
63593.2,5.94648e+18,0.0981352
63656.8,5.96434e+18,0.0982333
63720.5,5.98225e+18,0.0983316
63784.2,6.00022e+18,0.0984299
63848,6.01824e+18,0.0985283
63911.8,6.03631e+18,0.0986268
63975.7,6.05443e+18,0.0987255
64039.7,6.07262e+18,0.0988242
64103.8,6.09085e+18,0.098923
64167.9,6.10914e+18,0.0990219
64232,6.12749e+18,0.099121
64296.3,6.14589e+18,0.0992201
64360.6,6.16435e+18,0.0993193
64424.9,6.18286e+18,0.0994186
64489.3,6.20142e+18,0.099518
64553.8,6.22005e+18,0.0996176
64618.4,6.23873e+18,0.0997172
64683,6.25746e+18,0.0998169
64747.7,6.27625e+18,0.0999167
64812.4,6.2951e+18,0.100017
64877.2,6.314e+18,0.100117
64942.1,6.33297e+18,0.100217
65007.1,6.35198e+18,0.100317
65072.1,6.37106e+18,0.100417
65137.1,6.39019e+18,0.100518
65202.3,6.40938e+18,0.100618
65267.5,6.42863e+18,0.100719
65332.7,6.44793e+18,0.10082
65398.1,6.4673e+18,0.10092
65463.5,6.48672e+18,0.101021
65528.9,6.5062e+18,0.101122
65594.5,6.52573e+18,0.101223
65660.1,6.54533e+18,0.101325
65725.7,6.56499e+18,0.101426
65791.5,6.5847e+18,0.101527
65857.2,6.60448e+18,0.101629
65923.1,6.62431e+18,0.101731
65989,6.6442e+18,0.101832
66055,6.66415e+18,0.101934
66121.1,6.68417e+18,0.102036
66187.2,6.70424e+18,0.102138
66253.4,6.72437e+18,0.10224
66319.6,6.74457e+18,0.102342
66386,6.76482e+18,0.102445
66452.3,6.78513e+18,0.102547
66518.8,6.80551e+18,0.10265
66585.3,6.82595e+18,0.102752
66651.9,6.84645e+18,0.102855
66718.5,6.86701e+18,0.102958
66785.3,6.88763e+18,0.103061
66852,6.90831e+18,0.103164
66918.9,6.92906e+18,0.103267
66985.8,6.94986e+18,0.103371
67052.8,6.97073e+18,0.103474
67119.9,6.99167e+18,0.103577
67187,7.01266e+18,0.103681
67254.2,7.03372e+18,0.103785
67321.4,7.05484e+18,0.103888
67388.7,7.07603e+18,0.103992
67456.1,7.09728e+18,0.104096
67523.6,7.11859e+18,0.1042
67591.1,7.13997e+18,0.104305
67658.7,7.16141e+18,0.104409
67726.4,7.18292e+18,0.104513
67794.1,7.20449e+18,0.104618
67861.9,7.22612e+18,0.104722
67929.7,7.24782e+18,0.104827
67997.7,7.26959e+18,0.104932
68065.7,7.29142e+18,0.105037
68133.7,7.31331e+18,0.105142
68201.9,7.33528e+18,0.105247
68270.1,7.3573e+18,0.105352
68338.3,7.3794e+18,0.105458
68406.7,7.40156e+18,0.105563
68475.1,7.42379e+18,0.105669
68543.6,7.44608e+18,0.105774
68612.1,7.46844e+18,0.10588
68680.7,7.49087e+18,0.105986
68749.4,7.51336e+18,0.106092
68818.1,7.53593e+18,0.106198
68887,7.55856e+18,0.106304
68955.9,7.58125e+18,0.106411
69024.8,7.60402e+18,0.106517
69093.8,7.62686e+18,0.106624
69162.9,7.64976e+18,0.10673
69232.1,7.67273e+18,0.106837
69301.3,7.69577e+18,0.106944
69370.6,7.71888e+18,0.107051
69440,7.74206e+18,0.107158
69509.4,7.76531e+18,0.107265
69578.9,7.78863e+18,0.107372
69648.5,7.81202e+18,0.10748
69718.2,7.83548e+18,0.107587
69787.9,7.85901e+18,0.107695
69857.7,7.88261e+18,0.107802
69927.5,7.90628e+18,0.10791
69997.5,7.93002e+18,0.108018
70067.5,7.95384e+18,0.108126
70137.5,7.97772e+18,0.108234
70207.7,8.00168e+18,0.108342
70277.9,8.02571e+18,0.108451
70348.1,8.04981e+18,0.108559
70418.5,8.07398e+18,0.108668
70488.9,8.09823e+18,0.108776
70559.4,8.12255e+18,0.108885
70630,8.14694e+18,0.108994
70700.6,8.17141e+18,0.109103
70771.3,8.19595e+18,0.109212
70842.1,8.22056e+18,0.109321
70912.9,8.24524e+18,0.109431
70983.8,8.27001e+18,0.10954
71054.8,8.29484e+18,0.10965
71125.9,8.31975e+18,0.109759
71197,8.34473e+18,0.109869
71268.2,8.36979e+18,0.109979
71339.4,8.39493e+18,0.110089
71410.8,8.42014e+18,0.110199
71482.2,8.44542e+18,0.110309
71553.7,8.47078e+18,0.11042
71625.2,8.49622e+18,0.11053
71696.9,8.52174e+18,0.11064
71768.6,8.54733e+18,0.110751
71840.3,8.573e+18,0.110862
71912.2,8.59874e+18,0.110973
71984.1,8.62456e+18,0.111084
72056.1,8.65046e+18,0.111195
72128.1,8.67644e+18,0.111306
72200.2,8.70249e+18,0.111417
72272.4,8.72863e+18,0.111529
72344.7,8.75484e+18,0.11164
72417.1,8.78113e+18,0.111752
72489.5,8.8075e+18,0.111864
72562,8.83395e+18,0.111975
72634.5,8.86048e+18,0.112087
72707.2,8.88709e+18,0.1122
72779.9,8.91377e+18,0.112312
72852.7,8.94054e+18,0.112424
72925.5,8.96739e+18,0.112536
72998.4,8.99432e+18,0.112649
73071.4,9.02133e+18,0.112762
73144.5,9.04842e+18,0.112874
73217.6,9.07559e+18,0.112987
73290.9,9.10285e+18,0.1131
73364.2,9.13018e+18,0.113213
73437.5,9.1576e+18,0.113327
73511,9.1851e+18,0.11344
73584.5,9.21268e+18,0.113553
73658.1,9.24035e+18,0.113667
73731.7,9.2681e+18,0.113781
73805.4,9.29593e+18,0.113894
73879.2,9.32385e+18,0.114008
73953.1,9.35185e+18,0.114122
74027.1,9.37993e+18,0.114236
74101.1,9.4081e+18,0.114351
74175.2,9.43635e+18,0.114465
74249.4,9.46469e+18,0.114579
74323.6,9.49311e+18,0.114694
74398,9.52162e+18,0.114809
74472.4,9.55021e+18,0.114924
74546.8,9.57889e+18,0.115038
74621.4,9.60766e+18,0.115153
74696,9.63651e+18,0.115269
74770.7,9.66545e+18,0.115384
74845.5,9.69447e+18,0.115499
74920.3,9.72358e+18,0.115615
74995.2,9.75278e+18,0.11573
75070.2,9.78207e+18,0.115846
75145.3,9.81145e+18,0.115962
75220.4,9.84091e+18,0.116078
75295.7,9.87046e+18,0.116194
75371,9.9001e+18,0.11631
75446.3,9.92983e+18,0.116427
75521.8,9.95965e+18,0.116543
75597.3,9.98956e+18,0.11666
75672.9,1.00196e+19,0.116776
75748.6,1.00496e+19,0.116893
75824.3,1.00798e+19,0.11701
75900.1,1.01101e+19,0.117127
75976,1.01405e+19,0.117244
76052,1.01709e+19,0.117361
76128.1,1.02015e+19,0.117479
76204.2,1.02321e+19,0.117596
76280.4,1.02628e+19,0.117714
76356.7,1.02936e+19,0.117831
76433,1.03245e+19,0.117949
76509.5,1.03556e+19,0.118067
76586,1.03866e+19,0.118185
76662.6,1.04178e+19,0.118303
76739.2,1.04491e+19,0.118422
76816,1.04805e+19,0.11854
76892.8,1.0512e+19,0.118659
76969.7,1.05435e+19,0.118777
77046.6,1.05752e+19,0.118896
77123.7,1.0607e+19,0.119015
77200.8,1.06388e+19,0.119134
77278,1.06708e+19,0.119253
77355.3,1.07028e+19,0.119372
77432.6,1.07349e+19,0.119492
77510.1,1.07672e+19,0.119611
77587.6,1.07995e+19,0.119731
77665.2,1.0832e+19,0.119851
77742.8,1.08645e+19,0.11997
77820.6,1.08971e+19,0.12009
77898.4,1.09298e+19,0.120211
77976.3,1.09627e+19,0.120331
78054.3,1.09956e+19,0.120451
78132.3,1.10286e+19,0.120572
78210.5,1.10617e+19,0.120692
78288.7,1.10949e+19,0.120813
78367,1.11282e+19,0.120934
78445.3,1.11617e+19,0.121055
78523.8,1.11952e+19,0.121176
78602.3,1.12288e+19,0.121297
78680.9,1.12625e+19,0.121418
78759.6,1.12963e+19,0.121539
78838.3,1.13303e+19,0.121661
78917.2,1.13643e+19,0.121783
78996.1,1.13984e+19,0.121904
79075.1,1.14326e+19,0.122026
79154.2,1.1467e+19,0.122148
79233.3,1.15014e+19,0.122271
79312.6,1.1536e+19,0.122393
79391.9,1.15706e+19,0.122515
79471.3,1.16053e+19,0.122638
79550.7,1.16402e+19,0.12276
79630.3,1.16752e+19,0.122883
79709.9,1.17102e+19,0.123006
79789.6,1.17454e+19,0.123129
79869.4,1.17806e+19,0.123252
79949.3,1.1816e+19,0.123375
80029.2,1.18515e+19,0.123499
80109.3,1.18871e+19,0.123622
80189.4,1.19228e+19,0.123746
80269.6,1.19586e+19,0.12387
80349.8,1.19945e+19,0.123993
80430.2,1.20305e+19,0.124117
80510.6,1.20667e+19,0.124242
80591.1,1.21029e+19,0.124366
80671.7,1.21392e+19,0.12449
80752.4,1.21757e+19,0.124615
80833.1,1.22123e+19,0.124739
80914,1.22489e+19,0.124864
80994.9,1.22857e+19,0.124989
81075.9,1.23226e+19,0.125114
81157,1.23596e+19,0.125239
81238.1,1.23967e+19,0.125364
81319.4,1.2434e+19,0.12549
81400.7,1.24713e+19,0.125615
81482.1,1.25087e+19,0.125741
81563.6,1.25463e+19,0.125866
81645.1,1.2584e+19,0.125992
81726.8,1.26218e+19,0.126118
81808.5,1.26597e+19,0.126244
81890.3,1.26977e+19,0.126371
81972.2,1.27358e+19,0.126497
82054.2,1.27741e+19,0.126624
82136.2,1.28124e+19,0.12675
82218.4,1.28509e+19,0.126877
82300.6,1.28895e+19,0.127004
82382.9,1.29282e+19,0.127131
82465.3,1.2967e+19,0.127258
82547.7,1.3006e+19,0.127385
82630.3,1.3045e+19,0.127513
82712.9,1.30842e+19,0.12764
82795.6,1.31235e+19,0.127768
82878.4,1.31629e+19,0.127896
82961.3,1.32024e+19,0.128023
83044.2,1.32421e+19,0.128151
83127.3,1.32818e+19,0.12828
83210.4,1.33217e+19,0.128408
83293.6,1.33617e+19,0.128536
83376.9,1.34019e+19,0.128665
83460.3,1.34421e+19,0.128793
83543.8,1.34825e+19,0.128922
83627.3,1.3523e+19,0.129051
83710.9,1.35636e+19,0.12918
83794.6,1.36043e+19,0.129309
83878.4,1.36452e+19,0.129439
83962.3,1.36861e+19,0.129568
84046.3,1.37272e+19,0.129698
84130.3,1.37685e+19,0.129827
84214.5,1.38098e+19,0.129957
84298.7,1.38513e+19,0.130087
84383,1.38929e+19,0.130217
84467.3,1.39346e+19,0.130348
84551.8,1.39764e+19,0.130478
84636.4,1.40184e+19,0.130608
84721,1.40605e+19,0.130739
84805.7,1.41027e+19,0.13087
84890.5,1.41451e+19,0.131001
84975.4,1.41876e+19,0.131132
85060.4,1.42302e+19,0.131263
85145.5,1.42729e+19,0.131394
85230.6,1.43158e+19,0.131525
85315.8,1.43587e+19,0.131657
85401.1,1.44019e+19,0.131789
85486.5,1.44451e+19,0.13192
85572,1.44885e+19,0.132052
85657.6,1.4532e+19,0.132184
85743.3,1.45756e+19,0.132316
85829,1.46194e+19,0.132449
85914.8,1.46633e+19,0.132581
86000.8,1.47073e+19,0.132714
86086.8,1.47515e+19,0.132847
86172.8,1.47958e+19,0.132979
86259,1.48402e+19,0.133112
86345.3,1.48848e+19,0.133245
86431.6,1.49295e+19,0.133379
86518,1.49743e+19,0.133512
86604.6,1.50193e+19,0.133646
86691.2,1.50644e+19,0.133779
86777.9,1.51097e+19,0.133913
86864.6,1.5155e+19,0.134047
86951.5,1.52005e+19,0.134181
87038.5,1.52462e+19,0.134315
87125.5,1.5292e+19,0.134449
87212.6,1.53379e+19,0.134584
87299.8,1.5384e+19,0.134719
87387.1,1.54301e+19,0.134853
87474.5,1.54765e+19,0.134988
87562,1.5523e+19,0.135123
87649.6,1.55696e+19,0.135258
87737.2,1.56163e+19,0.135393
87824.9,1.56632e+19,0.135529
87912.8,1.57103e+19,0.135664
88000.7,1.57574e+19,0.1358
88088.7,1.58048e+19,0.135936
88176.8,1.58522e+19,0.136072
88264.9,1.58998e+19,0.136208
88353.2,1.59476e+19,0.136344
88441.6,1.59955e+19,0.13648
88530,1.60435e+19,0.136617
88618.5,1.60917e+19,0.136754
88707.2,1.614e+19,0.13689
88795.9,1.61885e+19,0.137027
88884.7,1.62371e+19,0.137164
88973.5,1.62858e+19,0.137301
89062.5,1.63348e+19,0.137439
89151.6,1.63838e+19,0.137576
89240.7,1.6433e+19,0.137714
89330,1.64824e+19,0.137851
89419.3,1.65319e+19,0.137989
89508.7,1.65815e+19,0.138127
89598.2,1.66313e+19,0.138265
89687.8,1.66812e+19,0.138404
89777.5,1.67313e+19,0.138542
89867.3,1.67816e+19,0.138681
89957.2,1.6832e+19,0.138819
90047.1,1.68825e+19,0.138958
90137.2,1.69332e+19,0.139097
90227.3,1.69841e+19,0.139236
90317.5,1.70351e+19,0.139375
90407.8,1.70862e+19,0.139515
90498.3,1.71375e+19,0.139654
90588.8,1.7189e+19,0.139794
90679.3,1.72406e+19,0.139934
90770,1.72924e+19,0.140074
90860.8,1.73443e+19,0.140214
90951.7,1.73964e+19,0.140354
91042.6,1.74486e+19,0.140494
91133.6,1.7501e+19,0.140635
91224.8,1.75536e+19,0.140775
91316,1.76063e+19,0.140916
91407.3,1.76592e+19,0.141057
91498.7,1.77122e+19,0.141198
91590.2,1.77654e+19,0.141339
91681.8,1.78188e+19,0.141481
91773.5,1.78723e+19,0.141622
91865.3,1.79259e+19,0.141764
91957.1,1.79798e+19,0.141906
92049.1,1.80338e+19,0.142047
92141.1,1.80879e+19,0.142189
92233.3,1.81422e+19,0.142332
92325.5,1.81967e+19,0.142474
92417.8,1.82514e+19,0.142616
92510.3,1.83062e+19,0.142759
92602.8,1.83611e+19,0.142902
92695.4,1.84163e+19,0.143045
92788.1,1.84716e+19,0.143188
92880.9,1.85271e+19,0.143331
92973.7,1.85827e+19,0.143474
93066.7,1.86385e+19,0.143618
93159.8,1.86945e+19,0.143761
93252.9,1.87506e+19,0.143905
93346.2,1.88069e+19,0.144049
93439.5,1.88634e+19,0.144193
93533,1.892e+19,0.144337
93626.5,1.89769e+19,0.144482
93720.1,1.90338e+19,0.144626
93813.9,1.9091e+19,0.144771
93907.7,1.91483e+19,0.144916
94001.6,1.92058e+19,0.14506
94095.6,1.92635e+19,0.145206
94189.7,1.93214e+19,0.145351
94283.9,1.93794e+19,0.145496
94378.1,1.94376e+19,0.145642
94472.5,1.94959e+19,0.145787
94567,1.95545e+19,0.145933
94661.6,1.96132e+19,0.146079
94756.2,1.96721e+19,0.146225
94851,1.97312e+19,0.146371
94945.8,1.97904e+19,0.146518
95040.8,1.98499e+19,0.146664
95135.8,1.99095e+19,0.146811
95231,1.99693e+19,0.146958
95326.2,2.00292e+19,0.147105
95421.5,2.00894e+19,0.147252
95516.9,2.01497e+19,0.147399
95612.5,2.02102e+19,0.147546
95708.1,2.02709e+19,0.147694
95803.8,2.03318e+19,0.147842
95899.6,2.03928e+19,0.147989
95995.5,2.04541e+19,0.148137
96091.5,2.05155e+19,0.148286
96187.6,2.05771e+19,0.148434
96283.8,2.06389e+19,0.148582
96380,2.07009e+19,0.148731
96476.4,2.07631e+19,0.14888
96572.9,2.08254e+19,0.149028
96669.5,2.08879e+19,0.149177
96766.1,2.09507e+19,0.149327
96862.9,2.10136e+19,0.149476
96959.8,2.10767e+19,0.149625
97056.7,2.114e+19,0.149775
97153.8,2.12035e+19,0.149925
97250.9,2.12671e+19,0.150075
97348.2,2.1331e+19,0.150225
97445.5,2.13951e+19,0.150375
97543,2.14593e+19,0.150525
97640.5,2.15238e+19,0.150676
97738.2,2.15884e+19,0.150827
97835.9,2.16532e+19,0.150977
97933.7,2.17182e+19,0.151128
98031.7,2.17835e+19,0.15128
98129.7,2.18489e+19,0.151431
98227.8,2.19145e+19,0.151582
98326.1,2.19803e+19,0.151734
98424.4,2.20463e+19,0.151886
98522.8,2.21125e+19,0.152037
98621.3,2.21789e+19,0.15219
98720,2.22455e+19,0.152342
98818.7,2.23123e+19,0.152494
98917.5,2.23793e+19,0.152647
99016.4,2.24465e+19,0.152799
99115.4,2.25139e+19,0.152952
99214.5,2.25815e+19,0.153105
99313.8,2.26494e+19,0.153258
99413.1,2.27174e+19,0.153411
99512.5,2.27856e+19,0.153565
99612,2.2854e+19,0.153718
99711.6,2.29226e+19,0.153872
99811.3,2.29915e+19,0.154026
99911.1,2.30605e+19,0.15418
100011,2.31298e+19,0.154334
100111,2.31992e+19,0.154488
100211,2.32689e+19,0.154643
100311,2.33388e+19,0.154798
100412,2.34089e+19,0.154952
100512,2.34792e+19,0.155107
100613,2.35497e+19,0.155262
100713,2.36204e+19,0.155418
100814,2.36913e+19,0.155573
100915,2.37625e+19,0.155729
101016,2.38338e+19,0.155884
101117,2.39054e+19,0.15604
101218,2.39772e+19,0.156196
101319,2.40492e+19,0.156353
101420,2.41214e+19,0.156509
101522,2.41939e+19,0.156665
101623,2.42665e+19,0.156822
101725,2.43394e+19,0.156979
101827,2.44125e+19,0.157136
101928,2.44858e+19,0.157293
102030,2.45593e+19,0.15745
102132,2.46331e+19,0.157608
102235,2.4707e+19,0.157765
102337,2.47812e+19,0.157923
102439,2.48556e+19,0.158081
102542,2.49303e+19,0.158239
102644,2.50052e+19,0.158397
102747,2.50802e+19,0.158556
102849,2.51556e+19,0.158714
102952,2.52311e+19,0.158873
103055,2.53069e+19,0.159032
103158,2.53829e+19,0.159191
103261,2.54591e+19,0.15935
103365,2.55355e+19,0.159509
103468,2.56122e+19,0.159669
103572,2.56891e+19,0.159829
103675,2.57663e+19,0.159988
103779,2.58437e+19,0.160148
103883,2.59213e+19,0.160309
103987,2.59991e+19,0.160469
104090,2.60772e+19,0.160629
104195,2.61555e+19,0.16079
104299,2.6234e+19,0.160951
104403,2.63128e+19,0.161112
104507,2.63918e+19,0.161273
104612,2.64711e+19,0.161434
104717,2.65506e+19,0.161596
104821,2.66303e+19,0.161757
104926,2.67103e+19,0.161919
105031,2.67905e+19,0.162081
105136,2.6871e+19,0.162243
105241,2.69517e+19,0.162405
105346,2.70326e+19,0.162568
105452,2.71138e+19,0.16273
105557,2.71952e+19,0.162893
105663,2.72769e+19,0.163056
105768,2.73588e+19,0.163219
105874,2.74409e+19,0.163382
105980,2.75233e+19,0.163545
106086,2.7606e+19,0.163709
106192,2.76889e+19,0.163873
106298,2.7772e+19,0.164037
106405,2.78554e+19,0.164201
106511,2.79391e+19,0.164365
106618,2.8023e+19,0.164529
106724,2.81071e+19,0.164694
106831,2.81915e+19,0.164858
106938,2.82762e+19,0.165023
107045,2.83611e+19,0.165188
107152,2.84463e+19,0.165353
107259,2.85317e+19,0.165519
107366,2.86174e+19,0.165684
107474,2.87033e+19,0.16585
107581,2.87895e+19,0.166016
107689,2.8876e+19,0.166182
107796,2.89627e+19,0.166348
107904,2.90497e+19,0.166514
108012,2.91369e+19,0.166681
108120,2.92244e+19,0.166848
108228,2.93122e+19,0.167014
108336,2.94002e+19,0.167181
108445,2.94885e+19,0.167349
108553,2.9577e+19,0.167516
108662,2.96659e+19,0.167683
108770,2.97549e+19,0.167851
108879,2.98443e+19,0.168019
108988,2.99339e+19,0.168187
109097,3.00238e+19,0.168355
109206,3.0114e+19,0.168524
109315,3.02044e+19,0.168692
109425,3.02951e+19,0.168861
109534,3.03861e+19,0.16903
109644,3.04773e+19,0.169199
109753,3.05689e+19,0.169368
109863,3.06607e+19,0.169537
109973,3.07527e+19,0.169707
110083,3.08451e+19,0.169876
110193,3.09377e+19,0.170046
110303,3.10306e+19,0.170216
110413,3.11238e+19,0.170387
110524,3.12173e+19,0.170557
110634,3.1311e+19,0.170728
110745,3.1405e+19,0.170898
110856,3.14993e+19,0.171069
110967,3.15939e+19,0.17124
111077,3.16888e+19,0.171412
111189,3.1784e+19,0.171583
111300,3.18794e+19,0.171754
111411,3.19752e+19,0.171926
111522,3.20712e+19,0.172098
111634,3.21675e+19,0.17227
111746,3.22641e+19,0.172443
111857,3.2361e+19,0.172615
111969,3.24582e+19,0.172788
112081,3.25556e+19,0.17296
112193,3.26534e+19,0.173133
112305,3.27514e+19,0.173306
112418,3.28498e+19,0.17348
112530,3.29484e+19,0.173653
112643,3.30474e+19,0.173827
112755,3.31466e+19,0.174001
112868,3.32462e+19,0.174175
112981,3.3346e+19,0.174349
113094,3.34461e+19,0.174523
113207,3.35466e+19,0.174698
113320,3.36473e+19,0.174872
113434,3.37484e+19,0.175047
113547,3.38497e+19,0.175222
113661,3.39514e+19,0.175398
113774,3.40533e+19,0.175573
113888,3.41556e+19,0.175749
114002,3.42582e+19,0.175924
114116,3.4361e+19,0.1761
114230,3.44642e+19,0.176276
114344,3.45677e+19,0.176453
114459,3.46715e+19,0.176629
114573,3.47756e+19,0.176806
114688,3.48801e+19,0.176983
114802,3.49848e+19,0.17716
114917,3.50899e+19,0.177337
115032,3.51953e+19,0.177514
115147,3.53009e+19,0.177692
115262,3.5407e+19,0.177869
115377,3.55133e+19,0.178047
115493,3.56199e+19,0.178225
115608,3.57269e+19,0.178403
115724,3.58342e+19,0.178582
115840,3.59418e+19,0.17876
115956,3.60497e+19,0.178939
116071,3.6158e+19,0.179118
116188,3.62666e+19,0.179297
116304,3.63755e+19,0.179476
116420,3.64847e+19,0.179656
116536,3.65943e+19,0.179836
116653,3.67042e+19,0.180015
116770,3.68144e+19,0.180195
116886,3.69249e+19,0.180376
117003,3.70358e+19,0.180556
117120,3.7147e+19,0.180737
117237,3.72586e+19,0.180917
117355,3.73705e+19,0.181098
117472,3.74827e+19,0.181279
117589,3.75953e+19,0.181461
117707,3.77082e+19,0.181642
117825,3.78214e+19,0.181824
117943,3.7935e+19,0.182006
118061,3.80489e+19,0.182188
118179,3.81632e+19,0.18237
118297,3.82778e+19,0.182552
118415,3.83927e+19,0.182735
118534,3.8508e+19,0.182917
118652,3.86236e+19,0.1831
118771,3.87396e+19,0.183283
118889,3.8856e+19,0.183467
119008,3.89727e+19,0.18365
119127,3.90897e+19,0.183834
119246,3.92071e+19,0.184018
119366,3.93248e+19,0.184202
119485,3.94429e+19,0.184386
119605,3.95614e+19,0.18457
119724,3.96802e+19,0.184755
119844,3.97993e+19,0.18494
119964,3.99188e+19,0.185125
120084,4.00387e+19,0.18531
120204,4.01589e+19,0.185495
120324,4.02795e+19,0.18568
120444,4.04005e+19,0.185866
120565,4.05218e+19,0.186052
120685,4.06435e+19,0.186238
120806,4.07656e+19,0.186424
120927,4.0888e+19,0.186611
121048,4.10108e+19,0.186797
121169,4.11339e+19,0.186984
121290,4.12574e+19,0.187171
121411,4.13813e+19,0.187358
121533,4.15056e+19,0.187546
121654,4.16303e+19,0.187733
121776,4.17553e+19,0.187921
121898,4.18807e+19,0.188109
122020,4.20064e+19,0.188297
122142,4.21326e+19,0.188485
122264,4.22591e+19,0.188674
122386,4.2386e+19,0.188862
122508,4.25133e+19,0.189051
122631,4.2641e+19,0.18924
122753,4.2769e+19,0.18943
122876,4.28974e+19,0.189619
122999,4.30263e+19,0.189809
123122,4.31555e+19,0.189998
123245,4.32851e+19,0.190188
123368,4.34151e+19,0.190379
123492,4.35454e+19,0.190569
123615,4.36762e+19,0.19076
123739,4.38074e+19,0.19095
123863,4.39389e+19,0.191141
123987,4.40709e+19,0.191332
124111,4.42032e+19,0.191524
124235,4.43359e+19,0.191715
124359,4.44691e+19,0.191907
124483,4.46026e+19,0.192099
124608,4.47366e+19,0.192291
124732,4.48709e+19,0.192483
124857,4.50057e+19,0.192676
124982,4.51408e+19,0.192868
125107,4.52764e+19,0.193061
125232,4.54123e+19,0.193254
125357,4.55487e+19,0.193448
125483,4.56855e+19,0.193641
125608,4.58227e+19,0.193835
125734,4.59603e+19,0.194029
125859,4.60983e+19,0.194223
125985,4.62367e+19,0.194417
126111,4.63756e+19,0.194611
126237,4.65149e+19,0.194806
126364,4.66545e+19,0.195001
126490,4.67946e+19,0.195196
126616,4.69352e+19,0.195391
126743,4.70761e+19,0.195586
126870,4.72175e+19,0.195782
126997,4.73593e+19,0.195978
127124,4.75015e+19,0.196174
127251,4.76441e+19,0.19637
127378,4.77872e+19,0.196566
127505,4.79307e+19,0.196763
127633,4.80747e+19,0.196959
127761,4.8219e+19,0.197156
127888,4.83638e+19,0.197354
128016,4.85091e+19,0.197551
128144,4.86547e+19,0.197748
128272,4.88009e+19,0.197946
128401,4.89474e+19,0.198144
128529,4.90944e+19,0.198342
128658,4.92418e+19,0.198541
128786,4.93897e+19,0.198739
128915,4.9538e+19,0.198938
129044,4.96868e+19,0.199137
129173,4.9836e+19,0.199336
129302,4.99856e+19,0.199535
129431,5.01357e+19,0.199735
129561,5.02863e+19,0.199935
129690,5.04373e+19,0.200135
129820,5.05888e+19,0.200335
129950,5.07407e+19,0.200535
130080,5.08931e+19,0.200736
130210,5.10459e+19,0.200936
130340,5.11992e+19,0.201137
130471,5.13529e+19,0.201338
130601,5.15072e+19,0.20154
130732,5.16618e+19,0.201741
130862,5.1817e+19,0.201943
130993,5.19726e+19,0.202145
131124,5.21287e+19,0.202347
131255,5.22852e+19,0.202549
131387,5.24422e+19,0.202752
131518,5.25997e+19,0.202955
131650,5.27576e+19,0.203158
131781,5.29161e+19,0.203361
131913,5.3075e+19,0.203564
132045,5.32344e+19,0.203768
132177,5.33942e+19,0.203971
132309,5.35546e+19,0.204175
132441,5.37154e+19,0.20438
132574,5.38767e+19,0.204584
132706,5.40385e+19,0.204789
132839,5.42008e+19,0.204993
132972,5.43635e+19,0.205198
133105,5.45268e+19,0.205404
133238,5.46905e+19,0.205609
133371,5.48548e+19,0.205815
133505,5.50195e+19,0.20602
133638,5.51847e+19,0.206226
133772,5.53505e+19,0.206433
133906,5.55167e+19,0.206639
134039,5.56834e+19,0.206846
134173,5.58506e+19,0.207053
134308,5.60183e+19,0.20726
134442,5.61865e+19,0.207467
134576,5.63553e+19,0.207674
134711,5.65245e+19,0.207882
134846,5.66943e+19,0.20809
134981,5.68645e+19,0.208298
135116,5.70353e+19,0.208506
135251,5.72065e+19,0.208715
135386,5.73783e+19,0.208924
135521,5.75506e+19,0.209132
135657,5.77235e+19,0.209342
135792,5.78968e+19,0.209551
135928,5.80707e+19,0.20976
136064,5.82451e+19,0.20997
136200,5.842e+19,0.21018
136336,5.85954e+19,0.21039
136473,5.87714e+19,0.210601
136609,5.89479e+19,0.210811
136746,5.91249e+19,0.211022
136883,5.93024e+19,0.211233
137019,5.94805e+19,0.211444
137157,5.96591e+19,0.211656
137294,5.98383e+19,0.211868
137431,6.0018e+19,0.212079
137568,6.01982e+19,0.212291
137706,6.0379e+19,0.212504
137844,6.05603e+19,0.212716
137982,6.07422e+19,0.212929
138119,6.09246e+19,0.213142
138258,6.11075e+19,0.213355
138396,6.1291e+19,0.213568
138534,6.14751e+19,0.213782
138673,6.16597e+19,0.213996
138811,6.18449e+19,0.21421
138950,6.20306e+19,0.214424
139089,6.22169e+19,0.214638
139228,6.24037e+19,0.214853
139368,6.25911e+19,0.215068
139507,6.27791e+19,0.215283
139646,6.29676e+19,0.215498
139786,6.31567e+19,0.215714
139926,6.33464e+19,0.215929
140066,6.35366e+19,0.216145
140206,6.37274e+19,0.216362
140346,6.39188e+19,0.216578
140486,6.41107e+19,0.216794
140627,6.43032e+19,0.217011
140768,6.44963e+19,0.217228
140908,6.469e+19,0.217445
141049,6.48843e+19,0.217663
141190,6.50791e+19,0.217881
141331,6.52746e+19,0.218098
141473,6.54706e+19,0.218317
141614,6.56672e+19,0.218535
141756,6.58644e+19,0.218753
141898,6.60622e+19,0.218972
142040,6.62606e+19,0.219191
142182,6.64595e+19,0.21941
142324,6.66591e+19,0.21963
142466,6.68593e+19,0.219849
142609,6.70601e+19,0.220069
142751,6.72615e+19,0.220289
142894,6.74634e+19,0.22051
143037,6.7666e+19,0.22073
143180,6.78692e+19,0.220951
143323,6.8073e+19,0.221172
143466,6.82775e+19,0.221393
143610,6.84825e+19,0.221614
143753,6.86882e+19,0.221836
143897,6.88944e+19,0.222058
144041,6.91013e+19,0.22228
144185,6.93088e+19,0.222502
144329,6.9517e+19,0.222725
144474,6.97257e+19,0.222947
144618,6.99351e+19,0.22317
144763,7.01451e+19,0.223393
144907,7.03558e+19,0.223617
145052,7.05671e+19,0.22384
145197,7.0779e+19,0.224064
145343,7.09915e+19,0.224288
145488,7.12047e+19,0.224513
145633,7.14185e+19,0.224737
145779,7.1633e+19,0.224962
145925,7.18481e+19,0.225187
146071,7.20639e+19,0.225412
146217,7.22803e+19,0.225637
146363,7.24973e+19,0.225863
146509,7.27151e+19,0.226089
146656,7.29334e+19,0.226315
146803,7.31524e+19,0.226541
146949,7.33721e+19,0.226768
147096,7.35924e+19,0.226995
147243,7.38134e+19,0.227222
147391,7.40351e+19,0.227449
147538,7.42574e+19,0.227676
147686,7.44804e+19,0.227904
147833,7.47041e+19,0.228132
147981,7.49284e+19,0.22836
148129,7.51534e+19,0.228588
148277,7.53791e+19,0.228817
148426,7.56055e+19,0.229046
148574,7.58325e+19,0.229275
148723,7.60603e+19,0.229504
148871,7.62887e+19,0.229734
149020,7.65178e+19,0.229963
149169,7.67475e+19,0.230193
149318,7.6978e+19,0.230424
149468,7.72092e+19,0.230654
149617,7.7441e+19,0.230885
149767,7.76736e+19,0.231116
149916,7.79069e+19,0.231347
150066,7.81408e+19,0.231578
150216,7.83755e+19,0.23181
150367,7.86108e+19,0.232041
150517,7.88469e+19,0.232273
150668,7.90837e+19,0.232506
150818,7.93212e+19,0.232738
150969,7.95594e+19,0.232971
151120,7.97983e+19,0.233204
151271,8.00379e+19,0.233437
151422,8.02783e+19,0.233671
151574,8.05193e+19,0.233904
151725,8.07611e+19,0.234138
151877,8.10037e+19,0.234372
152029,8.12469e+19,0.234607
152181,8.14909e+19,0.234841
152333,8.17356e+19,0.235076
152486,8.19811e+19,0.235311
152638,8.22273e+19,0.235546
152791,8.24742e+19,0.235782
152943,8.27219e+19,0.236018
153096,8.29703e+19,0.236254
153249,8.32194e+19,0.23649
153403,8.34693e+19,0.236727
153556,8.372e+19,0.236963
153710,8.39714e+19,0.2372
153863,8.42236e+19,0.237437
154017,8.44765e+19,0.237675
154171,8.47302e+19,0.237913
154325,8.49846e+19,0.23815
154480,8.52398e+19,0.238389
154634,8.54958e+19,0.238627
154789,8.57526e+19,0.238866
154944,8.60101e+19,0.239105
155099,8.62684e+19,0.239344
155254,8.65274e+19,0.239583
155409,8.67873e+19,0.239823
155564,8.70479e+19,0.240062
155720,8.73093e+19,0.240302
155876,8.75715e+19,0.240543
156032,8.78345e+19,0.240783
156188,8.80982e+19,0.241024
156344,8.83628e+19,0.241265
156500,8.86281e+19,0.241506
156657,8.88943e+19,0.241748
156813,8.91612e+19,0.24199
156970,8.9429e+19,0.242232
157127,8.96975e+19,0.242474
157284,8.99669e+19,0.242716
157441,9.02371e+19,0.242959
157599,9.05081e+19,0.243202
157757,9.07799e+19,0.243445
157914,9.10525e+19,0.243689
158072,9.13259e+19,0.243932
158230,9.16002e+19,0.244176
158388,9.18752e+19,0.24442
158547,9.21511e+19,0.244665
158705,9.24279e+19,0.244909
158864,9.27054e+19,0.245154
159023,9.29838e+19,0.2454
159182,9.3263e+19,0.245645
159341,9.35431e+19,0.245891
159501,9.3824e+19,0.246136
159660,9.41058e+19,0.246383
159820,9.43884e+19,0.246629
159980,9.46718e+19,0.246876
160139,9.49561e+19,0.247123
160300,9.52413e+19,0.24737
160460,9.55273e+19,0.247617
160620,9.58142e+19,0.247865
160781,9.61019e+19,0.248112
160942,9.63905e+19,0.248361
161103,9.66799e+19,0.248609
161264,9.69703e+19,0.248858
161425,9.72615e+19,0.249106
161587,9.75536e+19,0.249356
161748,9.78465e+19,0.249605
161910,9.81403e+19,0.249855
162072,9.84351e+19,0.250104
162234,9.87307e+19,0.250354
162396,9.90271e+19,0.250605
162558,9.93245e+19,0.250855
162721,9.96228e+19,0.251106
162884,9.9922e+19,0.251357
163047,1.00222e+20,0.251609
163210,1.00523e+20,0.25186
163373,1.00825e+20,0.252112
163536,1.01128e+20,0.252364
163700,1.01431e+20,0.252617
163863,1.01736e+20,0.252869
164027,1.02041e+20,0.253122
164191,1.02348e+20,0.253375
164356,1.02655e+20,0.253629
164520,1.02963e+20,0.253882
164684,1.03273e+20,0.254136
164849,1.03583e+20,0.25439
165014,1.03894e+20,0.254645
165179,1.04206e+20,0.254899
165344,1.04519e+20,0.255154
165510,1.04833e+20,0.255409
165675,1.05147e+20,0.255665
165841,1.05463e+20,0.25592
166007,1.0578e+20,0.256176
166173,1.06098e+20,0.256433
166339,1.06416e+20,0.256689
166505,1.06736e+20,0.256946
166672,1.07056e+20,0.257203
166838,1.07378e+20,0.25746
167005,1.077e+20,0.257717
167172,1.08024e+20,0.257975
167339,1.08348e+20,0.258233
167507,1.08673e+20,0.258491
167674,1.09e+20,0.25875
167842,1.09327e+20,0.259008
168010,1.09655e+20,0.259267
168178,1.09985e+20,0.259527
168346,1.10315e+20,0.259786
168514,1.10646e+20,0.260046
168683,1.10979e+20,0.260306
168851,1.11312e+20,0.260566
169020,1.11646e+20,0.260827
169189,1.11981e+20,0.261088
169358,1.12318e+20,0.261349
169528,1.12655e+20,0.26161
169697,1.12993e+20,0.261872
169867,1.13333e+20,0.262134
170037,1.13673e+20,0.262396
170207,1.14014e+20,0.262658
170377,1.14357e+20,0.262921
170547,1.147e+20,0.263184
170718,1.15045e+20,0.263447
170889,1.1539e+20,0.26371
171060,1.15736e+20,0.263974
171231,1.16084e+20,0.264238
171402,1.16433e+20,0.264502
171573,1.16782e+20,0.264767
171745,1.17133e+20,0.265032
171917,1.17485e+20,0.265297
172089,1.17838e+20,0.265562
172261,1.18191e+20,0.265828
172433,1.18546e+20,0.266093
172605,1.18902e+20,0.266359
172778,1.19259e+20,0.266626
172951,1.19618e+20,0.266892
173124,1.19977e+20,0.267159
173297,1.20337e+20,0.267427
173470,1.20698e+20,0.267694
173644,1.21061e+20,0.267962
173817,1.21424e+20,0.26823
173991,1.21789e+20,0.268498
174165,1.22155e+20,0.268766
174339,1.22522e+20,0.269035
174514,1.2289e+20,0.269304
174688,1.23259e+20,0.269573
174863,1.23629e+20,0.269843
175038,1.24e+20,0.270113
175213,1.24372e+20,0.270383
175388,1.24746e+20,0.270653
175563,1.2512e+20,0.270924
175739,1.25496e+20,0.271195
175915,1.25873e+20,0.271466
176090,1.26251e+20,0.271738
176267,1.2663e+20,0.272009
176443,1.2701e+20,0.272281
176619,1.27392e+20,0.272554
176796,1.27774e+20,0.272826
176973,1.28158e+20,0.273099
177150,1.28543e+20,0.273372
177327,1.28929e+20,0.273645
177504,1.29316e+20,0.273919
177682,1.29705e+20,0.274193
177859,1.30094e+20,0.274467
178037,1.30485e+20,0.274742
178215,1.30877e+20,0.275016
178393,1.3127e+20,0.275291
178572,1.31664e+20,0.275567
178750,1.32059e+20,0.275842
178929,1.32456e+20,0.276118
179108,1.32854e+20,0.276394
179287,1.33252e+20,0.276671
179466,1.33653e+20,0.276947
179646,1.34054e+20,0.277224
179826,1.34457e+20,0.277501
180005,1.3486e+20,0.277779
180185,1.35265e+20,0.278057
180366,1.35672e+20,0.278335
180546,1.36079e+20,0.278613
180726,1.36488e+20,0.278892
180907,1.36897e+20,0.279171
181088,1.37309e+20,0.27945
181269,1.37721e+20,0.279729
181450,1.38134e+20,0.280009
181632,1.38549e+20,0.280289
181814,1.38965e+20,0.280569
181995,1.39383e+20,0.28085
182177,1.39801e+20,0.281131
182360,1.40221e+20,0.281412
182542,1.40642e+20,0.281693
182724,1.41064e+20,0.281975
182907,1.41488e+20,0.282257
183090,1.41913e+20,0.282539
183273,1.42339e+20,0.282822
183456,1.42767e+20,0.283105
183640,1.43195e+20,0.283388
183824,1.43625e+20,0.283671
184007,1.44057e+20,0.283955
184191,1.44489e+20,0.284239
184376,1.44923e+20,0.284523
184560,1.45358e+20,0.284807
184744,1.45795e+20,0.285092
184929,1.46233e+20,0.285377
185114,1.46672e+20,0.285663
185299,1.47112e+20,0.285948
185485,1.47554e+20,0.286234
185670,1.47997e+20,0.286521
185856,1.48442e+20,0.286807
186042,1.48887e+20,0.287094
186228,1.49334e+20,0.287381
186414,1.49783e+20,0.287668
186600,1.50233e+20,0.287956
186787,1.50684e+20,0.288244
186974,1.51136e+20,0.288532
187161,1.5159e+20,0.288821
187348,1.52045e+20,0.28911
187535,1.52502e+20,0.289399
187723,1.5296e+20,0.289688
187910,1.53419e+20,0.289978
188098,1.5388e+20,0.290268
188286,1.54342e+20,0.290558
188475,1.54806e+20,0.290849
188663,1.55271e+20,0.291139
188852,1.55737e+20,0.291431
189041,1.56205e+20,0.291722
189230,1.56674e+20,0.292014
189419,1.57144e+20,0.292306
189608,1.57616e+20,0.292598
189798,1.58089e+20,0.292891
189988,1.58564e+20,0.293184
190178,1.5904e+20,0.293477
190368,1.59518e+20,0.29377
190558,1.59997e+20,0.294064
190749,1.60477e+20,0.294358
190940,1.60959e+20,0.294652
191131,1.61443e+20,0.294947
191322,1.61927e+20,0.295242
191513,1.62414e+20,0.295537
191705,1.62901e+20,0.295833
191896,1.63391e+20,0.296129
192088,1.63881e+20,0.296425
192280,1.64373e+20,0.296721
192473,1.64867e+20,0.297018
192665,1.65362e+20,0.297315
192858,1.65859e+20,0.297612
193050,1.66357e+20,0.29791
193244,1.66856e+20,0.298208
193437,1.67357e+20,0.298506
193630,1.6786e+20,0.298804
193824,1.68364e+20,0.299103
194018,1.6887e+20,0.299402
194212,1.69377e+20,0.299702
194406,1.69885e+20,0.300001
194600,1.70396e+20,0.300301
194795,1.70907e+20,0.300602
194990,1.71421e+20,0.300902
195185,1.71935e+20,0.301203
195380,1.72452e+20,0.301504
195575,1.72969e+20,0.301806
195771,1.73489e+20,0.302108
195967,1.7401e+20,0.30241
196163,1.74532e+20,0.302712
196359,1.75057e+20,0.303015
196555,1.75582e+20,0.303318
196752,1.7611e+20,0.303621
196948,1.76638e+20,0.303925
197145,1.77169e+20,0.304229
197343,1.77701e+20,0.304533
197540,1.78235e+20,0.304838
197737,1.7877e+20,0.305142
197935,1.79307e+20,0.305448
198133,1.79845e+20,0.305753
198331,1.80385e+20,0.306059
198530,1.80927e+20,0.306365
198728,1.8147e+20,0.306671
198927,1.82015e+20,0.306978
199126,1.82562e+20,0.307285
199325,1.8311e+20,0.307592
199524,1.8366e+20,0.3079
199724,1.84211e+20,0.308208
199923,1.84765e+20,0.308516
200123,1.85319e+20,0.308824
200323,1.85876e+20,0.309133
200524,1.86434e+20,0.309442
200724,1.86994e+20,0.309752
200925,1.87555e+20,0.310062
201126,1.88119e+20,0.310372
201327,1.88684e+20,0.310682
201528,1.8925e+20,0.310993
201730,1.89819e+20,0.311304
201932,1.90389e+20,0.311615
202134,1.9096e+20,0.311927
202336,1.91534e+20,0.312239
202538,1.92109e+20,0.312551
202741,1.92686e+20,0.312863
202943,1.93264e+20,0.313176
203146,1.93845e+20,0.313489
203349,1.94427e+20,0.313803
203553,1.95011e+20,0.314117
203756,1.95596e+20,0.314431
203960,1.96184e+20,0.314745
204164,1.96773e+20,0.31506
204368,1.97364e+20,0.315375
204573,1.97957e+20,0.31569
204777,1.98551e+20,0.316006
204982,1.99147e+20,0.316322
205187,1.99745e+20,0.316638
205392,2.00345e+20,0.316955
205597,2.00947e+20,0.317272
205803,2.0155e+20,0.317589
206009,2.02156e+20,0.317907
206215,2.02763e+20,0.318225
206421,2.03371e+20,0.318543
206628,2.03982e+20,0.318861
206834,2.04595e+20,0.31918
207041,2.05209e+20,0.3195
207248,2.05825e+20,0.319819
207455,2.06443e+20,0.320139
207663,2.07063e+20,0.320459
207870,2.07685e+20,0.320779
208078,2.08309e+20,0.3211
208286,2.08934e+20,0.321421
208495,2.09562e+20,0.321743
208703,2.10191e+20,0.322065
208912,2.10822e+20,0.322387
209121,2.11456e+20,0.322709
209330,2.12091e+20,0.323032
209539,2.12727e+20,0.323355
209749,2.13366e+20,0.323678
209958,2.14007e+20,0.324002
210168,2.1465e+20,0.324326
210379,2.15294e+20,0.32465
210589,2.15941e+20,0.324975
210800,2.16589e+20,0.3253
211010,2.1724e+20,0.325625
211221,2.17892e+20,0.325951
211433,2.18546e+20,0.326277
211644,2.19203e+20,0.326603
211856,2.19861e+20,0.326929
212068,2.20521e+20,0.327256
212280,2.21183e+20,0.327584
212492,2.21848e+20,0.327911
212704,2.22514e+20,0.328239
212917,2.23182e+20,0.328567
213130,2.23852e+20,0.328896
213343,2.24524e+20,0.329225
213556,2.25199e+20,0.329554
213770,2.25875e+20,0.329884
213984,2.26553e+20,0.330213
214198,2.27234e+20,0.330544
214412,2.27916e+20,0.330874
214626,2.286e+20,0.331205
214841,2.29287e+20,0.331536
215056,2.29975e+20,0.331868
215271,2.30666e+20,0.3322
215486,2.31359e+20,0.332532
215702,2.32054e+20,0.332864
215917,2.3275e+20,0.333197
216133,2.33449e+20,0.333531
216349,2.3415e+20,0.333864
216566,2.34854e+20,0.334198
216782,2.35559e+20,0.334532
216999,2.36266e+20,0.334867
217216,2.36976e+20,0.335202
217433,2.37687e+20,0.335537
217651,2.38401e+20,0.335872
217868,2.39117e+20,0.336208
218086,2.39835e+20,0.336544
218304,2.40555e+20,0.336881
218523,2.41278e+20,0.337218
218741,2.42002e+20,0.337555
218960,2.42729e+20,0.337893
219179,2.43458e+20,0.33823
219398,2.44189e+20,0.338569
219617,2.44922e+20,0.338907
219837,2.45658e+20,0.339246
220057,2.46396e+20,0.339585
220277,2.47136e+20,0.339925
220497,2.47878e+20,0.340265
220718,2.48622e+20,0.340605
220938,2.49369e+20,0.340946
221159,2.50117e+20,0.341287
221381,2.50869e+20,0.341628
221602,2.51622e+20,0.34197
221824,2.52378e+20,0.342312
222045,2.53135e+20,0.342654
222267,2.53896e+20,0.342997
222490,2.54658e+20,0.34334
222712,2.55423e+20,0.343683
222935,2.5619e+20,0.344027
223158,2.56959e+20,0.344371
223381,2.57731e+20,0.344715
223604,2.58505e+20,0.34506
223828,2.59281e+20,0.345405
224052,2.6006e+20,0.34575
224276,2.60841e+20,0.346096
224500,2.61624e+20,0.346442
224725,2.6241e+20,0.346788
224949,2.63198e+20,0.347135
225174,2.63988e+20,0.347482
225399,2.64781e+20,0.34783
225625,2.65576e+20,0.348178
225851,2.66373e+20,0.348526
226076,2.67173e+20,0.348874
226302,2.67976e+20,0.349223
226529,2.6878e+20,0.349572
226755,2.69588e+20,0.349922
226982,2.70397e+20,0.350272
227209,2.71209e+20,0.350622
227436,2.72024e+20,0.350973
227664,2.7284e+20,0.351324
227891,2.7366e+20,0.351675
228119,2.74482e+20,0.352027
228347,2.75306e+20,0.352379
228576,2.76133e+20,0.352731
228804,2.76962e+20,0.353084
229033,2.77794e+20,0.353437
229262,2.78628e+20,0.35379
229491,2.79465e+20,0.354144
229721,2.80304e+20,0.354498
229951,2.81146e+20,0.354853
230181,2.8199e+20,0.355208
230411,2.82837e+20,0.355563
230641,2.83686e+20,0.355919
230872,2.84538e+20,0.356274
231103,2.85392e+20,0.356631
231334,2.86249e+20,0.356987
231565,2.87109e+20,0.357344
231797,2.87971e+20,0.357702
232028,2.88836e+20,0.358059
232260,2.89703e+20,0.358417
232493,2.90573e+20,0.358776
232725,2.91446e+20,0.359135
232958,2.92321e+20,0.359494
233191,2.93199e+20,0.359853
233424,2.94079e+20,0.360213
233657,2.94963e+20,0.360573
233891,2.95848e+20,0.360934
234125,2.96737e+20,0.361295
234359,2.97628e+20,0.361656
234594,2.98522e+20,0.362018
234828,2.99418e+20,0.36238
235063,3.00317e+20,0.362742
235298,3.01219e+20,0.363105
235533,3.02124e+20,0.363468
235769,3.03031e+20,0.363832
236005,3.03941e+20,0.364195
236241,3.04854e+20,0.36456
236477,3.05769e+20,0.364924
236713,3.06687e+20,0.365289
236950,3.07608e+20,0.365654
237187,3.08532e+20,0.36602
237424,3.09459e+20,0.366386
237662,3.10388e+20,0.366752
237899,3.1132e+20,0.367119
238137,3.12255e+20,0.367486
238375,3.13193e+20,0.367854
238614,3.14133e+20,0.368222
238852,3.15076e+20,0.36859
239091,3.16023e+20,0.368958
239330,3.16972e+20,0.369327
239570,3.17924e+20,0.369697
239809,3.18878e+20,0.370066
240049,3.19836e+20,0.370436
240289,3.20796e+20,0.370807
240529,3.2176e+20,0.371178
240770,3.22726e+20,0.371549
241011,3.23695e+20,0.37192
241252,3.24667e+20,0.372292
241493,3.25642e+20,0.372665
241734,3.2662e+20,0.373037
241976,3.27601e+20,0.37341
242218,3.28585e+20,0.373784
242460,3.29571e+20,0.374158
242703,3.30561e+20,0.374532
242945,3.31554e+20,0.374906
243188,3.32549e+20,0.375281
243432,3.33548e+20,0.375656
243675,3.3455e+20,0.376032
243919,3.35554e+20,0.376408
244163,3.36562e+20,0.376784
244407,3.37573e+20,0.377161
244651,3.38586e+20,0.377538
244896,3.39603e+20,0.377916
245141,3.40623e+20,0.378294
245386,3.41646e+20,0.378672
245631,3.42672e+20,0.379051
245877,3.43701e+20,0.37943
246123,3.44733e+20,0.379809
246369,3.45768e+20,0.380189
246615,3.46807e+20,0.380569
246862,3.47848e+20,0.38095
247109,3.48893e+20,0.381331
247356,3.4994e+20,0.381712
247603,3.50991e+20,0.382094
247851,3.52045e+20,0.382476
248099,3.53103e+20,0.382858
248347,3.54163e+20,0.383241
248595,3.55226e+20,0.383625
248844,3.56293e+20,0.384008
249093,3.57363e+20,0.384392
249342,3.58436e+20,0.384777
249591,3.59513e+20,0.385161
249841,3.60592e+20,0.385547
250090,3.61675e+20,0.385932
250340,3.62761e+20,0.386318
250591,3.63851e+20,0.386704
250841,3.64943e+20,0.387091
251092,3.66039e+20,0.387478
251343,3.67138e+20,0.387866
251595,3.68241e+20,0.388253
251846,3.69347e+20,0.388642
252098,3.70456e+20,0.38903
252350,3.71568e+20,0.389419
252603,3.72684e+20,0.389809
252855,3.73803e+20,0.390199
253108,3.74926e+20,0.390589
253361,3.76052e+20,0.390979
253614,3.77181e+20,0.39137
253868,3.78314e+20,0.391762
254122,3.7945e+20,0.392154
254376,3.80589e+20,0.392546
254630,3.81732e+20,0.392938
254885,3.82879e+20,0.393331
255140,3.84028e+20,0.393724
255395,3.85182e+20,0.394118
255651,3.86338e+20,0.394512
255906,3.87498e+20,0.394907
256162,3.88662e+20,0.395302
256418,3.89829e+20,0.395697
256675,3.91e+20,0.396093
256931,3.92174e+20,0.396489
257188,3.93352e+20,0.396885
257445,3.94533e+20,0.397282
257703,3.95718e+20,0.39768
257961,3.96906e+20,0.398077
258219,3.98098e+20,0.398475
258477,3.99294e+20,0.398874
258735,4.00493e+20,0.399273
258994,4.01695e+20,0.399672
259253,4.02902e+20,0.400072
259512,4.04112e+20,0.400472
259772,4.05325e+20,0.400872
260032,4.06542e+20,0.401273
260292,4.07763e+20,0.401674
260552,4.08988e+20,0.402076
260812,4.10216e+20,0.402478
261073,4.11448e+20,0.40288
261334,4.12683e+20,0.403283
261596,4.13923e+20,0.403687
261857,4.15166e+20,0.40409
262119,4.16412e+20,0.404494
262381,4.17663e+20,0.404899
262644,4.18917e+20,0.405304
262906,4.20175e+20,0.405709
263169,4.21437e+20,0.406115
263432,4.22702e+20,0.406521
263696,4.23972e+20,0.406927
263959,4.25245e+20,0.407334
264223,4.26522e+20,0.407742
264488,4.27803e+20,0.408149
264752,4.29088e+20,0.408558
265017,4.30376e+20,0.408966
265282,4.31669e+20,0.409375
265547,4.32965e+20,0.409785
265813,4.34265e+20,0.410194
266079,4.35569e+20,0.410604
266345,4.36877e+20,0.411015
266611,4.38189e+20,0.411426
266878,4.39505e+20,0.411838
267144,4.40825e+20,0.412249
267412,4.42149e+20,0.412662
267679,4.43476e+20,0.413074
267947,4.44808e+20,0.413487
268215,4.46144e+20,0.413901
268483,4.47484e+20,0.414315
268751,4.48827e+20,0.414729
269020,4.50175e+20,0.415144
269289,4.51527e+20,0.415559
269558,4.52883e+20,0.415974
269828,4.54243e+20,0.41639
270098,4.55607e+20,0.416807
270368,4.56975e+20,0.417224
270638,4.58348e+20,0.417641
270909,4.59724e+20,0.418059
271180,4.61105e+20,0.418477
271451,4.62489e+20,0.418895
271722,4.63878e+20,0.419314
271994,4.65271e+20,0.419733
272266,4.66668e+20,0.420153
272538,4.6807e+20,0.420573
272811,4.69475e+20,0.420994
273084,4.70885e+20,0.421415
273357,4.72299e+20,0.421836
273630,4.73718e+20,0.422258
273904,4.7514e+20,0.42268
274178,4.76567e+20,0.423103
274452,4.77998e+20,0.423526
274726,4.79434e+20,0.42395
275001,4.80873e+20,0.424373
275276,4.82317e+20,0.424798
275551,4.83766e+20,0.425223
275827,4.85219e+20,0.425648
276103,4.86676e+20,0.426074
276379,4.88137e+20,0.4265
276655,4.89603e+20,0.426926
276932,4.91073e+20,0.427353
277209,4.92548e+20,0.42778
277486,4.94027e+20,0.428208
277763,4.95511e+20,0.428636
278041,4.96999e+20,0.429065
278319,4.98491e+20,0.429494
278598,4.99988e+20,0.429924
278876,5.0149e+20,0.430353
279155,5.02996e+20,0.430784
279434,5.04506e+20,0.431215
279714,5.06021e+20,0.431646
279993,5.07541e+20,0.432077
280273,5.09065e+20,0.43251
280554,5.10594e+20,0.432942
280834,5.12127e+20,0.433375
281115,5.13665e+20,0.433808
281396,5.15207e+20,0.434242
281678,5.16755e+20,0.434676
281959,5.18306e+20,0.435111
282241,5.19863e+20,0.435546
282523,5.21424e+20,0.435982
282806,5.2299e+20,0.436418
283089,5.2456e+20,0.436854
283372,5.26136e+20,0.437291
283655,5.27716e+20,0.437728
283939,5.293e+20,0.438166
284223,5.3089e+20,0.438604
284507,5.32484e+20,0.439043
284792,5.34083e+20,0.439482
285076,5.35687e+20,0.439921
285361,5.37296e+20,0.440361
285647,5.38909e+20,0.440802
285932,5.40528e+20,0.441242
286218,5.42151e+20,0.441684
286505,5.43779e+20,0.442125
286791,5.45412e+20,0.442567
287078,5.4705e+20,0.44301
287365,5.48692e+20,0.443453
287652,5.5034e+20,0.443897
287940,5.51993e+20,0.44434
288228,5.5365e+20,0.444785
288516,5.55313e+20,0.44523
288805,5.56981e+20,0.445675
289093,5.58653e+20,0.44612
289383,5.60331e+20,0.446567
289672,5.62014e+20,0.447013
289962,5.63701e+20,0.44746
290252,5.65394e+20,0.447908
290542,5.67092e+20,0.448356
290832,5.68795e+20,0.448804
291123,5.70503e+20,0.449253
291414,5.72216e+20,0.449702
291706,5.73935e+20,0.450152
291997,5.75658e+20,0.450602
292289,5.77387e+20,0.451052
292582,5.79121e+20,0.451503
292874,5.8086e+20,0.451955
293167,5.82604e+20,0.452407
293460,5.84354e+20,0.452859
293754,5.86109e+20,0.453312
294048,5.87869e+20,0.453765
294342,5.89634e+20,0.454219
294636,5.91405e+20,0.454673
294931,5.93181e+20,0.455128
295225,5.94962e+20,0.455583
295521,5.96749e+20,0.456039
295816,5.98541e+20,0.456495
296112,6.00338e+20,0.456951
296408,6.02141e+20,0.457408
296705,6.03949e+20,0.457866
297001,6.05763e+20,0.458324
297298,6.07582e+20,0.458782
297596,6.09407e+20,0.459241
297893,6.11237e+20,0.4597
298191,6.13072e+20,0.46016
298489,6.14913e+20,0.46062
298788,6.1676e+20,0.46108
299087,6.18612e+20,0.461541
299386,6.2047e+20,0.462003
299685,6.22333e+20,0.462465
299985,6.24202e+20,0.462928
300285,6.26076e+20,0.46339
300585,6.27956e+20,0.463854
300886,6.29842e+20,0.464318
301186,6.31733e+20,0.464782
301488,6.33631e+20,0.465247
301789,6.35533e+20,0.465712
302091,6.37442e+20,0.466178
302393,6.39356e+20,0.466644
302695,6.41276e+20,0.467111
302998,6.43202e+20,0.467578
303301,6.45133e+20,0.468045
303604,6.47071e+20,0.468513
303908,6.49014e+20,0.468982
304212,6.50963e+20,0.469451
304516,6.52918e+20,0.46992
304821,6.54878e+20,0.47039
305125,6.56845e+20,0.470861
305431,6.58818e+20,0.471331
305736,6.60796e+20,0.471803
306042,6.6278e+20,0.472275
306348,6.64771e+20,0.472747
306654,6.66767e+20,0.47322
306961,6.68769e+20,0.473693
307268,6.70778e+20,0.474166
307575,6.72792e+20,0.474641
307883,6.74812e+20,0.475115
308190,6.76839e+20,0.47559
308499,6.78871e+20,0.476066
308807,6.8091e+20,0.476542
309116,6.82955e+20,0.477019
309425,6.85006e+20,0.477496
309734,6.87063e+20,0.477973
310044,6.89126e+20,0.478451
310354,6.91195e+20,0.47893
310665,6.93271e+20,0.479408
310975,6.95353e+20,0.479888
311286,6.97441e+20,0.480368
311598,6.99536e+20,0.480848
311909,7.01636e+20,0.481329
312221,7.03743e+20,0.48181
312533,7.05857e+20,0.482292
312846,7.07976e+20,0.482774
313159,7.10102e+20,0.483257
313472,7.12235e+20,0.48374
313785,7.14374e+20,0.484224
314099,7.16519e+20,0.484708
314413,7.18671e+20,0.485193
314728,7.20829e+20,0.485678
315042,7.22993e+20,0.486164
315357,7.25165e+20,0.48665
315673,7.27342e+20,0.487137
315988,7.29526e+20,0.487624
316304,7.31717e+20,0.488112
316621,7.33915e+20,0.4886
316937,7.36119e+20,0.489088
317254,7.38329e+20,0.489577
317571,7.40546e+20,0.490067
317889,7.4277e+20,0.490557
318207,7.45001e+20,0.491048
318525,7.47238e+20,0.491539
318844,7.49482e+20,0.49203
319163,7.51733e+20,0.492522
319482,7.5399e+20,0.493015
319801,7.56254e+20,0.493508
320121,7.58525e+20,0.494001
320441,7.60803e+20,0.494495
320762,7.63088e+20,0.49499
321082,7.65379e+20,0.495485
321403,7.67678e+20,0.49598
321725,7.69983e+20,0.496476
322047,7.72295e+20,0.496973
322369,7.74615e+20,0.49747
322691,7.76941e+20,0.497967
323014,7.79274e+20,0.498465
323337,7.81614e+20,0.498964
323660,7.83961e+20,0.499462
323984,7.86316e+20,0.499962
324308,7.88677e+20,0.500462
324632,7.91045e+20,0.500962
324957,7.93421e+20,0.501463
325282,7.95803e+20,0.501965
325607,7.98193e+20,0.502467
325932,8.0059e+20,0.502969
326258,8.02994e+20,0.503472
326585,8.05406e+20,0.503976
326911,8.07824e+20,0.50448
327238,8.1025e+20,0.504984
327565,8.12683e+20,0.505489
327893,8.15124e+20,0.505995
328221,8.17572e+20,0.506501
328549,8.20027e+20,0.507007
328878,8.22489e+20,0.507514
329206,8.24959e+20,0.508022
329536,8.27437e+20,0.50853
329865,8.29922e+20,0.509038
330195,8.32414e+20,0.509547
330525,8.34914e+20,0.510057
330856,8.37421e+20,0.510567
331187,8.39936e+20,0.511077
331518,8.42458e+20,0.511588
331849,8.44988e+20,0.5121
332181,8.47525e+20,0.512612
332513,8.5007e+20,0.513125
332846,8.52623e+20,0.513638
333179,8.55184e+20,0.514152
333512,8.57752e+20,0.514666
333845,8.60328e+20,0.51518
334179,8.62911e+20,0.515696
334513,8.65502e+20,0.516211
334848,8.68102e+20,0.516727
335183,8.70708e+20,0.517244
335518,8.73323e+20,0.517761
335853,8.75946e+20,0.518279
336189,8.78576e+20,0.518797
336526,8.81215e+20,0.519316
336862,8.83861e+20,0.519836
337199,8.86515e+20,0.520355
337536,8.89177e+20,0.520876
337874,8.91848e+20,0.521397
338212,8.94526e+20,0.521918
338550,8.97212e+20,0.52244
338888,8.99906e+20,0.522962
339227,9.02609e+20,0.523485
339566,9.05319e+20,0.524009
339906,9.08038e+20,0.524533
340246,9.10765e+20,0.525057
340586,9.135e+20,0.525582
340927,9.16243e+20,0.526108
341268,9.18995e+20,0.526634
341609,9.21754e+20,0.527161
341951,9.24522e+20,0.527688
342292,9.27299e+20,0.528216
342635,9.30083e+20,0.528744
342977,9.32876e+20,0.529273
343320,9.35678e+20,0.529802
343664,9.38488e+20,0.530332
344007,9.41306e+20,0.530862
344351,9.44133e+20,0.531393
344696,9.46968e+20,0.531924
345040,9.49812e+20,0.532456
345385,9.52664e+20,0.532989
345731,9.55525e+20,0.533522
346077,9.58394e+20,0.534055
346423,9.61272e+20,0.534589
346769,9.64159e+20,0.535124
347116,9.67054e+20,0.535659
347463,9.69958e+20,0.536195
347810,9.72871e+20,0.536731
348158,9.75793e+20,0.537267
348506,9.78723e+20,0.537805
348855,9.81662e+20,0.538343
349204,9.8461e+20,0.538881
349553,9.87567e+20,0.53942
349902,9.90533e+20,0.539959
350252,9.93507e+20,0.540499
350603,9.96491e+20,0.54104
350953,9.99483e+20,0.541581
351304,1.00248e+21,0.542122
351655,1.0055e+21,0.542664
352007,1.00851e+21,0.543207
352359,1.01154e+21,0.54375
352712,1.01458e+21,0.544294
353064,1.01763e+21,0.544838
353417,1.02068e+21,0.545383
353771,1.02375e+21,0.545928
354124,1.02682e+21,0.546474
354479,1.02991e+21,0.547021
354833,1.033e+21,0.547568
355188,1.0361e+21,0.548115
355543,1.03921e+21,0.548664
355899,1.04233e+21,0.549212
356255,1.04546e+21,0.549761
356611,1.0486e+21,0.550311
356967,1.05175e+21,0.550862
357324,1.05491e+21,0.551412
357682,1.05808e+21,0.551964
358039,1.06126e+21,0.552516
358397,1.06444e+21,0.553068
358756,1.06764e+21,0.553621
359115,1.07085e+21,0.554175
359474,1.07406e+21,0.554729
359833,1.07729e+21,0.555284
360193,1.08052e+21,0.555839
360553,1.08377e+21,0.556395
360914,1.08702e+21,0.556951
361275,1.09029e+21,0.557508
361636,1.09356e+21,0.558066
361998,1.09684e+21,0.558624
362360,1.10014e+21,0.559183
362722,1.10344e+21,0.559742
363085,1.10675e+21,0.560301
363448,1.11008e+21,0.560862
363811,1.11341e+21,0.561423
364175,1.11676e+21,0.561984
364539,1.12011e+21,0.562546
364904,1.12347e+21,0.563109
365269,1.12685e+21,0.563672
365634,1.13023e+21,0.564235
366000,1.13362e+21,0.5648
366366,1.13703e+21,0.565364
366732,1.14044e+21,0.56593
367099,1.14387e+21,0.566496
367466,1.1473e+21,0.567062
367833,1.15075e+21,0.567629
368201,1.1542e+21,0.568197
368569,1.15767e+21,0.568765
368938,1.16115e+21,0.569334
369307,1.16463e+21,0.569903
369676,1.16813e+21,0.570473
370046,1.17164e+21,0.571044
370416,1.17516e+21,0.571615
370786,1.17869e+21,0.572186
371157,1.18223e+21,0.572758
371528,1.18578e+21,0.573331
371900,1.18934e+21,0.573905
372272,1.19291e+21,0.574478
372644,1.19649e+21,0.575053
373016,1.20008e+21,0.575628
373389,1.20369e+21,0.576204
373763,1.2073e+21,0.57678
374137,1.21093e+21,0.577357
374511,1.21456e+21,0.577934
374885,1.21821e+21,0.578512
375260,1.22187e+21,0.57909
375635,1.22554e+21,0.579669
376011,1.22922e+21,0.580249
376387,1.23291e+21,0.580829
376763,1.23661e+21,0.58141
377140,1.24033e+21,0.581992
377517,1.24405e+21,0.582574
377895,1.24779e+21,0.583156
378273,1.25153e+21,0.583739
378651,1.25529e+21,0.584323
379030,1.25906e+21,0.584907
379409,1.26284e+21,0.585492
379788,1.26664e+21,0.586078
380168,1.27044e+21,0.586664
380548,1.27425e+21,0.587251
380929,1.27808e+21,0.587838
381310,1.28192e+21,0.588426
381691,1.28577e+21,0.589014
382073,1.28963e+21,0.589603
382455,1.2935e+21,0.590193
382837,1.29739e+21,0.590783
383220,1.30128e+21,0.591374
383603,1.30519e+21,0.591965
383987,1.30911e+21,0.592557
384371,1.31304e+21,0.59315
384755,1.31699e+21,0.593743
385140,1.32094e+21,0.594336
385525,1.32491e+21,0.594931
385911,1.32889e+21,0.595526
386296,1.33288e+21,0.596121
386683,1.33688e+21,0.596717
387069,1.34089e+21,0.597314
387456,1.34492e+21,0.597911
387844,1.34896e+21,0.598509
388232,1.35301e+21,0.599108
388620,1.35707e+21,0.599707
389009,1.36115e+21,0.600307
389398,1.36524e+21,0.600907
389787,1.36934e+21,0.601508
390177,1.37345e+21,0.602109
390567,1.37757e+21,0.602711
390958,1.38171e+21,0.603314
391349,1.38586e+21,0.603917
391740,1.39002e+21,0.604521
392132,1.39419e+21,0.605126
392524,1.39838e+21,0.605731
392916,1.40258e+21,0.606337
393309,1.40679e+21,0.606943
393702,1.41102e+21,0.60755
394096,1.41525e+21,0.608158
394490,1.4195e+21,0.608766
394885,1.42377e+21,0.609375
395280,1.42804e+21,0.609984
395675,1.43233e+21,0.610594
396071,1.43663e+21,0.611204
396467,1.44095e+21,0.611816
396863,1.44527e+21,0.612427
397260,1.44961e+21,0.61304
397657,1.45397e+21,0.613653
398055,1.45833e+21,0.614267
398453,1.46271e+21,0.614881
398851,1.46711e+21,0.615496
399250,1.47151e+21,0.616111
399650,1.47593e+21,0.616727
400049,1.48036e+21,0.617344
400449,1.48481e+21,0.617961
400850,1.48927e+21,0.618579
401251,1.49374e+21,0.619198
401652,1.49822e+21,0.619817
402053,1.50272e+21,0.620437
402456,1.50724e+21,0.621057
402858,1.51176e+21,0.621678
403261,1.5163e+21,0.6223
403664,1.52086e+21,0.622922
404068,1.52542e+21,0.623545
404472,1.53e+21,0.624169
404876,1.5346e+21,0.624793
405281,1.53921e+21,0.625418
405686,1.54383e+21,0.626043
406092,1.54847e+21,0.626669
406498,1.55312e+21,0.627296
406905,1.55778e+21,0.627923
407312,1.56246e+21,0.628551
407719,1.56715e+21,0.62918
408127,1.57186e+21,0.629809
408535,1.57658e+21,0.630439
408943,1.58131e+21,0.631069
409352,1.58606e+21,0.6317
409762,1.59082e+21,0.632332
410171,1.5956e+21,0.632964
410582,1.60039e+21,0.633597
410992,1.6052e+21,0.634231
411403,1.61002e+21,0.634865
411815,1.61485e+21,0.6355
412226,1.6197e+21,0.636135
412639,1.62457e+21,0.636772
413051,1.62944e+21,0.637408
413464,1.63434e+21,0.638046
413878,1.63924e+21,0.638684
414292,1.64417e+21,0.639323
414706,1.6491e+21,0.639962
415121,1.65406e+21,0.640602
415536,1.65902e+21,0.641242
415951,1.66401e+21,0.641884
416367,1.669e+21,0.642526
416784,1.67402e+21,0.643168
417200,1.67904e+21,0.643811
417618,1.68408e+21,0.644455
418035,1.68914e+21,0.6451
418453,1.69421e+21,0.645745
418872,1.6993e+21,0.64639
419291,1.70441e+21,0.647037
419710,1.70952e+21,0.647684
420130,1.71466e+21,0.648331
420550,1.71981e+21,0.64898
420970,1.72497e+21,0.649629
421391,1.73015e+21,0.650278
421813,1.73535e+21,0.650929
422234,1.74056e+21,0.65158
422657,1.74578e+21,0.652231
423079,1.75103e+21,0.652883
423502,1.75629e+21,0.653536
423926,1.76156e+21,0.65419
424350,1.76685e+21,0.654844
424774,1.77216e+21,0.655499
425199,1.77748e+21,0.656154
425624,1.78282e+21,0.656811
426050,1.78817e+21,0.657467
426476,1.79354e+21,0.658125
426902,1.79892e+21,0.658783
427329,1.80433e+21,0.659442
427756,1.80975e+21,0.660101
428184,1.81518e+21,0.660761
428612,1.82063e+21,0.661422
429041,1.8261e+21,0.662083
429470,1.83158e+21,0.662746
429900,1.83708e+21,0.663408
430329,1.8426e+21,0.664072
430760,1.84813e+21,0.664736
431191,1.85368e+21,0.6654
431622,1.85925e+21,0.666066
432053,1.86483e+21,0.666732
432485,1.87043e+21,0.667399
432918,1.87605e+21,0.668066
433351,1.88168e+21,0.668734
433784,1.88733e+21,0.669403
434218,1.893e+21,0.670072
434652,1.89869e+21,0.670742
435087,1.90439e+21,0.671413
435522,1.91011e+21,0.672085
435957,1.91584e+21,0.672757
436393,1.9216e+21,0.673429
436830,1.92737e+21,0.674103
437267,1.93315e+21,0.674777
437704,1.93896e+21,0.675452
438142,1.94478e+21,0.676127
438580,1.95062e+21,0.676803
439018,1.95648e+21,0.67748
439457,1.96236e+21,0.678158
439897,1.96825e+21,0.678836
440337,1.97416e+21,0.679515
440777,1.98009e+21,0.680194
441218,1.98603e+21,0.680874
441659,1.992e+21,0.681555
442101,1.99798e+21,0.682237
442543,2.00398e+21,0.682919
442985,2.01e+21,0.683602
443428,2.01603e+21,0.684285
443872,2.02209e+21,0.68497
444316,2.02816e+21,0.685655
444760,2.03425e+21,0.68634
445205,2.04036e+21,0.687027
445650,2.04649e+21,0.687714
446096,2.05263e+21,0.688401
446542,2.0588e+21,0.68909
446988,2.06498e+21,0.689779
447435,2.07118e+21,0.690469
447883,2.0774e+21,0.691159
448330,2.08364e+21,0.69185
448779,2.0899e+21,0.692542
449228,2.09617e+21,0.693235
449677,2.10247e+21,0.693928
450126,2.10878e+21,0.694622
450577,2.11511e+21,0.695316
451027,2.12146e+21,0.696012
451478,2.12784e+21,0.696708
451930,2.13423e+21,0.697405
452382,2.14063e+21,0.698102
452834,2.14706e+21,0.6988
453287,2.15351e+21,0.699499
453740,2.15998e+21,0.700198
454194,2.16646e+21,0.700899
454648,2.17297e+21,0.701599
455103,2.1795e+21,0.702301
455558,2.18604e+21,0.703003
456013,2.1926e+21,0.703706
456469,2.19919e+21,0.70441
456926,2.20579e+21,0.705114
457383,2.21242e+21,0.70582
457840,2.21906e+21,0.706525
458298,2.22573e+21,0.707232
458756,2.23241e+21,0.707939
459215,2.23911e+21,0.708647
459674,2.24584e+21,0.709356
460134,2.25258e+21,0.710065
460594,2.25935e+21,0.710775
461055,2.26613e+21,0.711486
461516,2.27294e+21,0.712197
461977,2.27976e+21,0.71291
462439,2.28661e+21,0.713622
462902,2.29347e+21,0.714336
463365,2.30036e+21,0.71505
463828,2.30727e+21,0.715766
464292,2.3142e+21,0.716481
464756,2.32115e+21,0.717198
465221,2.32812e+21,0.717915
465686,2.33511e+21,0.718633
466152,2.34212e+21,0.719351
466618,2.34916e+21,0.720071
467084,2.35621e+21,0.720791
467552,2.36329e+21,0.721512
468019,2.37038e+21,0.722233
468487,2.3775e+21,0.722955
468956,2.38464e+21,0.723678
469425,2.3918e+21,0.724402
469894,2.39898e+21,0.725126
470364,2.40619e+21,0.725852
470834,2.41341e+21,0.726577
471305,2.42066e+21,0.727304
471776,2.42793e+21,0.728031
472248,2.43522e+21,0.728759
472720,2.44253e+21,0.729488
473193,2.44987e+21,0.730218
473666,2.45723e+21,0.730948
474140,2.46461e+21,0.731679
474614,2.47201e+21,0.73241
475089,2.47943e+21,0.733143
475564,2.48688e+21,0.733876
476039,2.49434e+21,0.73461
476515,2.50183e+21,0.735345
476992,2.50935e+21,0.73608
477469,2.51688e+21,0.736816
477946,2.52444e+21,0.737553
478424,2.53202e+21,0.73829
478903,2.53963e+21,0.739029
479382,2.54725e+21,0.739768
479861,2.5549e+21,0.740507
480341,2.56257e+21,0.741248
480821,2.57027e+21,0.741989
481302,2.57799e+21,0.742731
481783,2.58573e+21,0.743474
482265,2.59349e+21,0.744217
482747,2.60128e+21,0.744962
483230,2.60909e+21,0.745707
483713,2.61693e+21,0.746452
484197,2.62479e+21,0.747199
484681,2.63267e+21,0.747946
485166,2.64058e+21,0.748694
485651,2.64851e+21,0.749443
486137,2.65646e+21,0.750192
486623,2.66444e+21,0.750942
487110,2.67244e+21,0.751693
487597,2.68046e+21,0.752445
488084,2.68851e+21,0.753197
488572,2.69659e+21,0.75395
489061,2.70468e+21,0.754704
489550,2.71281e+21,0.755459
490040,2.72095e+21,0.756215
490530,2.72912e+21,0.756971
491020,2.73732e+21,0.757728
491511,2.74554e+21,0.758485
492003,2.75378e+21,0.759244
492495,2.76205e+21,0.760003
492987,2.77035e+21,0.760763
493480,2.77867e+21,0.761524
493974,2.78701e+21,0.762285
494468,2.79538e+21,0.763048
494962,2.80378e+21,0.763811
495457,2.8122e+21,0.764575
495952,2.82064e+21,0.765339
496448,2.82911e+21,0.766105
496945,2.83761e+21,0.766871
497442,2.84613e+21,0.767638
497939,2.85468e+21,0.768405
498437,2.86325e+21,0.769174
498936,2.87185e+21,0.769943
499435,2.88047e+21,0.770713
499934,2.88912e+21,0.771483
500434,2.8978e+21,0.772255
500934,2.9065e+21,0.773027
501435,2.91523e+21,0.7738
501937,2.92398e+21,0.774574
502439,2.93276e+21,0.775349
502941,2.94157e+21,0.776124
503444,2.9504e+21,0.7769
503948,2.95926e+21,0.777677
504451,2.96815e+21,0.778455
504956,2.97706e+21,0.779233
505461,2.986e+21,0.780012
505966,2.99497e+21,0.780792
506472,3.00396e+21,0.781573
506979,3.01299e+21,0.782355
507486,3.02203e+21,0.783137
507993,3.03111e+21,0.78392
508501,3.04021e+21,0.784704
509010,3.04934e+21,0.785489
509519,3.0585e+21,0.786274
510028,3.06768e+21,0.787061
510538,3.07689e+21,0.787848
511049,3.08613e+21,0.788635
511560,3.0954e+21,0.789424
512071,3.1047e+21,0.790213
512584,3.11402e+21,0.791004
513096,3.12337e+21,0.791795
513609,3.13275e+21,0.792586
514123,3.14216e+21,0.793379
514637,3.1516e+21,0.794172
515152,3.16106e+21,0.794967
515667,3.17055e+21,0.795762
516182,3.18007e+21,0.796557
516699,3.18962e+21,0.797354
517215,3.1992e+21,0.798151
517732,3.20881e+21,0.798949
518250,3.21845e+21,0.799748
518768,3.22811e+21,0.800548
519287,3.2378e+21,0.801349
519807,3.24753e+21,0.80215
520326,3.25728e+21,0.802952
520847,3.26706e+21,0.803755
521367,3.27687e+21,0.804559
521889,3.28671e+21,0.805363
522411,3.29658e+21,0.806169
522933,3.30648e+21,0.806975
523456,3.31641e+21,0.807782
523980,3.32637e+21,0.80859
524504,3.33636e+21,0.809398
525028,3.34638e+21,0.810208
525553,3.35643e+21,0.811018
526079,3.36651e+21,0.811829
526605,3.37662e+21,0.812641
527131,3.38676e+21,0.813453
527658,3.39693e+21,0.814267
528186,3.40713e+21,0.815081
528714,3.41736e+21,0.815896
529243,3.42762e+21,0.816712
529772,3.43792e+21,0.817529
530302,3.44824e+21,0.818346
530832,3.45859e+21,0.819165
531363,3.46898e+21,0.819984
531894,3.4794e+21,0.820804
532426,3.48985e+21,0.821625
532959,3.50033e+21,0.822446
533492,3.51084e+21,0.823269
534025,3.52138e+21,0.824092
534559,3.53196e+21,0.824916
535094,3.54256e+21,0.825741
535629,3.5532e+21,0.826567
536165,3.56387e+21,0.827393
536701,3.57457e+21,0.828221
537237,3.58531e+21,0.829049
537775,3.59607e+21,0.829878
538312,3.60687e+21,0.830708
538851,3.61771e+21,0.831539
539390,3.62857e+21,0.83237
539929,3.63947e+21,0.833202
540469,3.6504e+21,0.834036
541009,3.66136e+21,0.83487
541550,3.67235e+21,0.835705
542092,3.68338e+21,0.83654
542634,3.69444e+21,0.837377
543177,3.70554e+21,0.838214
543720,3.71666e+21,0.839052
544264,3.72782e+21,0.839891
544808,3.73902e+21,0.840731
545353,3.75025e+21,0.841572
545898,3.76151e+21,0.842414
546444,3.77281e+21,0.843256
546990,3.78414e+21,0.844099
547537,3.7955e+21,0.844943
548085,3.8069e+21,0.845788
548633,3.81833e+21,0.846634
549182,3.8298e+21,0.847481
549731,3.8413e+21,0.848328
550281,3.85283e+21,0.849177
550831,3.8644e+21,0.850026
551382,3.87601e+21,0.850876
551933,3.88765e+21,0.851727
552485,3.89932e+21,0.852578
553037,3.91103e+21,0.853431
553590,3.92278e+21,0.854284
554144,3.93456e+21,0.855139
554698,3.94637e+21,0.855994
555253,3.95822e+21,0.85685
555808,3.97011e+21,0.857707
556364,3.98203e+21,0.858564
556920,3.99399e+21,0.859423
557477,4.00598e+21,0.860282
558035,4.01801e+21,0.861143
558593,4.03008e+21,0.862004
559151,4.04218e+21,0.862866
559710,4.05432e+21,0.863729
560270,4.06649e+21,0.864592
560830,4.07871e+21,0.865457
561391,4.09096e+21,0.866322
561953,4.10324e+21,0.867189
562515,4.11556e+21,0.868056
563077,4.12792e+21,0.868924
563640,4.14032e+21,0.869793
564204,4.15275e+21,0.870663
564768,4.16522e+21,0.871533
565333,4.17773e+21,0.872405
565898,4.19028e+21,0.873277
566464,4.20286e+21,0.874151
567031,4.21548e+21,0.875025
567598,4.22814e+21,0.8759
568165,4.24084e+21,0.876776
568733,4.25357e+21,0.877652
569302,4.26634e+21,0.87853
569871,4.27916e+21,0.879409
570441,4.29201e+21,0.880288
571012,4.3049e+21,0.881168
571583,4.31782e+21,0.882049
572154,4.33079e+21,0.882932
572726,4.3438e+21,0.883814
573299,4.35684e+21,0.884698
573872,4.36992e+21,0.885583
574446,4.38305e+21,0.886469
575021,4.39621e+21,0.887355
575596,4.40941e+21,0.888242
576171,4.42265e+21,0.889131
576748,4.43593e+21,0.89002
577324,4.44925e+21,0.89091
577902,4.46262e+21,0.891801
578480,4.47602e+21,0.892693
579058,4.48946e+21,0.893585
579637,4.50294e+21,0.894479
580217,4.51646e+21,0.895373
580797,4.53003e+21,0.896269
581378,4.54363e+21,0.897165
581959,4.55727e+21,0.898062
582541,4.57096e+21,0.89896
583124,4.58469e+21,0.899859
583707,4.59845e+21,0.900759
584290,4.61226e+21,0.90166
584875,4.62611e+21,0.902561
585460,4.64001e+21,0.903464
586045,4.65394e+21,0.904367
586631,4.66791e+21,0.905272
587218,4.68193e+21,0.906177
587805,4.69599e+21,0.907083
588393,4.71009e+21,0.90799
588981,4.72424e+21,0.908898
589570,4.73843e+21,0.909807
590160,4.75266e+21,0.910717
590750,4.76693e+21,0.911628
591341,4.78124e+21,0.912539
591932,4.7956e+21,0.913452
592524,4.81e+21,0.914365
593116,4.82445e+21,0.91528
593710,4.83893e+21,0.916195
594303,4.85347e+21,0.917111
594898,4.86804e+21,0.918028
595492,4.88266e+21,0.918946
596088,4.89732e+21,0.919865
596684,4.91203e+21,0.920785
597281,4.92678e+21,0.921706
597878,4.94157e+21,0.922628
598476,4.95641e+21,0.92355
599074,4.9713e+21,0.924474
599673,4.98623e+21,0.925398
600273,5.0012e+21,0.926324
600873,5.01622e+21,0.92725
601474,5.03128e+21,0.928177
602076,5.04639e+21,0.929105
602678,5.06155e+21,0.930035
603280,5.07675e+21,0.930965
603884,5.09199e+21,0.931896
604488,5.10728e+21,0.932827
605092,5.12262e+21,0.93376
605697,5.138e+21,0.934694
606303,5.15343e+21,0.935629
606909,5.16891e+21,0.936564
607516,5.18443e+21,0.937501
608124,5.2e+21,0.938438
608732,5.21562e+21,0.939377
609340,5.23128e+21,0.940316
609950,5.24699e+21,0.941257
610560,5.26274e+21,0.942198
611170,5.27855e+21,0.94314
611781,5.2944e+21,0.944083
612393,5.3103e+21,0.945027
613006,5.32625e+21,0.945972
613619,5.34224e+21,0.946918
614232,5.35828e+21,0.947865
614847,5.37437e+21,0.948813
615461,5.39051e+21,0.949762
616077,5.4067e+21,0.950712
616693,5.42294e+21,0.951662
617310,5.43922e+21,0.952614
617927,5.45556e+21,0.953567
618545,5.47194e+21,0.95452
619163,5.48837e+21,0.955475
619783,5.50485e+21,0.95643
620402,5.52138e+21,0.957387
621023,5.53796e+21,0.958344
621644,5.5546e+21,0.959302
622265,5.57128e+21,0.960262
622888,5.58801e+21,0.961222
623511,5.60479e+21,0.962183
624134,5.62162e+21,0.963145
624758,5.6385e+21,0.964108
625383,5.65543e+21,0.965072
626008,5.67242e+21,0.966038
626634,5.68945e+21,0.967004
627261,5.70654e+21,0.967971
627888,5.72367e+21,0.968939
628516,5.74086e+21,0.969908
629145,5.7581e+21,0.970877
629774,5.77539e+21,0.971848
630404,5.79274e+21,0.97282
631034,5.81013e+21,0.973793
631665,5.82758e+21,0.974767
632297,5.84508e+21,0.975742
632929,5.86263e+21,0.976717
633562,5.88024e+21,0.977694
634195,5.8979e+21,0.978672
634830,5.91561e+21,0.97965
635464,5.93337e+21,0.98063
636100,5.95119e+21,0.981611
636736,5.96906e+21,0.982592
637373,5.98699e+21,0.983575
638010,6.00496e+21,0.984558
638648,6.023e+21,0.985543
639287,6.04108e+21,0.986528
639926,6.05923e+21,0.987515
640566,6.07742e+21,0.988503
641207,6.09567e+21,0.989491
641848,6.11398e+21,0.990481
642490,6.13234e+21,0.991471
643132,6.15075e+21,0.992462
643775,6.16922e+21,0.993455
644419,6.18775e+21,0.994448
645063,6.20633e+21,0.995443
645709,6.22497e+21,0.996438
646354,6.24366e+21,0.997435
647001,6.26241e+21,0.998432
647648,6.28122e+21,0.999431
648295,6.30008e+21,1.00043
648944,6.319e+21,1.00143
649592,6.33798e+21,1.00243
650242,6.35701e+21,1.00343
650892,6.3761e+21,1.00444
651543,6.39525e+21,1.00544
652195,6.41445e+21,1.00645
652847,6.43371e+21,1.00745
653500,6.45304e+21,1.00846
654153,6.47241e+21,1.00947
654807,6.49185e+21,1.01048
655462,6.51135e+21,1.01149
656118,6.5309e+21,1.0125
656774,6.55051e+21,1.01351
657431,6.57018e+21,1.01453
658088,6.58991e+21,1.01554
658746,6.6097e+21,1.01656
659405,6.62955e+21,1.01757
660064,6.64946e+21,1.01859
660724,6.66943e+21,1.01961
661385,6.68946e+21,1.02063
662046,6.70954e+21,1.02165
662708,6.72969e+21,1.02267
663371,6.7499e+21,1.02369
664035,6.77017e+21,1.02472
664699,6.7905e+21,1.02574
665363,6.8109e+21,1.02677
666029,6.83135e+21,1.0278
666695,6.85186e+21,1.02882
667361,6.87244e+21,1.02985
668029,6.89308e+21,1.03088
668697,6.91378e+21,1.03191
669365,6.93454e+21,1.03295
670035,6.95536e+21,1.03398
670705,6.97625e+21,1.03501
671376,6.9972e+21,1.03605
672047,7.01821e+21,1.03708
672719,7.03929e+21,1.03812
673392,7.06043e+21,1.03916
674065,7.08163e+21,1.0402
674739,7.1029e+21,1.04124
675414,7.12423e+21,1.04228
676089,7.14562e+21,1.04332
676765,7.16708e+21,1.04436
677442,7.1886e+21,1.04541
678120,7.21019e+21,1.04645
678798,7.23184e+21,1.0475
679477,7.25356e+21,1.04855
680156,7.27534e+21,1.0496
680836,7.29719e+21,1.05065
681517,7.3191e+21,1.0517
682199,7.34108e+21,1.05275
682881,7.36313e+21,1.0538
683564,7.38524e+21,1.05486
684247,7.40742e+21,1.05591
684931,7.42966e+21,1.05697
685616,7.45197e+21,1.05802
686302,7.47435e+21,1.05908
686988,7.4968e+21,1.06014
687675,7.51931e+21,1.0612
688363,7.54189e+21,1.06226
689051,7.56454e+21,1.06332
689740,7.58725e+21,1.06439
690430,7.61004e+21,1.06545
691121,7.63289e+21,1.06652
691812,7.65581e+21,1.06758
692503,7.6788e+21,1.06865
693196,7.70186e+21,1.06972
693889,7.72499e+21,1.07079
694583,7.74819e+21,1.07186
695278,7.77146e+21,1.07293
695973,7.79479e+21,1.074
696669,7.8182e+21,1.07508
697366,7.84168e+21,1.07615
698063,7.86523e+21,1.07723
698761,7.88885e+21,1.07831
699460,7.91254e+21,1.07939
700159,7.9363e+21,1.08046
700859,7.96013e+21,1.08155
701560,7.98404e+21,1.08263
702262,8.00801e+21,1.08371
702964,8.03206e+21,1.08479
703667,8.05618e+21,1.08588
704371,8.08037e+21,1.08696
705075,8.10464e+21,1.08805
705780,8.12898e+21,1.08914
706486,8.15339e+21,1.09023
707192,8.17787e+21,1.09132
707900,8.20243e+21,1.09241
708607,8.22706e+21,1.0935
709316,8.25177e+21,1.0946
710025,8.27655e+21,1.09569
710735,8.3014e+21,1.09679
711446,8.32633e+21,1.09788
712158,8.35134e+21,1.09898
712870,8.37642e+21,1.10008
713583,8.40157e+21,1.10118
714296,8.4268e+21,1.10228
715011,8.45211e+21,1.10338
715726,8.47749e+21,1.10449
716441,8.50295e+21,1.10559
717158,8.52848e+21,1.1067
717875,8.55409e+21,1.1078
718593,8.57978e+21,1.10891
719311,8.60554e+21,1.11002
720031,8.63139e+21,1.11113
720751,8.65731e+21,1.11224
721471,8.6833e+21,1.11335
722193,8.70938e+21,1.11447
722915,8.73554e+21,1.11558
723638,8.76177e+21,1.1167
724362,8.78808e+21,1.11781
725086,8.81447e+21,1.11893
725811,8.84094e+21,1.12005
726537,8.86749e+21,1.12117
727263,8.89412e+21,1.12229
727991,8.92083e+21,1.12341
728719,8.94762e+21,1.12454
729447,8.97449e+21,1.12566
730177,9.00144e+21,1.12679
730907,9.02847e+21,1.12791
731638,9.05558e+21,1.12904
732370,9.08277e+21,1.13017
733102,9.11005e+21,1.1313
733835,9.13741e+21,1.13243
734569,9.16485e+21,1.13356
735303,9.19237e+21,1.1347
736039,9.21997e+21,1.13583
736775,9.24766e+21,1.13697
737512,9.27543e+21,1.13811
738249,9.30329e+21,1.13924
738987,9.33122e+21,1.14038
739726,9.35925e+21,1.14152
740466,9.38735e+21,1.14267
741206,9.41554e+21,1.14381
741948,9.44382e+21,1.14495
742690,9.47218e+21,1.1461
743432,9.50062e+21,1.14724
744176,9.52915e+21,1.14839
744920,9.55777e+21,1.14954
745665,9.58647e+21,1.15069
746411,9.61526e+21,1.15184
747157,9.64413e+21,1.15299
747904,9.67309e+21,1.15414
748652,9.70214e+21,1.1553
749401,9.73128e+21,1.15645
750150,9.7605e+21,1.15761
750900,9.78981e+21,1.15877
751651,9.81921e+21,1.15993
752403,9.8487e+21,1.16109
753155,9.87827e+21,1.16225
753908,9.90794e+21,1.16341
754662,9.93769e+21,1.16457
755417,9.96753e+21,1.16574
756172,9.99747e+21,1.1669
756928,1.00275e+22,1.16807
757685,1.00576e+22,1.16924
758443,1.00878e+22,1.17041
759202,1.01181e+22,1.17158
759961,1.01485e+22,1.17275
760721,1.0179e+22,1.17392
761481,1.02095e+22,1.1751
762243,1.02402e+22,1.17627
763005,1.02709e+22,1.17745
763768,1.03018e+22,1.17862
764532,1.03327e+22,1.1798
765296,1.03637e+22,1.18098
766062,1.03949e+22,1.18216
766828,1.04261e+22,1.18335
767595,1.04574e+22,1.18453
768362,1.04888e+22,1.18571
769131,1.05203e+22,1.1869
769900,1.05519e+22,1.18809
770670,1.05836e+22,1.18927
771440,1.06154e+22,1.19046
772212,1.06472e+22,1.19165
772984,1.06792e+22,1.19285
773757,1.07113e+22,1.19404
774531,1.07434e+22,1.19523
775305,1.07757e+22,1.19643
776081,1.08081e+22,1.19762
776857,1.08405e+22,1.19882
777633,1.08731e+22,1.20002
778411,1.09057e+22,1.20122
779189,1.09385e+22,1.20242
779969,1.09713e+22,1.20362
780749,1.10043e+22,1.20483
781529,1.10373e+22,1.20603
782311,1.10705e+22,1.20724
783093,1.11037e+22,1.20845
783876,1.11371e+22,1.20965
784660,1.11705e+22,1.21086
785445,1.1204e+22,1.21208
786230,1.12377e+22,1.21329
787017,1.12714e+22,1.2145
787804,1.13053e+22,1.21572
788591,1.13392e+22,1.21693
789380,1.13733e+22,1.21815
790169,1.14074e+22,1.21937
790960,1.14417e+22,1.22059
791750,1.14761e+22,1.22181
792542,1.15105e+22,1.22303
793335,1.15451e+22,1.22425
794128,1.15798e+22,1.22547
794922,1.16145e+22,1.2267
795717,1.16494e+22,1.22793
796513,1.16844e+22,1.22916
797309,1.17195e+22,1.23038
798107,1.17547e+22,1.23161
798905,1.179e+22,1.23285
799704,1.18254e+22,1.23408
800503,1.18609e+22,1.23531
801304,1.18965e+22,1.23655
802105,1.19322e+22,1.23779
802907,1.19681e+22,1.23902
803710,1.2004e+22,1.24026
804514,1.20401e+22,1.2415
805318,1.20762e+22,1.24274
806124,1.21125e+22,1.24399
806930,1.21488e+22,1.24523
807737,1.21853e+22,1.24648
808545,1.22219e+22,1.24772
809353,1.22586e+22,1.24897
810162,1.22954e+22,1.25022
810973,1.23324e+22,1.25147
811784,1.23694e+22,1.25272
812595,1.24065e+22,1.25397
813408,1.24438e+22,1.25523
814221,1.24812e+22,1.25648
815036,1.25186e+22,1.25774
815851,1.25562e+22,1.259
816666,1.25939e+22,1.26026
817483,1.26318e+22,1.26152
818301,1.26697e+22,1.26278
819119,1.27077e+22,1.26404
819938,1.27459e+22,1.2653
820758,1.27842e+22,1.26657
821579,1.28226e+22,1.26784
822400,1.28611e+22,1.2691
823223,1.28997e+22,1.27037
824046,1.29384e+22,1.27164
824870,1.29773e+22,1.27291
825695,1.30163e+22,1.27419
826521,1.30554e+22,1.27546
827347,1.30946e+22,1.27674
828174,1.31339e+22,1.27801
829003,1.31733e+22,1.27929
829832,1.32129e+22,1.28057
830661,1.32526e+22,1.28185
831492,1.32924e+22,1.28313
832324,1.33323e+22,1.28442
833156,1.33723e+22,1.2857
833989,1.34125e+22,1.28699
834823,1.34527e+22,1.28827
835658,1.34931e+22,1.28956
836494,1.35337e+22,1.29085
837330,1.35743e+22,1.29214
838167,1.36151e+22,1.29344
839006,1.3656e+22,1.29473
839845,1.3697e+22,1.29602
840684,1.37381e+22,1.29732
841525,1.37794e+22,1.29862
842367,1.38207e+22,1.29992
843209,1.38622e+22,1.30122
844052,1.39039e+22,1.30252
844896,1.39456e+22,1.30382
845741,1.39875e+22,1.30512
846587,1.40295e+22,1.30643
847433,1.40716e+22,1.30773
848281,1.41139e+22,1.30904
849129,1.41563e+22,1.31035
849978,1.41988e+22,1.31166
850828,1.42414e+22,1.31297
851679,1.42842e+22,1.31429
852531,1.43271e+22,1.3156
853383,1.43701e+22,1.31692
854237,1.44133e+22,1.31823
855091,1.44565e+22,1.31955
855946,1.45e+22,1.32087
856802,1.45435e+22,1.32219
857659,1.45872e+22,1.32351
858516,1.4631e+22,1.32484
859375,1.46749e+22,1.32616
860234,1.4719e+22,1.32749
861095,1.47632e+22,1.32882
861956,1.48075e+22,1.33014
862818,1.4852e+22,1.33147
863680,1.48966e+22,1.33281
864544,1.49413e+22,1.33414
865409,1.49862e+22,1.33547
866274,1.50312e+22,1.33681
867140,1.50763e+22,1.33815
868007,1.51216e+22,1.33948
868875,1.5167e+22,1.34082
869744,1.52126e+22,1.34216
870614,1.52583e+22,1.34351
871485,1.53041e+22,1.34485
872356,1.535e+22,1.34619
873229,1.53961e+22,1.34754
874102,1.54424e+22,1.34889
874976,1.54887e+22,1.35024
875851,1.55352e+22,1.35159
876727,1.55819e+22,1.35294
877603,1.56287e+22,1.35429
878481,1.56756e+22,1.35565
879360,1.57227e+22,1.357
880239,1.57699e+22,1.35836
881119,1.58173e+22,1.35972
882000,1.58648e+22,1.36108
882882,1.59124e+22,1.36244
883765,1.59602e+22,1.3638
884649,1.60081e+22,1.36516
885534,1.60562e+22,1.36653
886419,1.61044e+22,1.3679
887305,1.61528e+22,1.36926
888193,1.62013e+22,1.37063
889081,1.62499e+22,1.372
889970,1.62987e+22,1.37338
890860,1.63477e+22,1.37475
891751,1.63968e+22,1.37612
892643,1.6446e+22,1.3775
893535,1.64954e+22,1.37888
894429,1.65449e+22,1.38026
895323,1.65946e+22,1.38164
896219,1.66445e+22,1.38302
897115,1.66944e+22,1.3844
898012,1.67446e+22,1.38579
898910,1.67949e+22,1.38717
899809,1.68453e+22,1.38856
900709,1.68959e+22,1.38995
901609,1.69466e+22,1.39134
902511,1.69975e+22,1.39273
903413,1.70485e+22,1.39412
904317,1.70997e+22,1.39552
905221,1.71511e+22,1.39691
906126,1.72026e+22,1.39831
907033,1.72543e+22,1.39971
907940,1.73061e+22,1.40111
908848,1.7358e+22,1.40251
909756,1.74102e+22,1.40391
910666,1.74625e+22,1.40531
911577,1.75149e+22,1.40672
912488,1.75675e+22,1.40813
913401,1.76202e+22,1.40953
914314,1.76732e+22,1.41094
915229,1.77262e+22,1.41235
916144,1.77795e+22,1.41377
917060,1.78329e+22,1.41518
917977,1.78864e+22,1.41659
918895,1.79401e+22,1.41801
919814,1.7994e+22,1.41943
920734,1.8048e+22,1.42085
921654,1.81022e+22,1.42227
922576,1.81566e+22,1.42369
923499,1.82111e+22,1.42512
924422,1.82658e+22,1.42654
925347,1.83207e+22,1.42797
926272,1.83757e+22,1.4294
927198,1.84309e+22,1.43082
928125,1.84862e+22,1.43226
929053,1.85417e+22,1.43369
929983,1.85974e+22,1.43512
930913,1.86532e+22,1.43656
931843,1.87093e+22,1.43799
932775,1.87654e+22,1.43943
933708,1.88218e+22,1.44087
934642,1.88783e+22,1.44231
935576,1.8935e+22,1.44375
936512,1.89919e+22,1.4452
937449,1.90489e+22,1.44664
938386,1.91061e+22,1.44809
939324,1.91635e+22,1.44954
940264,1.9221e+22,1.45099
941204,1.92788e+22,1.45244
942145,1.93366e+22,1.45389
943087,1.93947e+22,1.45534
944030,1.9453e+22,1.4568
944974,1.95114e+22,1.45826
945919,1.957e+22,1.45971
946865,1.96287e+22,1.46117
947812,1.96877e+22,1.46264
948760,1.97468e+22,1.4641
949709,1.98061e+22,1.46556
950658,1.98656e+22,1.46703
951609,1.99252e+22,1.46849
952561,1.99851e+22,1.46996
953513,2.00451e+22,1.47143
954467,2.01053e+22,1.4729
955421,2.01657e+22,1.47438
956377,2.02262e+22,1.47585
957333,2.0287e+22,1.47733
958290,2.03479e+22,1.47881
959249,2.0409e+22,1.48028
960208,2.04703e+22,1.48176
961168,2.05317e+22,1.48325
962129,2.05934e+22,1.48473
963091,2.06552e+22,1.48621
964055,2.07173e+22,1.4877
965019,2.07795e+22,1.48919
965984,2.08419e+22,1.49068
966950,2.09045e+22,1.49217
967917,2.09672e+22,1.49366
968884,2.10302e+22,1.49515
969853,2.10934e+22,1.49665
970823,2.11567e+22,1.49815
971794,2.12202e+22,1.49964
972766,2.1284e+22,1.50114
973739,2.13479e+22,1.50264
974712,2.1412e+22,1.50415
975687,2.14763e+22,1.50565
976663,2.15408e+22,1.50716
977639,2.16055e+22,1.50866
978617,2.16704e+22,1.51017
979596,2.17354e+22,1.51168
980575,2.18007e+22,1.51319
981556,2.18662e+22,1.51471
982537,2.19318e+22,1.51622
983520,2.19977e+22,1.51774
984503,2.20638e+22,1.51926
985488,2.213e+22,1.52078
986473,2.21965e+22,1.5223
987460,2.22631e+22,1.52382
988447,2.233e+22,1.52534
989436,2.2397e+22,1.52687
990425,2.24643e+22,1.52839
991416,2.25318e+22,1.52992
992407,2.25994e+22,1.53145
993399,2.26673e+22,1.53298
994393,2.27354e+22,1.53452
995387,2.28036e+22,1.53605
996383,2.28721e+22,1.53759
997379,2.29408e+22,1.53913
998376,2.30097e+22,1.54066
999375,2.30788e+22,1.54221
1.00037e+06,2.31481e+22,1.54375
1.00137e+06,2.32176e+22,1.54529
1.00238e+06,2.32873e+22,1.54684
1.00338e+06,2.33573e+22,1.54838
1.00438e+06,2.34274e+22,1.54993
1.00539e+06,2.34977e+22,1.55148
1.00639e+06,2.35683e+22,1.55303
1.0074e+06,2.36391e+22,1.55459
1.00841e+06,2.37101e+22,1.55614
1.00941e+06,2.37813e+22,1.5577
1.01042e+06,2.38527e+22,1.55925
1.01143e+06,2.39243e+22,1.56081
1.01244e+06,2.39962e+22,1.56237
1.01346e+06,2.40682e+22,1.56394
1.01447e+06,2.41405e+22,1.5655
1.01549e+06,2.4213e+22,1.56707
1.0165e+06,2.42857e+22,1.56863
1.01752e+06,2.43586e+22,1.5702
1.01853e+06,2.44318e+22,1.57177
1.01955e+06,2.45052e+22,1.57334
1.02057e+06,2.45787e+22,1.57492
1.02159e+06,2.46526e+22,1.57649
1.02262e+06,2.47266e+22,1.57807
1.02364e+06,2.48008e+22,1.57965
1.02466e+06,2.48753e+22,1.58123
1.02569e+06,2.495e+22,1.58281
1.02671e+06,2.50249e+22,1.58439
1.02774e+06,2.51001e+22,1.58598
1.02877e+06,2.51755e+22,1.58756
1.02979e+06,2.52511e+22,1.58915
1.03082e+06,2.53269e+22,1.59074
1.03186e+06,2.5403e+22,1.59233
1.03289e+06,2.54792e+22,1.59392
1.03392e+06,2.55558e+22,1.59552
1.03495e+06,2.56325e+22,1.59711
1.03599e+06,2.57095e+22,1.59871
1.03703e+06,2.57867e+22,1.60031
1.03806e+06,2.58641e+22,1.60191
1.0391e+06,2.59418e+22,1.60351
1.04014e+06,2.60197e+22,1.60511
1.04118e+06,2.60978e+22,1.60672
1.04222e+06,2.61762e+22,1.60832
1.04326e+06,2.62548e+22,1.60993
1.04431e+06,2.63336e+22,1.61154
1.04535e+06,2.64127e+22,1.61315
1.0464e+06,2.6492e+22,1.61477
1.04744e+06,2.65716e+22,1.61638
1.04849e+06,2.66514e+22,1.618
1.04954e+06,2.67314e+22,1.61962
1.05059e+06,2.68117e+22,1.62124
1.05164e+06,2.68922e+22,1.62286
1.05269e+06,2.6973e+22,1.62448
1.05374e+06,2.7054e+22,1.6261
1.0548e+06,2.71352e+22,1.62773
1.05585e+06,2.72167e+22,1.62936
1.05691e+06,2.72984e+22,1.63099
1.05796e+06,2.73804e+22,1.63262
1.05902e+06,2.74626e+22,1.63425
1.06008e+06,2.75451e+22,1.63589
1.06114e+06,2.76278e+22,1.63752
1.0622e+06,2.77108e+22,1.63916
1.06326e+06,2.7794e+22,1.6408
1.06433e+06,2.78775e+22,1.64244
1.06539e+06,2.79612e+22,1.64408
1.06646e+06,2.80452e+22,1.64573
1.06752e+06,2.81294e+22,1.64737
1.06859e+06,2.82139e+22,1.64902
1.06966e+06,2.82986e+22,1.65067
1.07073e+06,2.83836e+22,1.65232
1.0718e+06,2.84688e+22,1.65397
1.07287e+06,2.85543e+22,1.65562
1.07394e+06,2.864e+22,1.65728
1.07502e+06,2.8726e+22,1.65894
1.07609e+06,2.88123e+22,1.6606
1.07717e+06,2.88988e+22,1.66226
1.07825e+06,2.89856e+22,1.66392
1.07933e+06,2.90727e+22,1.66558
1.0804e+06,2.916e+22,1.66725
1.08148e+06,2.92475e+22,1.66892
1.08257e+06,2.93354e+22,1.67058
1.08365e+06,2.94235e+22,1.67226
1.08473e+06,2.95118e+22,1.67393
1.08582e+06,2.96004e+22,1.6756
1.0869e+06,2.96893e+22,1.67728
1.08799e+06,2.97785e+22,1.67895
1.08908e+06,2.98679e+22,1.68063
1.09017e+06,2.99576e+22,1.68231
1.09126e+06,3.00476e+22,1.684
1.09235e+06,3.01378e+22,1.68568
1.09344e+06,3.02283e+22,1.68737
1.09453e+06,3.03191e+22,1.68905
1.09563e+06,3.04101e+22,1.69074
1.09672e+06,3.05014e+22,1.69243
1.09782e+06,3.0593e+22,1.69413
1.09892e+06,3.06849e+22,1.69582
1.10002e+06,3.07771e+22,1.69752
1.10112e+06,3.08695e+22,1.69921
1.10222e+06,3.09622e+22,1.70091
1.10332e+06,3.10552e+22,1.70261
1.10442e+06,3.11484e+22,1.70432
1.10553e+06,3.1242e+22,1.70602
1.10663e+06,3.13358e+22,1.70773
1.10774e+06,3.14299e+22,1.70943
1.10885e+06,3.15243e+22,1.71114
1.10996e+06,3.16189e+22,1.71285
1.11107e+06,3.17139e+22,1.71457
1.11218e+06,3.18091e+22,1.71628
1.11329e+06,3.19046e+22,1.718
1.1144e+06,3.20005e+22,1.71972
1.11552e+06,3.20966e+22,1.72144
1.11663e+06,3.21929e+22,1.72316
1.11775e+06,3.22896e+22,1.72488
1.11887e+06,3.23866e+22,1.72661
1.11999e+06,3.24838e+22,1.72833
1.12111e+06,3.25814e+22,1.73006
1.12223e+06,3.26792e+22,1.73179
1.12335e+06,3.27774e+22,1.73352
1.12447e+06,3.28758e+22,1.73526
1.1256e+06,3.29745e+22,1.73699
1.12672e+06,3.30735e+22,1.73873
1.12785e+06,3.31729e+22,1.74047
1.12898e+06,3.32725e+22,1.74221
1.13011e+06,3.33724e+22,1.74395
1.13124e+06,3.34726e+22,1.74569
1.13237e+06,3.35731e+22,1.74744
1.1335e+06,3.3674e+22,1.74919
1.13464e+06,3.37751e+22,1.75094
1.13577e+06,3.38765e+22,1.75269
1.13691e+06,3.39782e+22,1.75444
1.13804e+06,3.40803e+22,1.75619
1.13918e+06,3.41826e+22,1.75795
1.14032e+06,3.42853e+22,1.75971
1.14146e+06,3.43882e+22,1.76147
1.1426e+06,3.44915e+22,1.76323
1.14374e+06,3.45951e+22,1.76499
1.14489e+06,3.4699e+22,1.76676
1.14603e+06,3.48032e+22,1.76852
1.14718e+06,3.49077e+22,1.77029
1.14833e+06,3.50125e+22,1.77206
1.14947e+06,3.51176e+22,1.77383
1.15062e+06,3.52231e+22,1.77561
1.15177e+06,3.53289e+22,1.77738
1.15293e+06,3.5435e+22,1.77916
1.15408e+06,3.55414e+22,1.78094
1.15523e+06,3.56481e+22,1.78272
1.15639e+06,3.57552e+22,1.7845
1.15754e+06,3.58625e+22,1.78629
1.1587e+06,3.59702e+22,1.78808
1.15986e+06,3.60782e+22,1.78986
1.16102e+06,3.61866e+22,1.79165
1.16218e+06,3.62953e+22,1.79344
1.16334e+06,3.64043e+22,1.79524
1.16451e+06,3.65136e+22,1.79703
1.16567e+06,3.66232e+22,1.79883
1.16684e+06,3.67332e+22,1.80063
1.168e+06,3.68435e+22,1.80243
1.16917e+06,3.69542e+22,1.80423
1.17034e+06,3.70651e+22,1.80604
1.17151e+06,3.71764e+22,1.80784
1.17268e+06,3.72881e+22,1.80965
1.17386e+06,3.74001e+22,1.81146
1.17503e+06,3.75124e+22,1.81327
1.1762e+06,3.7625e+22,1.81508
1.17738e+06,3.7738e+22,1.8169
1.17856e+06,3.78513e+22,1.81872
1.17974e+06,3.7965e+22,1.82054
1.18092e+06,3.8079e+22,1.82236
1.1821e+06,3.81934e+22,1.82418
1.18328e+06,3.83081e+22,1.826
1.18446e+06,3.84231e+22,1.82783
1.18565e+06,3.85385e+22,1.82966
1.18683e+06,3.86542e+22,1.83149
1.18802e+06,3.87703e+22,1.83332
1.18921e+06,3.88867e+22,1.83515
1.1904e+06,3.90035e+22,1.83699
1.19159e+06,3.91206e+22,1.83882
1.19278e+06,3.92381e+22,1.84066
1.19397e+06,3.93559e+22,1.8425
1.19517e+06,3.94741e+22,1.84434
1.19636e+06,3.95927e+22,1.84619
1.19756e+06,3.97116e+22,1.84804
1.19876e+06,3.98308e+22,1.84988
1.19995e+06,3.99504e+22,1.85173
1.20115e+06,4.00704e+22,1.85359
1.20235e+06,4.01907e+22,1.85544
1.20356e+06,4.03114e+22,1.85729
1.20476e+06,4.04325e+22,1.85915
1.20597e+06,4.05539e+22,1.86101
1.20717e+06,4.06757e+22,1.86287
1.20838e+06,4.07978e+22,1.86473
1.20959e+06,4.09203e+22,1.8666
1.2108e+06,4.10432e+22,1.86847
1.21201e+06,4.11665e+22,1.87033
1.21322e+06,4.12901e+22,1.8722
1.21443e+06,4.14141e+22,1.87408
1.21565e+06,4.15385e+22,1.87595
1.21686e+06,4.16632e+22,1.87783
1.21808e+06,4.17883e+22,1.8797
1.2193e+06,4.19138e+22,1.88158
1.22052e+06,4.20397e+22,1.88347
1.22174e+06,4.21659e+22,1.88535
1.22296e+06,4.22925e+22,1.88723
1.22418e+06,4.24195e+22,1.88912
1.22541e+06,4.25469e+22,1.89101
1.22663e+06,4.26747e+22,1.8929
1.22786e+06,4.28029e+22,1.89479
1.22909e+06,4.29314e+22,1.89669
1.23032e+06,4.30603e+22,1.89859
1.23155e+06,4.31896e+22,1.90049
1.23278e+06,4.33193e+22,1.90239
1.23401e+06,4.34494e+22,1.90429
1.23524e+06,4.35799e+22,1.90619
1.23648e+06,4.37108e+22,1.9081
1.23772e+06,4.3842e+22,1.91001
1.23895e+06,4.39737e+22,1.91192
1.24019e+06,4.41057e+22,1.91383
1.24143e+06,4.42382e+22,1.91574
1.24267e+06,4.4371e+22,1.91766
1.24392e+06,4.45043e+22,1.91958
1.24516e+06,4.46379e+22,1.9215
1.24641e+06,4.4772e+22,1.92342
1.24765e+06,4.49064e+22,1.92534
1.2489e+06,4.50413e+22,1.92727
1.25015e+06,4.51765e+22,1.92919
1.2514e+06,4.53122e+22,1.93112
1.25265e+06,4.54483e+22,1.93305
1.2539e+06,4.55848e+22,1.93499
1.25516e+06,4.57216e+22,1.93692
1.25641e+06,4.58589e+22,1.93886
1.25767e+06,4.59967e+22,1.9408
1.25893e+06,4.61348e+22,1.94274
1.26019e+06,4.62733e+22,1.94468
1.26145e+06,4.64123e+22,1.94663
1.26271e+06,4.65517e+22,1.94857
1.26397e+06,4.66915e+22,1.95052
1.26523e+06,4.68317e+22,1.95247
1.2665e+06,4.69723e+22,1.95442
1.26777e+06,4.71134e+22,1.95638
1.26903e+06,4.72548e+22,1.95833
1.2703e+06,4.73968e+22,1.96029
1.27157e+06,4.75391e+22,1.96225
1.27284e+06,4.76818e+22,1.96421
1.27412e+06,4.7825e+22,1.96618
1.27539e+06,4.79687e+22,1.96815
1.27667e+06,4.81127e+22,1.97011
1.27794e+06,4.82572e+22,1.97208
1.27922e+06,4.84021e+22,1.97406
1.2805e+06,4.85475e+22,1.97603
1.28178e+06,4.86932e+22,1.97801
1.28306e+06,4.88395e+22,1.97998
1.28435e+06,4.89861e+22,1.98196
1.28563e+06,4.91332e+22,1.98395
1.28692e+06,4.92808e+22,1.98593
1.2882e+06,4.94288e+22,1.98792
1.28949e+06,4.95772e+22,1.9899
1.29078e+06,4.97261e+22,1.99189
1.29207e+06,4.98754e+22,1.99389
1.29336e+06,5.00252e+22,1.99588
1.29466e+06,5.01754e+22,1.99788
1.29595e+06,5.03261e+22,1.99987
1.29725e+06,5.04772e+22,2.00187
1.29854e+06,5.06288e+22,2.00387
1.29984e+06,5.07808e+22,2.00588
1.30114e+06,5.09333e+22,2.00788
1.30244e+06,5.10863e+22,2.00989
1.30375e+06,5.12397e+22,2.0119
1.30505e+06,5.13936e+22,2.01391
1.30635e+06,5.15479e+22,2.01593
1.30766e+06,5.17027e+22,2.01794
1.30897e+06,5.1858e+22,2.01996
1.31028e+06,5.20137e+22,2.02198
1.31159e+06,5.21699e+22,2.024
1.3129e+06,5.23266e+22,2.02603
1.31421e+06,5.24837e+22,2.02805
1.31553e+06,5.26413e+22,2.03008
1.31684e+06,5.27994e+22,2.03211
1.31816e+06,5.2958e+22,2.03414
1.31948e+06,5.3117e+22,2.03618
1.3208e+06,5.32765e+22,2.03821
1.32212e+06,5.34365e+22,2.04025
1.32344e+06,5.3597e+22,2.04229
1.32476e+06,5.37579e+22,2.04434
1.32609e+06,5.39193e+22,2.04638
1.32741e+06,5.40813e+22,2.04843
1.32874e+06,5.42437e+22,2.05047
1.33007e+06,5.44066e+22,2.05252
1.3314e+06,5.45699e+22,2.05458
1.33273e+06,5.47338e+22,2.05663
1.33406e+06,5.48982e+22,2.05869
1.3354e+06,5.5063e+22,2.06075
1.33673e+06,5.52284e+22,2.06281
1.33807e+06,5.53943e+22,2.06487
1.33941e+06,5.55606e+22,2.06694
1.34075e+06,5.57274e+22,2.069
1.34209e+06,5.58948e+22,2.07107
1.34343e+06,5.60627e+22,2.07314
1.34477e+06,5.6231e+22,2.07522
1.34612e+06,5.63999e+22,2.07729
1.34747e+06,5.65692e+22,2.07937
1.34881e+06,5.67391e+22,2.08145
1.35016e+06,5.69095e+22,2.08353
1.35151e+06,5.70804e+22,2.08561
1.35286e+06,5.72518e+22,2.0877
1.35422e+06,5.74237e+22,2.08979
1.35557e+06,5.75962e+22,2.09188
1.35693e+06,5.77691e+22,2.09397
1.35828e+06,5.79426e+22,2.09606
1.35964e+06,5.81166e+22,2.09816
1.361e+06,5.82912e+22,2.10026
1.36236e+06,5.84662e+22,2.10236
1.36372e+06,5.86418e+22,2.10446
1.36509e+06,5.88179e+22,2.10656
1.36645e+06,5.89945e+22,2.10867
1.36782e+06,5.91717e+22,2.11078
1.36919e+06,5.93494e+22,2.11289
1.37056e+06,5.95276e+22,2.115
1.37193e+06,5.97063e+22,2.11712
1.3733e+06,5.98856e+22,2.11923
1.37467e+06,6.00655e+22,2.12135
1.37605e+06,6.02459e+22,2.12347
1.37742e+06,6.04268e+22,2.1256
1.3788e+06,6.06082e+22,2.12772
1.38018e+06,6.07902e+22,2.12985
1.38156e+06,6.09728e+22,2.13198
1.38294e+06,6.11559e+22,2.13411
1.38432e+06,6.13396e+22,2.13625
1.38571e+06,6.15238e+22,2.13838
1.38709e+06,6.17085e+22,2.14052
1.38848e+06,6.18938e+22,2.14266
1.38987e+06,6.20797e+22,2.14481
1.39126e+06,6.22661e+22,2.14695
1.39265e+06,6.24531e+22,2.1491
1.39404e+06,6.26406e+22,2.15125
1.39544e+06,6.28288e+22,2.1534
1.39683e+06,6.30174e+22,2.15555
1.39823e+06,6.32067e+22,2.15771
1.39963e+06,6.33965e+22,2.15986
1.40103e+06,6.35869e+22,2.16202
1.40243e+06,6.37778e+22,2.16419
1.40383e+06,6.39693e+22,2.16635
1.40523e+06,6.41614e+22,2.16852
1.40664e+06,6.43541e+22,2.17068
1.40805e+06,6.45474e+22,2.17286
1.40945e+06,6.47412e+22,2.17503
1.41086e+06,6.49356e+22,2.1772
1.41227e+06,6.51306e+22,2.17938
1.41369e+06,6.53262e+22,2.18156
1.4151e+06,6.55224e+22,2.18374
1.41652e+06,6.57192e+22,2.18593
1.41793e+06,6.59165e+22,2.18811
1.41935e+06,6.61145e+22,2.1903
1.42077e+06,6.6313e+22,2.19249
1.42219e+06,6.65121e+22,2.19468
1.42361e+06,6.67119e+22,2.19688
1.42504e+06,6.69122e+22,2.19907
1.42646e+06,6.71131e+22,2.20127
1.42789e+06,6.73147e+22,2.20347
1.42932e+06,6.75168e+22,2.20568
1.43074e+06,6.77196e+22,2.20788
1.43218e+06,6.79229e+22,2.21009
1.43361e+06,6.81269e+22,2.2123
1.43504e+06,6.83315e+22,2.21451
1.43648e+06,6.85367e+22,2.21673
1.43791e+06,6.87425e+22,2.21894
1.43935e+06,6.8949e+22,2.22116
1.44079e+06,6.9156e+22,2.22338
1.44223e+06,6.93637e+22,2.22561
1.44367e+06,6.9572e+22,2.22783
1.44512e+06,6.97809e+22,2.23006
1.44656e+06,6.99905e+22,2.23229
1.44801e+06,7.02006e+22,2.23452
1.44946e+06,7.04115e+22,2.23676
1.45091e+06,7.06229e+22,2.239
1.45236e+06,7.0835e+22,2.24123
1.45381e+06,7.10477e+22,2.24348
1.45526e+06,7.12611e+22,2.24572
1.45672e+06,7.1475e+22,2.24796
1.45818e+06,7.16897e+22,2.25021
1.45963e+06,7.1905e+22,2.25246
1.46109e+06,7.21209e+22,2.25472
1.46255e+06,7.23375e+22,2.25697
1.46402e+06,7.25547e+22,2.25923
1.46548e+06,7.27726e+22,2.26149
1.46695e+06,7.29911e+22,2.26375
1.46841e+06,7.32103e+22,2.26601
1.46988e+06,7.34302e+22,2.26828
1.47135e+06,7.36507e+22,2.27055
1.47282e+06,7.38719e+22,2.27282
1.4743e+06,7.40937e+22,2.27509
1.47577e+06,7.43162e+22,2.27736
1.47725e+06,7.45394e+22,2.27964
1.47872e+06,7.47632e+22,2.28192
1.4802e+06,7.49877e+22,2.2842
1.48168e+06,7.52129e+22,2.28649
1.48316e+06,7.54388e+22,2.28877
1.48465e+06,7.56653e+22,2.29106
1.48613e+06,7.58925e+22,2.29335
1.48762e+06,7.61204e+22,2.29565
1.4891e+06,7.6349e+22,2.29794
1.49059e+06,7.65783e+22,2.30024
1.49208e+06,7.68083e+22,2.30254
1.49358e+06,7.70389e+22,2.30484
1.49507e+06,7.72703e+22,2.30715
1.49657e+06,7.75023e+22,2.30946
1.49806e+06,7.77351e+22,2.31176
1.49956e+06,7.79685e+22,2.31408
1.50106e+06,7.82026e+22,2.31639
1.50256e+06,7.84375e+22,2.31871
1.50406e+06,7.8673e+22,2.32103
1.50557e+06,7.89093e+22,2.32335
1.50707e+06,7.91463e+22,2.32567
1.50858e+06,7.93839e+22,2.328
1.51009e+06,7.96223e+22,2.33032
1.5116e+06,7.98614e+22,2.33265
1.51311e+06,8.01012e+22,2.33499
1.51462e+06,8.03418e+22,2.33732
1.51614e+06,8.05831e+22,2.33966
1.51765e+06,8.08251e+22,2.342
1.51917e+06,8.10678e+22,2.34434
1.52069e+06,8.13112e+22,2.34669
1.52221e+06,8.15554e+22,2.34903
1.52373e+06,8.18003e+22,2.35138
1.52526e+06,8.20459e+22,2.35373
1.52678e+06,8.22923e+22,2.35609
1.52831e+06,8.25395e+22,2.35844
1.52984e+06,8.27873e+22,2.3608
1.53137e+06,8.30359e+22,2.36316
1.5329e+06,8.32853e+22,2.36552
1.53443e+06,8.35354e+22,2.36789
1.53597e+06,8.37863e+22,2.37026
1.5375e+06,8.40379e+22,2.37263
1.53904e+06,8.42902e+22,2.375
1.54058e+06,8.45434e+22,2.37738
1.54212e+06,8.47972e+22,2.37975
1.54366e+06,8.50519e+22,2.38213
1.54521e+06,8.53073e+22,2.38451
1.54675e+06,8.55635e+22,2.3869
1.5483e+06,8.58204e+22,2.38929
1.54985e+06,8.60781e+22,2.39168
1.5514e+06,8.63366e+22,2.39407
1.55295e+06,8.65959e+22,2.39646
1.5545e+06,8.68559e+22,2.39886
1.55605e+06,8.71168e+22,2.40126
1.55761e+06,8.73784e+22,2.40366
1.55917e+06,8.76408e+22,2.40606
1.56073e+06,8.7904e+22,2.40847
1.56229e+06,8.81679e+22,2.41088
1.56385e+06,8.84327e+22,2.41329
1.56541e+06,8.86983e+22,2.4157
1.56698e+06,8.89646e+22,2.41812
1.56855e+06,8.92318e+22,2.42053
1.57011e+06,8.94998e+22,2.42295
1.57168e+06,8.97685e+22,2.42538
1.57326e+06,9.00381e+22,2.4278
1.57483e+06,9.03085e+22,2.43023
1.5764e+06,9.05797e+22,2.43266
1.57798e+06,9.08517e+22,2.43509
1.57956e+06,9.11245e+22,2.43753
1.58114e+06,9.13982e+22,2.43997
1.58272e+06,9.16726e+22,2.44241
1.5843e+06,9.19479e+22,2.44485
1.58589e+06,9.22241e+22,2.44729
1.58747e+06,9.2501e+22,2.44974
1.58906e+06,9.27788e+22,2.45219
1.59065e+06,9.30574e+22,2.45464
1.59224e+06,9.33368e+22,2.4571
1.59383e+06,9.36171e+22,2.45955
1.59543e+06,9.38983e+22,2.46201
1.59702e+06,9.41802e+22,2.46448
1.59862e+06,9.44631e+22,2.46694
1.60022e+06,9.47467e+22,2.46941
1.60182e+06,9.50313e+22,2.47188
1.60342e+06,9.53166e+22,2.47435
1.60502e+06,9.56029e+22,2.47682
1.60663e+06,9.589e+22,2.4793
1.60823e+06,9.61779e+22,2.48178
1.60984e+06,9.64668e+22,2.48426
1.61145e+06,9.67565e+22,2.48675
1.61306e+06,9.7047e+22,2.48923
1.61468e+06,9.73384e+22,2.49172
1.61629e+06,9.76308e+22,2.49421
1.61791e+06,9.79239e+22,2.49671
1.61953e+06,9.8218e+22,2.4992
1.62115e+06,9.85129e+22,2.5017
1.62277e+06,9.88088e+22,2.5042
1.62439e+06,9.91055e+22,2.50671
1.62601e+06,9.94031e+22,2.50922
1.62764e+06,9.97016e+22,2.51172
1.62927e+06,1.00001e+23,2.51424
1.6309e+06,1.00301e+23,2.51675
1.63253e+06,1.00603e+23,2.51927
1.63416e+06,1.00905e+23,2.52179
1.63579e+06,1.01208e+23,2.52431
1.63743e+06,1.01512e+23,2.52683
1.63907e+06,1.01816e+23,2.52936
1.64071e+06,1.02122e+23,2.53189
1.64235e+06,1.02429e+23,2.53442
1.64399e+06,1.02736e+23,2.53696
1.64563e+06,1.03045e+23,2.53949
1.64728e+06,1.03354e+23,2.54203
1.64893e+06,1.03665e+23,2.54457
1.65058e+06,1.03976e+23,2.54712
1.65223e+06,1.04288e+23,2.54967
1.65388e+06,1.04602e+23,2.55222
1.65553e+06,1.04916e+23,2.55477
1.65719e+06,1.05231e+23,2.55732
1.65884e+06,1.05547e+23,2.55988
1.6605e+06,1.05864e+23,2.56244
1.66216e+06,1.06182e+23,2.565
1.66383e+06,1.065e+23,2.56757
1.66549e+06,1.0682e+23,2.57013
1.66716e+06,1.07141e+23,2.5727
1.66882e+06,1.07463e+23,2.57528
1.67049e+06,1.07785e+23,2.57785
1.67216e+06,1.08109e+23,2.58043
1.67383e+06,1.08434e+23,2.58301
1.67551e+06,1.08759e+23,2.58559
1.67718e+06,1.09086e+23,2.58818
1.67886e+06,1.09414e+23,2.59077
1.68054e+06,1.09742e+23,2.59336
1.68222e+06,1.10072e+23,2.59595
1.6839e+06,1.10402e+23,2.59855
1.68559e+06,1.10734e+23,2.60115
1.68727e+06,1.11066e+23,2.60375
1.68896e+06,1.114e+23,2.60635
1.69065e+06,1.11734e+23,2.60896
1.69234e+06,1.1207e+23,2.61157
1.69403e+06,1.12407e+23,2.61418
1.69572e+06,1.12744e+23,2.61679
1.69742e+06,1.13083e+23,2.61941
1.69912e+06,1.13422e+23,2.62203
1.70082e+06,1.13763e+23,2.62465
1.70252e+06,1.14104e+23,2.62728
1.70422e+06,1.14447e+23,2.6299
1.70592e+06,1.14791e+23,2.63253
1.70763e+06,1.15136e+23,2.63516
1.70934e+06,1.15481e+23,2.6378
1.71105e+06,1.15828e+23,2.64044
1.71276e+06,1.16176e+23,2.64308
1.71447e+06,1.16525e+23,2.64572
1.71619e+06,1.16875e+23,2.64837
1.7179e+06,1.17226e+23,2.65102
1.71962e+06,1.17578e+23,2.65367
1.72134e+06,1.17931e+23,2.65632
1.72306e+06,1.18285e+23,2.65898
1.72478e+06,1.1864e+23,2.66164
1.72651e+06,1.18996e+23,2.6643
1.72824e+06,1.19354e+23,2.66696
1.72996e+06,1.19712e+23,2.66963
1.73169e+06,1.20072e+23,2.6723
1.73343e+06,1.20432e+23,2.67497
1.73516e+06,1.20794e+23,2.67765
1.73689e+06,1.21157e+23,2.68032
1.73863e+06,1.21521e+23,2.683
1.74037e+06,1.21885e+23,2.68569
1.74211e+06,1.22251e+23,2.68837
1.74385e+06,1.22619e+23,2.69106
1.7456e+06,1.22987e+23,2.69375
1.74734e+06,1.23356e+23,2.69645
1.74909e+06,1.23727e+23,2.69914
1.75084e+06,1.24098e+23,2.70184
1.75259e+06,1.24471e+23,2.70454
1.75434e+06,1.24845e+23,2.70725
1.7561e+06,1.25219e+23,2.70995
1.75785e+06,1.25596e+23,2.71266
1.75961e+06,1.25973e+23,2.71538
1.76137e+06,1.26351e+23,2.71809
1.76313e+06,1.2673e+23,2.72081
1.76489e+06,1.27111e+23,2.72353
1.76666e+06,1.27493e+23,2.72625
1.76842e+06,1.27876e+23,2.72898
1.77019e+06,1.2826e+23,2.73171
1.77196e+06,1.28645e+23,2.73444
1.77374e+06,1.29031e+23,2.73718
1.77551e+06,1.29419e+23,2.73991
1.77728e+06,1.29807e+23,2.74265
1.77906e+06,1.30197e+23,2.7454
1.78084e+06,1.30588e+23,2.74814
1.78262e+06,1.3098e+23,2.75089
1.7844e+06,1.31373e+23,2.75364
1.78619e+06,1.31768e+23,2.75639
1.78798e+06,1.32164e+23,2.75915
1.78976e+06,1.32561e+23,2.76191
1.79155e+06,1.32959e+23,2.76467
1.79334e+06,1.33358e+23,2.76744
1.79514e+06,1.33758e+23,2.7702
1.79693e+06,1.3416e+23,2.77297
1.79873e+06,1.34563e+23,2.77575
1.80053e+06,1.34967e+23,2.77852
1.80233e+06,1.35372e+23,2.7813
1.80413e+06,1.35779e+23,2.78408
1.80594e+06,1.36187e+23,2.78687
1.80774e+06,1.36596e+23,2.78965
1.80955e+06,1.37006e+23,2.79244
1.81136e+06,1.37417e+23,2.79524
1.81317e+06,1.3783e+23,2.79803
1.81498e+06,1.38244e+23,2.80083
1.8168e+06,1.38659e+23,2.80363
1.81862e+06,1.39075e+23,2.80643
1.82043e+06,1.39493e+23,2.80924
1.82225e+06,1.39912e+23,2.81205
1.82408e+06,1.40332e+23,2.81486
1.8259e+06,1.40753e+23,2.81768
1.82773e+06,1.41176e+23,2.82049
1.82955e+06,1.416e+23,2.82331
1.83138e+06,1.42025e+23,2.82614
1.83322e+06,1.42452e+23,2.82896
1.83505e+06,1.4288e+23,2.83179
1.83688e+06,1.43309e+23,2.83462
1.83872e+06,1.43739e+23,2.83746
1.84056e+06,1.44171e+23,2.8403
1.8424e+06,1.44604e+23,2.84314
1.84424e+06,1.45038e+23,2.84598
1.84609e+06,1.45473e+23,2.84883
1.84793e+06,1.4591e+23,2.85167
1.84978e+06,1.46348e+23,2.85453
1.85163e+06,1.46788e+23,2.85738
1.85348e+06,1.47229e+23,2.86024
1.85534e+06,1.47671e+23,2.8631
1.85719e+06,1.48114e+23,2.86596
1.85905e+06,1.48559e+23,2.86883
1.86091e+06,1.49005e+23,2.8717
1.86277e+06,1.49453e+23,2.87457
1.86463e+06,1.49901e+23,2.87744
1.86649e+06,1.50352e+23,2.88032
1.86836e+06,1.50803e+23,2.8832
1.87023e+06,1.51256e+23,2.88608
1.8721e+06,1.5171e+23,2.88897
1.87397e+06,1.52166e+23,2.89186
1.87585e+06,1.52623e+23,2.89475
1.87772e+06,1.53081e+23,2.89764
1.8796e+06,1.53541e+23,2.90054
1.88148e+06,1.54002e+23,2.90344
1.88336e+06,1.54464e+23,2.90635
1.88524e+06,1.54928e+23,2.90925
1.88713e+06,1.55393e+23,2.91216
1.88902e+06,1.5586e+23,2.91507
1.89091e+06,1.56328e+23,2.91799
1.8928e+06,1.56798e+23,2.92091
1.89469e+06,1.57268e+23,2.92383
1.89658e+06,1.57741e+23,2.92675
1.89848e+06,1.58214e+23,2.92968
1.90038e+06,1.5869e+23,2.93261
1.90228e+06,1.59166e+23,2.93554
1.90418e+06,1.59644e+23,2.93848
1.90609e+06,1.60123e+23,2.94142
1.90799e+06,1.60604e+23,2.94436
1.9099e+06,1.61087e+23,2.9473
1.91181e+06,1.6157e+23,2.95025
1.91372e+06,1.62056e+23,2.9532
1.91564e+06,1.62542e+23,2.95615
1.91755e+06,1.6303e+23,2.95911
1.91947e+06,1.6352e+23,2.96207
1.92139e+06,1.64011e+23,2.96503
1.92331e+06,1.64503e+23,2.96799
1.92523e+06,1.64997e+23,2.97096
1.92716e+06,1.65493e+23,2.97393
1.92908e+06,1.6599e+23,2.97691
1.93101e+06,1.66488e+23,2.97988
1.93295e+06,1.66988e+23,2.98286
1.93488e+06,1.6749e+23,2.98585
1.93681e+06,1.67993e+23,2.98883
1.93875e+06,1.68497e+23,2.99182
1.94069e+06,1.69003e+23,2.99481
1.94263e+06,1.69511e+23,2.99781
1.94457e+06,1.7002e+23,3.00081
1.94652e+06,1.7053e+23,3.00381
1.94846e+06,1.71043e+23,3.00681
1.95041e+06,1.71556e+23,3.00982
1.95236e+06,1.72071e+23,3.01283
1.95431e+06,1.72588e+23,3.01584
1.95627e+06,1.73106e+23,3.01886
1.95822e+06,1.73626e+23,3.02187
1.96018e+06,1.74148e+23,3.0249
1.96214e+06,1.74671e+23,3.02792
1.96411e+06,1.75195e+23,3.03095
1.96607e+06,1.75721e+23,3.03398
1.96804e+06,1.76249e+23,3.03701
1.97e+06,1.76778e+23,3.04005
1.97197e+06,1.77309e+23,3.04309
1.97395e+06,1.77842e+23,3.04613
1.97592e+06,1.78376e+23,3.04918
1.9779e+06,1.78911e+23,3.05223
1.97987e+06,1.79448e+23,3.05528
1.98185e+06,1.79987e+23,3.05834
1.98383e+06,1.80528e+23,3.0614
1.98582e+06,1.8107e+23,3.06446
1.9878e+06,1.81614e+23,3.06752
1.98979e+06,1.82159e+23,3.07059
1.99178e+06,1.82706e+23,3.07366
1.99377e+06,1.83255e+23,3.07673
1.99577e+06,1.83805e+23,3.07981
1.99776e+06,1.84357e+23,3.08289
1.99976e+06,1.84911e+23,3.08597
2.00176e+06,1.85466e+23,3.08906
2.00376e+06,1.86023e+23,3.09215
2.00577e+06,1.86582e+23,3.09524
2.00777e+06,1.87142e+23,3.09833
2.00978e+06,1.87704e+23,3.10143
2.01179e+06,1.88268e+23,3.10453
2.0138e+06,1.88833e+23,3.10764
2.01582e+06,1.894e+23,3.11075
2.01783e+06,1.89969e+23,3.11386
2.01985e+06,1.90539e+23,3.11697
2.02187e+06,1.91111e+23,3.12009
2.02389e+06,1.91685e+23,3.12321
2.02591e+06,1.92261e+23,3.12633
2.02794e+06,1.92838e+23,3.12946
2.02997e+06,1.93417e+23,3.13259
2.032e+06,1.93998e+23,3.13572
2.03403e+06,1.94581e+23,3.13886
2.03606e+06,1.95165e+23,3.14199
2.0381e+06,1.95751e+23,3.14514
2.04014e+06,1.96339e+23,3.14828
2.04218e+06,1.96929e+23,3.15143
2.04422e+06,1.9752e+23,3.15458
2.04627e+06,1.98113e+23,3.15774
2.04831e+06,1.98708e+23,3.16089
2.05036e+06,1.99305e+23,3.16405
2.05241e+06,1.99903e+23,3.16722
2.05446e+06,2.00504e+23,3.17039
2.05652e+06,2.01106e+23,3.17356
2.05857e+06,2.0171e+23,3.17673
2.06063e+06,2.02315e+23,3.17991
2.06269e+06,2.02923e+23,3.18309
2.06476e+06,2.03532e+23,3.18627
2.06682e+06,2.04144e+23,3.18946
2.06889e+06,2.04757e+23,3.19265
2.07096e+06,2.05372e+23,3.19584
2.07303e+06,2.05988e+23,3.19903
2.0751e+06,2.06607e+23,3.20223
2.07718e+06,2.07227e+23,3.20544
2.07925e+06,2.0785e+23,3.20864
2.08133e+06,2.08474e+23,3.21185
2.08341e+06,2.091e+23,3.21506
2.0855e+06,2.09728e+23,3.21828
2.08758e+06,2.10358e+23,3.22149
2.08967e+06,2.10989e+23,3.22472
2.09176e+06,2.11623e+23,3.22794
2.09385e+06,2.12258e+23,3.23117
2.09594e+06,2.12896e+23,3.2344
2.09804e+06,2.13535e+23,3.23763
2.10014e+06,2.14176e+23,3.24087
2.10224e+06,2.1482e+23,3.24411
2.10434e+06,2.15465e+23,3.24736
2.10645e+06,2.16112e+23,3.2506
2.10855e+06,2.16761e+23,3.25385
2.11066e+06,2.17412e+23,3.25711
2.11277e+06,2.18064e+23,3.26037
2.11488e+06,2.18719e+23,3.26363
2.117e+06,2.19376e+23,3.26689
2.11912e+06,2.20035e+23,3.27016
2.12123e+06,2.20696e+23,3.27343
2.12336e+06,2.21358e+23,3.2767
2.12548e+06,2.22023e+23,3.27998
2.1276e+06,2.2269e+23,3.28326
2.12973e+06,2.23359e+23,3.28654
2.13186e+06,2.24029e+23,3.28983
2.13399e+06,2.24702e+23,3.29312
2.13613e+06,2.25377e+23,3.29641
2.13826e+06,2.26054e+23,3.29971
2.1404e+06,2.26733e+23,3.30301
2.14254e+06,2.27413e+23,3.30631
2.14469e+06,2.28096e+23,3.30961
2.14683e+06,2.28781e+23,3.31292
2.14898e+06,2.29468e+23,3.31624
2.15113e+06,2.30157e+23,3.31955
2.15328e+06,2.30849e+23,3.32287
2.15543e+06,2.31542e+23,3.3262
2.15759e+06,2.32237e+23,3.32952
2.15974e+06,2.32935e+23,3.33285
2.1619e+06,2.33634e+23,3.33618
2.16406e+06,2.34336e+23,3.33952
2.16623e+06,2.35039e+23,3.34286
2.1684e+06,2.35745e+23,3.3462
2.17056e+06,2.36453e+23,3.34955
2.17273e+06,2.37163e+23,3.3529
2.17491e+06,2.37875e+23,3.35625
2.17708e+06,2.3859e+23,3.35961
2.17926e+06,2.39306e+23,3.36297
2.18144e+06,2.40025e+23,3.36633
2.18362e+06,2.40746e+23,3.3697
2.1858e+06,2.41469e+23,3.37307
2.18799e+06,2.42194e+23,3.37644
2.19018e+06,2.42921e+23,3.37982
2.19237e+06,2.43651e+23,3.3832
2.19456e+06,2.44382e+23,3.38658
2.19675e+06,2.45116e+23,3.38997
2.19895e+06,2.45852e+23,3.39336
2.20115e+06,2.46591e+23,3.39675
2.20335e+06,2.47331e+23,3.40015
2.20555e+06,2.48074e+23,3.40355
2.20776e+06,2.48819e+23,3.40695
2.20997e+06,2.49566e+23,3.41036
2.21218e+06,2.50315e+23,3.41377
2.21439e+06,2.51067e+23,3.41718
2.2166e+06,2.51821e+23,3.4206
2.21882e+06,2.52577e+23,3.42402
2.22104e+06,2.53336e+23,3.42744
2.22326e+06,2.54097e+23,3.43087
2.22548e+06,2.5486e+23,3.4343
2.22771e+06,2.55625e+23,3.43774
2.22994e+06,2.56393e+23,3.44117
2.23217e+06,2.57163e+23,3.44461
2.2344e+06,2.57935e+23,3.44806
2.23663e+06,2.58709e+23,3.45151
2.23887e+06,2.59486e+23,3.45496
2.24111e+06,2.60266e+23,3.45841
2.24335e+06,2.61047e+23,3.46187
2.24559e+06,2.61831e+23,3.46533
2.24784e+06,2.62617e+23,3.4688
2.25009e+06,2.63406e+23,3.47227
2.25234e+06,2.64197e+23,3.47574
2.25459e+06,2.6499e+23,3.47922
2.25684e+06,2.65786e+23,3.48269
2.2591e+06,2.66584e+23,3.48618
2.26136e+06,2.67385e+23,3.48966
2.26362e+06,2.68188e+23,3.49315
2.26588e+06,2.68993e+23,3.49665
2.26815e+06,2.69801e+23,3.50014
2.27042e+06,2.70611e+23,3.50364
2.27269e+06,2.71424e+23,3.50715
2.27496e+06,2.72239e+23,3.51065
2.27724e+06,2.73056e+23,3.51416
2.27951e+06,2.73876e+23,3.51768
2.28179e+06,2.74699e+23,3.5212
2.28408e+06,2.75524e+23,3.52472
2.28636e+06,2.76351e+23,3.52824
2.28865e+06,2.77181e+23,3.53177
2.29093e+06,2.78013e+23,3.5353
2.29323e+06,2.78848e+23,3.53884
2.29552e+06,2.79686e+23,3.54238
2.29781e+06,2.80526e+23,3.54592
2.30011e+06,2.81368e+23,3.54946
2.30241e+06,2.82213e+23,3.55301
2.30471e+06,2.8306e+23,3.55657
2.30702e+06,2.8391e+23,3.56012
2.30933e+06,2.84763e+23,3.56368
2.31164e+06,2.85618e+23,3.56725
2.31395e+06,2.86476e+23,3.57082
2.31626e+06,2.87336e+23,3.57439
2.31858e+06,2.88199e+23,3.57796
2.3209e+06,2.89065e+23,3.58154
2.32322e+06,2.89933e+23,3.58512
2.32554e+06,2.90803e+23,3.5887
2.32787e+06,2.91677e+23,3.59229
2.33019e+06,2.92552e+23,3.59589
2.33252e+06,2.93431e+23,3.59948
2.33486e+06,2.94312e+23,3.60308
2.33719e+06,2.95196e+23,3.60668
2.33953e+06,2.96082e+23,3.61029
2.34187e+06,2.96972e+23,3.6139
2.34421e+06,2.97863e+23,3.61752
2.34655e+06,2.98758e+23,3.62113
2.3489e+06,2.99655e+23,3.62475
2.35125e+06,3.00555e+23,3.62838
2.3536e+06,3.01457e+23,3.63201
2.35595e+06,3.02363e+23,3.63564
2.35831e+06,3.03271e+23,3.63927
2.36067e+06,3.04181e+23,3.64291
2.36303e+06,3.05095e+23,3.64656
2.36539e+06,3.06011e+23,3.6502
2.36776e+06,3.0693e+23,3.65385
2.37013e+06,3.07852e+23,3.65751
2.3725e+06,3.08776e+23,3.66116
2.37487e+06,3.09704e+23,3.66483
2.37724e+06,3.10634e+23,3.66849
2.37962e+06,3.11566e+23,3.67216
2.382e+06,3.12502e+23,3.67583
2.38438e+06,3.1344e+23,3.67951
2.38677e+06,3.14382e+23,3.68319
2.38915e+06,3.15326e+23,3.68687
2.39154e+06,3.16273e+23,3.69056
2.39393e+06,3.17222e+23,3.69425
2.39633e+06,3.18175e+23,3.69794
2.39872e+06,3.19131e+23,3.70164
2.40112e+06,3.20089e+23,3.70534
2.40352e+06,3.2105e+23,3.70905
2.40593e+06,3.22014e+23,3.71276
2.40833e+06,3.22981e+23,3.71647
2.41074e+06,3.23951e+23,3.72018
2.41315e+06,3.24924e+23,3.72391
2.41557e+06,3.259e+23,3.72763
2.41798e+06,3.26878e+23,3.73136
2.4204e+06,3.2786e+23,3.73509
2.42282e+06,3.28845e+23,3.73882
2.42524e+06,3.29832e+23,3.74256
2.42767e+06,3.30823e+23,3.7463
2.4301e+06,3.31816e+23,3.75005
2.43253e+06,3.32813e+23,3.7538
2.43496e+06,3.33812e+23,3.75755
2.43739e+06,3.34814e+23,3.76131
2.43983e+06,3.3582e+23,3.76507
2.44227e+06,3.36828e+23,3.76884
2.44471e+06,3.3784e+23,3.77261
2.44716e+06,3.38854e+23,3.77638
2.4496e+06,3.39872e+23,3.78016
2.45205e+06,3.40893e+23,3.78394
2.45451e+06,3.41916e+23,3.78772
2.45696e+06,3.42943e+23,3.79151
2.45942e+06,3.43973e+23,3.7953
2.46188e+06,3.45006e+23,3.7991
2.46434e+06,3.46042e+23,3.80289
2.4668e+06,3.47081e+23,3.8067
2.46927e+06,3.48123e+23,3.8105
2.47174e+06,3.49169e+23,3.81431
2.47421e+06,3.50217e+23,3.81813
2.47668e+06,3.51269e+23,3.82195
2.47916e+06,3.52324e+23,3.82577
2.48164e+06,3.53382e+23,3.82959
2.48412e+06,3.54443e+23,3.83342
2.48661e+06,3.55508e+23,3.83726
2.48909e+06,3.56575e+23,3.84109
2.49158e+06,3.57646e+23,3.84494
2.49407e+06,3.5872e+23,3.84878
2.49657e+06,3.59797e+23,3.85263
2.49906e+06,3.60878e+23,3.85648
2.50156e+06,3.61961e+23,3.86034
2.50406e+06,3.63048e+23,3.8642
2.50657e+06,3.64139e+23,3.86806
2.50908e+06,3.65232e+23,3.87193
2.51158e+06,3.66329e+23,3.8758
2.5141e+06,3.67429e+23,3.87968
2.51661e+06,3.68532e+23,3.88356
2.51913e+06,3.69639e+23,3.88744
2.52165e+06,3.70749e+23,3.89133
2.52417e+06,3.71862e+23,3.89522
2.52669e+06,3.72979e+23,3.89912
2.52922e+06,3.74099e+23,3.90302
2.53175e+06,3.75223e+23,3.90692
2.53428e+06,3.76349e+23,3.91083
2.53681e+06,3.7748e+23,3.91474
2.53935e+06,3.78613e+23,3.91865
2.54189e+06,3.7975e+23,3.92257
2.54443e+06,3.80891e+23,3.92649
2.54698e+06,3.82034e+23,3.93042
2.54952e+06,3.83182e+23,3.93435
2.55207e+06,3.84332e+23,3.93828
2.55462e+06,3.85486e+23,3.94222
2.55718e+06,3.86644e+23,3.94616
2.55974e+06,3.87805e+23,3.95011
2.5623e+06,3.8897e+23,3.95406
2.56486e+06,3.90138e+23,3.95801
2.56742e+06,3.91309e+23,3.96197
2.56999e+06,3.92484e+23,3.96593
2.57256e+06,3.93663e+23,3.9699
2.57513e+06,3.94845e+23,3.97387
2.57771e+06,3.96031e+23,3.97784
2.58029e+06,3.9722e+23,3.98182
2.58287e+06,3.98413e+23,3.9858
2.58545e+06,3.9961e+23,3.98979
2.58803e+06,4.0081e+23,3.99378
2.59062e+06,4.02013e+23,3.99777
2.59321e+06,4.0322e+23,4.00177
2.59581e+06,4.04431e+23,4.00577
2.5984e+06,4.05646e+23,4.00978
2.601e+06,4.06864e+23,4.01379
2.6036e+06,4.08086e+23,4.0178
2.60621e+06,4.09311e+23,4.02182
2.60881e+06,4.1054e+23,4.02584
2.61142e+06,4.11773e+23,4.02987
2.61403e+06,4.1301e+23,4.0339
2.61665e+06,4.1425e+23,4.03793
2.61926e+06,4.15494e+23,4.04197
2.62188e+06,4.16742e+23,4.04601
2.6245e+06,4.17993e+23,4.05006
2.62713e+06,4.19249e+23,4.05411
2.62976e+06,4.20508e+23,4.05816
2.63239e+06,4.2177e+23,4.06222
2.63502e+06,4.23037e+23,4.06628
2.63765e+06,4.24307e+23,4.07035
2.64029e+06,4.25582e+23,4.07442
2.64293e+06,4.2686e+23,4.07849
2.64557e+06,4.28141e+23,4.08257
2.64822e+06,4.29427e+23,4.08665
2.65087e+06,4.30717e+23,4.09074
2.65352e+06,4.3201e+23,4.09483
2.65617e+06,4.33307e+23,4.09893
2.65883e+06,4.34609e+23,4.10302
2.66149e+06,4.35914e+23,4.10713
2.66415e+06,4.37223e+23,4.11123
2.66681e+06,4.38536e+23,4.11535
2.66948e+06,4.39853e+23,4.11946
2.67215e+06,4.41174e+23,4.12358
2.67482e+06,4.42498e+23,4.1277
2.6775e+06,4.43827e+23,4.13183
2.68017e+06,4.4516e+23,4.13596
2.68285e+06,4.46497e+23,4.1401
2.68554e+06,4.47838e+23,4.14424
2.68822e+06,4.49183e+23,4.14838
2.69091e+06,4.50532e+23,4.15253
2.6936e+06,4.51884e+23,4.15669
2.69629e+06,4.53241e+23,4.16084
2.69899e+06,4.54603e+23,4.165
2.70169e+06,4.55968e+23,4.16917
2.70439e+06,4.57337e+23,4.17334
2.7071e+06,4.5871e+23,4.17751
2.7098e+06,4.60088e+23,4.18169
2.71251e+06,4.6147e+23,4.18587
2.71523e+06,4.62855e+23,4.19006
2.71794e+06,4.64245e+23,4.19425
2.72066e+06,4.65639e+23,4.19844
2.72338e+06,4.67038e+23,4.20264
2.7261e+06,4.6844e+23,4.20684
2.72883e+06,4.69847e+23,4.21105
2.73156e+06,4.71258e+23,4.21526
2.73429e+06,4.72673e+23,4.21947
2.73702e+06,4.74093e+23,4.22369
2.73976e+06,4.75516e+23,4.22792
2.7425e+06,4.76944e+23,4.23214
2.74524e+06,4.78376e+23,4.23638
2.74799e+06,4.79813e+23,4.24061
2.75074e+06,4.81254e+23,4.24485
2.75349e+06,4.82699e+23,4.2491
2.75624e+06,4.84149e+23,4.25335
2.759e+06,4.85603e+23,4.2576
2.76176e+06,4.87061e+23,4.26186
2.76452e+06,4.88523e+23,4.26612
2.76728e+06,4.89991e+23,4.27039
2.77005e+06,4.91462e+23,4.27466
2.77282e+06,4.92938e+23,4.27893
2.77559e+06,4.94418e+23,4.28321
2.77837e+06,4.95903e+23,4.28749
2.78115e+06,4.97392e+23,4.29178
2.78393e+06,4.98886e+23,4.29607
2.78671e+06,5.00384e+23,4.30037
2.7895e+06,5.01887e+23,4.30467
2.79229e+06,5.03394e+23,4.30897
2.79508e+06,5.04905e+23,4.31328
2.79787e+06,5.06422e+23,4.3176
2.80067e+06,5.07942e+23,4.32191
2.80347e+06,5.09468e+23,4.32624
2.80628e+06,5.10998e+23,4.33056
2.80908e+06,5.12532e+23,4.33489
2.81189e+06,5.14071e+23,4.33923
2.8147e+06,5.15615e+23,4.34357
2.81752e+06,5.17163e+23,4.34791
2.82034e+06,5.18717e+23,4.35226
2.82316e+06,5.20274e+23,4.35661
2.82598e+06,5.21837e+23,4.36097
2.82881e+06,5.23404e+23,4.36533
2.83163e+06,5.24975e+23,4.36969
2.83447e+06,5.26552e+23,4.37406
2.8373e+06,5.28133e+23,4.37844
2.84014e+06,5.29719e+23,4.38282
2.84298e+06,5.3131e+23,4.3872
2.84582e+06,5.32905e+23,4.39159
2.84867e+06,5.34506e+23,4.39598
2.85151e+06,5.36111e+23,4.40037
2.85437e+06,5.37721e+23,4.40477
2.85722e+06,5.39336e+23,4.40918
2.86008e+06,5.40955e+23,4.41359
2.86294e+06,5.4258e+23,4.418
2.8658e+06,5.44209e+23,4.42242
2.86867e+06,5.45843e+23,4.42684
2.87154e+06,5.47483e+23,4.43127
2.87441e+06,5.49127e+23,4.4357
2.87728e+06,5.50776e+23,4.44014
2.88016e+06,5.5243e+23,4.44458
2.88304e+06,5.54089e+23,4.44902
2.88592e+06,5.55753e+23,4.45347
2.88881e+06,5.57421e+23,4.45792
2.8917e+06,5.59095e+23,4.46238
2.89459e+06,5.60774e+23,4.46684
2.89748e+06,5.62458e+23,4.47131
2.90038e+06,5.64147e+23,4.47578
2.90328e+06,5.65842e+23,4.48026
2.90618e+06,5.67541e+23,4.48474
2.90909e+06,5.69245e+23,4.48922
2.912e+06,5.70955e+23,4.49371
2.91491e+06,5.72669e+23,4.49821
2.91783e+06,5.74389e+23,4.5027
2.92074e+06,5.76114e+23,4.50721
2.92366e+06,5.77844e+23,4.51171
2.92659e+06,5.79579e+23,4.51622
2.92952e+06,5.8132e+23,4.52074
2.93244e+06,5.83065e+23,4.52526
2.93538e+06,5.84816e+23,4.52979
2.93831e+06,5.86572e+23,4.53432
2.94125e+06,5.88334e+23,4.53885
2.94419e+06,5.90101e+23,4.54339
2.94714e+06,5.91873e+23,4.54793
2.95008e+06,5.9365e+23,4.55248
2.95303e+06,5.95433e+23,4.55703
2.95599e+06,5.97221e+23,4.56159
2.95894e+06,5.99014e+23,4.56615
2.9619e+06,6.00813e+23,4.57072
2.96486e+06,6.02617e+23,4.57529
2.96783e+06,6.04427e+23,4.57986
2.9708e+06,6.06242e+23,4.58444
2.97377e+06,6.08063e+23,4.58903
2.97674e+06,6.09889e+23,4.59362
2.97972e+06,6.1172e+23,4.59821
2.9827e+06,6.13557e+23,4.60281
2.98568e+06,6.154e+23,4.60741
2.98867e+06,6.17248e+23,4.61202
2.99165e+06,6.19101e+23,4.61663
2.99465e+06,6.20961e+23,4.62125
2.99764e+06,6.22825e+23,4.62587
3.00064e+06,6.24696e+23,4.6305
3.00364e+06,6.26572e+23,4.63513
3.00664e+06,6.28453e+23,4.63976
3.00965e+06,6.3034e+23,4.6444
3.01266e+06,6.32233e+23,4.64905
3.01567e+06,6.34132e+23,4.65369
3.01869e+06,6.36036e+23,4.65835
3.02171e+06,6.37946e+23,4.66301
3.02473e+06,6.39862e+23,4.66767
3.02775e+06,6.41784e+23,4.67234
3.03078e+06,6.43711e+23,4.67701
3.03381e+06,6.45644e+23,4.68169
3.03684e+06,6.47583e+23,4.68637
3.03988e+06,6.49527e+23,4.69105
3.04292e+06,6.51478e+23,4.69575
3.04596e+06,6.53434e+23,4.70044
3.04901e+06,6.55397e+23,4.70514
3.05206e+06,6.57365e+23,4.70985
3.05511e+06,6.59339e+23,4.71456
3.05817e+06,6.61319e+23,4.71927
3.06122e+06,6.63305e+23,4.72399
3.06429e+06,6.65297e+23,4.72871
3.06735e+06,6.67295e+23,4.73344
3.07042e+06,6.69298e+23,4.73818
3.07349e+06,6.71308e+23,4.74292
3.07656e+06,6.73324e+23,4.74766
3.07964e+06,6.75346e+23,4.75241
3.08272e+06,6.77374e+23,4.75716
3.0858e+06,6.79409e+23,4.76192
3.08889e+06,6.81449e+23,4.76668
3.09197e+06,6.83495e+23,4.77144
3.09507e+06,6.85548e+23,4.77622
3.09816e+06,6.87606e+23,4.78099
3.10126e+06,6.89671e+23,4.78577
3.10436e+06,6.91742e+23,4.79056
3.10747e+06,6.9382e+23,4.79535
3.11057e+06,6.95903e+23,4.80014
3.11368e+06,6.97993e+23,4.80494
3.1168e+06,7.00089e+23,4.80975
3.11991e+06,7.02192e+23,4.81456
3.12303e+06,7.043e+23,4.81937
3.12616e+06,7.06415e+23,4.82419
3.12928e+06,7.08537e+23,4.82902
3.13241e+06,7.10664e+23,4.83385
3.13554e+06,7.12798e+23,4.83868
3.13868e+06,7.14939e+23,4.84352
3.14182e+06,7.17086e+23,4.84836
3.14496e+06,7.19239e+23,4.85321
3.14811e+06,7.21399e+23,4.85806
3.15125e+06,7.23566e+23,4.86292
3.15441e+06,7.25738e+23,4.86778
3.15756e+06,7.27918e+23,4.87265
3.16072e+06,7.30104e+23,4.87753
3.16388e+06,7.32296e+23,4.8824
3.16704e+06,7.34495e+23,4.88729
3.17021e+06,7.36701e+23,4.89217
3.17338e+06,7.38913e+23,4.89706
3.17655e+06,7.41132e+23,4.90196
3.17973e+06,7.43358e+23,4.90686
3.18291e+06,7.4559e+23,4.91177
3.18609e+06,7.47829e+23,4.91668
3.18928e+06,7.50075e+23,4.9216
3.19247e+06,7.52327e+23,4.92652
3.19566e+06,7.54587e+23,4.93145
3.19886e+06,7.56853e+23,4.93638
3.20205e+06,7.59126e+23,4.94131
3.20526e+06,7.61405e+23,4.94626
3.20846e+06,7.63692e+23,4.9512
3.21167e+06,7.65985e+23,4.95615
3.21488e+06,7.68285e+23,4.96111
3.2181e+06,7.70592e+23,4.96607
3.22131e+06,7.72907e+23,4.97104
3.22454e+06,7.75228e+23,4.97601
3.22776e+06,7.77556e+23,4.98098
3.23099e+06,7.79891e+23,4.98597
3.23422e+06,7.82233e+23,4.99095
3.23745e+06,7.84582e+23,4.99594
3.24069e+06,7.86938e+23,5.00094
3.24393e+06,7.89301e+23,5.00594
3.24718e+06,7.91671e+23,5.01094
3.25042e+06,7.94049e+23,5.01596
3.25367e+06,7.96433e+23,5.02097
3.25693e+06,7.98825e+23,5.02599
3.26018e+06,8.01224e+23,5.03102
3.26344e+06,8.0363e+23,5.03605
3.26671e+06,8.06043e+23,5.04109
3.26997e+06,8.08464e+23,5.04613
3.27324e+06,8.10891e+23,5.05117
3.27652e+06,8.13327e+23,5.05622
3.27979e+06,8.15769e+23,5.06128
3.28307e+06,8.18219e+23,5.06634
3.28636e+06,8.20676e+23,5.07141
3.28964e+06,8.2314e+23,5.07648
3.29293e+06,8.25612e+23,5.08156
3.29623e+06,8.28092e+23,5.08664
3.29952e+06,8.30578e+23,5.09172
3.30282e+06,8.33073e+23,5.09682
3.30612e+06,8.35574e+23,5.10191
3.30943e+06,8.38083e+23,5.10701
3.31274e+06,8.406e+23,5.11212
3.31605e+06,8.43125e+23,5.11723
3.31937e+06,8.45656e+23,5.12235
3.32269e+06,8.48196e+23,5.12747
3.32601e+06,8.50743e+23,5.1326
3.32934e+06,8.53298e+23,5.13773
3.33267e+06,8.5586e+23,5.14287
3.336e+06,8.58431e+23,5.14801
3.33933e+06,8.61008e+23,5.15316
3.34267e+06,8.63594e+23,5.15832
3.34602e+06,8.66187e+23,5.16347
3.34936e+06,8.68789e+23,5.16864
3.35271e+06,8.71397e+23,5.17381
3.35606e+06,8.74014e+23,5.17898
3.35942e+06,8.76639e+23,5.18416
3.36278e+06,8.79272e+23,5.18934
3.36614e+06,8.81912e+23,5.19453
3.36951e+06,8.8456e+23,5.19973
3.37288e+06,8.87217e+23,5.20493
3.37625e+06,8.89881e+23,5.21013
3.37963e+06,8.92553e+23,5.21534
3.38301e+06,8.95234e+23,5.22056
3.38639e+06,8.97922e+23,5.22578
3.38978e+06,9.00618e+23,5.231
3.39317e+06,9.03323e+23,5.23623
3.39656e+06,9.06036e+23,5.24147
3.39996e+06,9.08757e+23,5.24671
3.40336e+06,9.11486e+23,5.25196
3.40676e+06,9.14223e+23,5.25721
3.41017e+06,9.16968e+23,5.26247
3.41358e+06,9.19722e+23,5.26773
3.41699e+06,9.22484e+23,5.273
3.42041e+06,9.25254e+23,5.27827
3.42383e+06,9.28033e+23,5.28355
3.42725e+06,9.30819e+23,5.28883
3.43068e+06,9.33615e+23,5.29412
3.43411e+06,9.36418e+23,5.29942
3.43754e+06,9.3923e+23,5.30471
3.44098e+06,9.42051e+23,5.31002
3.44442e+06,9.4488e+23,5.31533
3.44787e+06,9.47717e+23,5.32064
3.45131e+06,9.50563e+23,5.32597
3.45477e+06,9.53418e+23,5.33129
3.45822e+06,9.56281e+23,5.33662
3.46168e+06,9.59153e+23,5.34196
3.46514e+06,9.62033e+23,5.3473
3.4686e+06,9.64922e+23,5.35265
3.47207e+06,9.6782e+23,5.358
3.47555e+06,9.70726e+23,5.36336
3.47902e+06,9.73641e+23,5.36872
3.4825e+06,9.76565e+23,5.37409
3.48598e+06,9.79498e+23,5.37947
3.48947e+06,9.82439e+23,5.38484
3.49296e+06,9.85389e+23,5.39023
3.49645e+06,9.88348e+23,5.39562
3.49995e+06,9.91316e+23,5.40102
3.50345e+06,9.94293e+23,5.40642
3.50695e+06,9.97279e+23,5.41182
3.51046e+06,1.00027e+24,5.41723
3.51397e+06,1.00328e+24,5.42265
3.51748e+06,1.00629e+24,5.42807
3.521e+06,1.00931e+24,5.4335
3.52452e+06,1.01234e+24,5.43894
3.52805e+06,1.01538e+24,5.44438
3.53157e+06,1.01843e+24,5.44982
3.5351e+06,1.02149e+24,5.45527
3.53864e+06,1.02456e+24,5.46072
3.54218e+06,1.02764e+24,5.46619
3.54572e+06,1.03072e+24,5.47165
3.54927e+06,1.03382e+24,5.47712
3.55282e+06,1.03692e+24,5.4826
3.55637e+06,1.04004e+24,5.48808
3.55993e+06,1.04316e+24,5.49357
3.56348e+06,1.04629e+24,5.49906
3.56705e+06,1.04943e+24,5.50456
3.57062e+06,1.05258e+24,5.51007
3.57419e+06,1.05575e+24,5.51558
3.57776e+06,1.05892e+24,5.52109
3.58134e+06,1.0621e+24,5.52661
3.58492e+06,1.06529e+24,5.53214
3.5885e+06,1.06848e+24,5.53767
3.59209e+06,1.07169e+24,5.54321
3.59568e+06,1.07491e+24,5.54875
3.59928e+06,1.07814e+24,5.5543
3.60288e+06,1.08138e+24,5.55986
3.60648e+06,1.08462e+24,5.56542
3.61009e+06,1.08788e+24,5.57098
3.6137e+06,1.09115e+24,5.57655
3.61731e+06,1.09442e+24,5.58213
3.62093e+06,1.09771e+24,5.58771
3.62455e+06,1.10101e+24,5.5933
3.62818e+06,1.10431e+24,5.59889
3.6318e+06,1.10763e+24,5.60449
3.63544e+06,1.11096e+24,5.6101
3.63907e+06,1.11429e+24,5.61571
3.64271e+06,1.11764e+24,5.62132
3.64635e+06,1.121e+24,5.62694
3.65e+06,1.12436e+24,5.63257
3.65365e+06,1.12774e+24,5.6382
3.6573e+06,1.13112e+24,5.64384
3.66096e+06,1.13452e+24,5.64949
3.66462e+06,1.13793e+24,5.65514
3.66829e+06,1.14135e+24,5.66079
3.67195e+06,1.14477e+24,5.66645
3.67563e+06,1.14821e+24,5.67212
3.6793e+06,1.15166e+24,5.67779
3.68298e+06,1.15512e+24,5.68347
3.68666e+06,1.15859e+24,5.68915
3.69035e+06,1.16207e+24,5.69484
3.69404e+06,1.16556e+24,5.70053
3.69774e+06,1.16906e+24,5.70624
3.70143e+06,1.17257e+24,5.71194
3.70513e+06,1.17609e+24,5.71765
3.70884e+06,1.17962e+24,5.72337
3.71255e+06,1.18316e+24,5.72909
3.71626e+06,1.18671e+24,5.73482
3.71998e+06,1.19028e+24,5.74056
3.7237e+06,1.19385e+24,5.7463
3.72742e+06,1.19744e+24,5.75205
3.73115e+06,1.20103e+24,5.7578
3.73488e+06,1.20464e+24,5.76356
3.73861e+06,1.20826e+24,5.76932
3.74235e+06,1.21189e+24,5.77509
3.7461e+06,1.21553e+24,5.78086
3.74984e+06,1.21918e+24,5.78664
3.75359e+06,1.22284e+24,5.79243
3.75734e+06,1.22651e+24,5.79822
3.7611e+06,1.23019e+24,5.80402
3.76486e+06,1.23389e+24,5.80983
3.76863e+06,1.23759e+24,5.81564
3.7724e+06,1.24131e+24,5.82145
3.77617e+06,1.24504e+24,5.82727
3.77995e+06,1.24878e+24,5.8331
3.78373e+06,1.25253e+24,5.83893
3.78751e+06,1.25629e+24,5.84477
3.7913e+06,1.26006e+24,5.85062
3.79509e+06,1.26384e+24,5.85647
3.79888e+06,1.26764e+24,5.86232
3.80268e+06,1.27145e+24,5.86819
3.80648e+06,1.27526e+24,5.87405
3.81029e+06,1.27909e+24,5.87993
3.8141e+06,1.28293e+24,5.88581
3.81792e+06,1.28679e+24,5.89169
3.82173e+06,1.29065e+24,5.89759
3.82555e+06,1.29453e+24,5.90348
3.82938e+06,1.29841e+24,5.90939
3.83321e+06,1.30231e+24,5.9153
3.83704e+06,1.30622e+24,5.92121
3.84088e+06,1.31015e+24,5.92713
3.84472e+06,1.31408e+24,5.93306
3.84857e+06,1.31803e+24,5.93899
3.85241e+06,1.32199e+24,5.94493
3.85627e+06,1.32596e+24,5.95088
3.86012e+06,1.32994e+24,5.95683
3.86398e+06,1.33393e+24,5.96278
3.86785e+06,1.33794e+24,5.96875
3.87171e+06,1.34195e+24,5.97472
3.87559e+06,1.34598e+24,5.98069
3.87946e+06,1.35003e+24,5.98667
3.88334e+06,1.35408e+24,5.99266
3.88722e+06,1.35815e+24,5.99865
3.89111e+06,1.36223e+24,6.00465
3.895e+06,1.36632e+24,6.01065
3.8989e+06,1.37042e+24,6.01666
3.9028e+06,1.37453e+24,6.02268
3.9067e+06,1.37866e+24,6.0287
3.91061e+06,1.3828e+24,6.03473
3.91452e+06,1.38695e+24,6.04077
3.91843e+06,1.39112e+24,6.04681
3.92235e+06,1.3953e+24,6.05285
3.92627e+06,1.39949e+24,6.05891
3.9302e+06,1.40369e+24,6.06497
3.93413e+06,1.40791e+24,6.07103
3.93806e+06,1.41213e+24,6.0771
3.942e+06,1.41637e+24,6.08318
3.94594e+06,1.42063e+24,6.08926
3.94989e+06,1.42489e+24,6.09535
3.95384e+06,1.42917e+24,6.10145
3.95779e+06,1.43346e+24,6.10755
3.96175e+06,1.43777e+24,6.11366
3.96571e+06,1.44209e+24,6.11977
3.96968e+06,1.44642e+24,6.12589
3.97365e+06,1.45076e+24,6.13202
3.97762e+06,1.45512e+24,6.13815
3.9816e+06,1.45949e+24,6.14429
3.98558e+06,1.46387e+24,6.15043
3.98957e+06,1.46827e+24,6.15658
3.99356e+06,1.47268e+24,6.16274
3.99755e+06,1.4771e+24,6.1689
4.00155e+06,1.48153e+24,6.17507
4.00555e+06,1.48598e+24,6.18124
4.00955e+06,1.49044e+24,6.18743
4.01356e+06,1.49492e+24,6.19361
4.01758e+06,1.49941e+24,6.19981
4.02159e+06,1.50391e+24,6.20601
4.02562e+06,1.50843e+24,6.21221
4.02964e+06,1.51296e+24,6.21842
4.03367e+06,1.5175e+24,6.22464
4.03771e+06,1.52206e+24,6.23087
4.04174e+06,1.52663e+24,6.2371
4.04578e+06,1.53121e+24,6.24334
4.04983e+06,1.53581e+24,6.24958
4.05388e+06,1.54042e+24,6.25583
4.05793e+06,1.54505e+24,6.26208
4.06199e+06,1.54969e+24,6.26835
4.06605e+06,1.55434e+24,6.27461
4.07012e+06,1.55901e+24,6.28089
4.07419e+06,1.56369e+24,6.28717
4.07826e+06,1.56839e+24,6.29346
4.08234e+06,1.5731e+24,6.29975
4.08643e+06,1.57782e+24,6.30605
4.09051e+06,1.58256e+24,6.31236
4.0946e+06,1.58731e+24,6.31867
4.0987e+06,1.59208e+24,6.32499
4.1028e+06,1.59686e+24,6.33131
4.1069e+06,1.60166e+24,6.33764
4.11101e+06,1.60647e+24,6.34398
4.11512e+06,1.61129e+24,6.35033
4.11923e+06,1.61613e+24,6.35668
4.12335e+06,1.62098e+24,6.36303
4.12747e+06,1.62585e+24,6.3694
4.1316e+06,1.63073e+24,6.37576
4.13573e+06,1.63563e+24,6.38214
4.13987e+06,1.64054e+24,6.38852
4.14401e+06,1.64547e+24,6.39491
4.14815e+06,1.65041e+24,6.40131
4.1523e+06,1.65537e+24,6.40771
4.15645e+06,1.66034e+24,6.41412
4.16061e+06,1.66532e+24,6.42053
4.16477e+06,1.67032e+24,6.42695
4.16893e+06,1.67534e+24,6.43338
4.1731e+06,1.68037e+24,6.43981
4.17728e+06,1.68542e+24,6.44625
4.18145e+06,1.69048e+24,6.4527
4.18564e+06,1.69556e+24,6.45915
4.18982e+06,1.70065e+24,6.46561
4.19401e+06,1.70575e+24,6.47207
4.1982e+06,1.71088e+24,6.47855
4.2024e+06,1.71601e+24,6.48502
4.20661e+06,1.72117e+24,6.49151
4.21081e+06,1.72634e+24,6.498
4.21502e+06,1.73152e+24,6.5045
4.21924e+06,1.73672e+24,6.511
4.22346e+06,1.74194e+24,6.51751
4.22768e+06,1.74717e+24,6.52403
4.23191e+06,1.75241e+24,6.53056
4.23614e+06,1.75768e+24,6.53709
4.24038e+06,1.76295e+24,6.54362
4.24462e+06,1.76825e+24,6.55017
4.24886e+06,1.77356e+24,6.55672
4.25311e+06,1.77888e+24,6.56327
4.25736e+06,1.78423e+24,6.56984
4.26162e+06,1.78958e+24,6.57641
4.26588e+06,1.79496e+24,6.58298
4.27015e+06,1.80035e+24,6.58957
4.27442e+06,1.80575e+24,6.59616
4.27869e+06,1.81118e+24,6.60275
4.28297e+06,1.81662e+24,6.60935
4.28725e+06,1.82207e+24,6.61596
4.29154e+06,1.82754e+24,6.62258
4.29583e+06,1.83303e+24,6.6292
4.30013e+06,1.83854e+24,6.63583
4.30443e+06,1.84406e+24,6.64247
4.30873e+06,1.8496e+24,6.64911
4.31304e+06,1.85515e+24,6.65576
4.31736e+06,1.86072e+24,6.66242
4.32167e+06,1.86631e+24,6.66908
4.32599e+06,1.87191e+24,6.67575
4.33032e+06,1.87753e+24,6.68242
4.33465e+06,1.88317e+24,6.6891
4.33899e+06,1.88883e+24,6.69579
4.34332e+06,1.8945e+24,6.70249
4.34767e+06,1.90019e+24,6.70919
4.35202e+06,1.9059e+24,6.7159
4.35637e+06,1.91162e+24,6.72262
4.36072e+06,1.91736e+24,6.72934
4.36508e+06,1.92312e+24,6.73607
4.36945e+06,1.92889e+24,6.74281
4.37382e+06,1.93468e+24,6.74955
4.37819e+06,1.94049e+24,6.7563
4.38257e+06,1.94632e+24,6.76305
4.38695e+06,1.95217e+24,6.76982
4.39134e+06,1.95803e+24,6.77659
4.39573e+06,1.96391e+24,6.78336
4.40013e+06,1.96981e+24,6.79015
4.40453e+06,1.97572e+24,6.79694
4.40893e+06,1.98165e+24,6.80373
4.41334e+06,1.98761e+24,6.81054
4.41775e+06,1.99357e+24,6.81735
4.42217e+06,1.99956e+24,6.82417
4.42659e+06,2.00557e+24,6.83099
4.43102e+06,2.01159e+24,6.83782
4.43545e+06,2.01763e+24,6.84466
4.43989e+06,2.02369e+24,6.8515
4.44433e+06,2.02977e+24,6.85835
4.44877e+06,2.03586e+24,6.86521
4.45322e+06,2.04197e+24,6.87208
4.45767e+06,2.04811e+24,6.87895
4.46213e+06,2.05426e+24,6.88583
4.46659e+06,2.06043e+24,6.89272
4.47106e+06,2.06661e+24,6.89961
4.47553e+06,2.07282e+24,6.90651
4.48001e+06,2.07904e+24,6.91341
4.48449e+06,2.08529e+24,6.92033
4.48897e+06,2.09155e+24,6.92725
4.49346e+06,2.09783e+24,6.93417
4.49795e+06,2.10413e+24,6.94111
4.50245e+06,2.11045e+24,6.94805
4.50695e+06,2.11679e+24,6.955
4.51146e+06,2.12314e+24,6.96195
4.51597e+06,2.12952e+24,6.96892
4.52049e+06,2.13591e+24,6.97588
4.52501e+06,2.14233e+24,6.98286
4.52953e+06,2.14876e+24,6.98984
4.53406e+06,2.15521e+24,6.99683
4.5386e+06,2.16169e+24,7.00383
4.54314e+06,2.16818e+24,7.01083
4.54768e+06,2.17469e+24,7.01784
4.55223e+06,2.18122e+24,7.02486
4.55678e+06,2.18777e+24,7.03189
4.56134e+06,2.19434e+24,7.03892
4.5659e+06,2.20093e+24,7.04596
4.57046e+06,2.20754e+24,7.053
4.57503e+06,2.21417e+24,7.06006
4.57961e+06,2.22082e+24,7.06712
4.58419e+06,2.22749e+24,7.07418
4.58877e+06,2.23418e+24,7.08126
4.59336e+06,2.24088e+24,7.08834
4.59795e+06,2.24761e+24,7.09543
4.60255e+06,2.25436e+24,7.10252
4.60716e+06,2.26113e+24,7.10963
4.61176e+06,2.26792e+24,7.11674
4.61637e+06,2.27473e+24,7.12385
4.62099e+06,2.28157e+24,7.13098
4.62561e+06,2.28842e+24,7.13811
4.63024e+06,2.29529e+24,7.14524
4.63487e+06,2.30218e+24,7.15239
4.6395e+06,2.3091e+24,7.15954
4.64414e+06,2.31603e+24,7.1667
4.64879e+06,2.32298e+24,7.17387
4.65343e+06,2.32996e+24,7.18104
4.65809e+06,2.33696e+24,7.18822
4.66275e+06,2.34398e+24,7.19541
4.66741e+06,2.35101e+24,7.20261
4.67208e+06,2.35807e+24,7.20981
4.67675e+06,2.36516e+24,7.21702
4.68143e+06,2.37226e+24,7.22424
4.68611e+06,2.37938e+24,7.23146
4.69079e+06,2.38653e+24,7.23869
4.69548e+06,2.39369e+24,7.24593
4.70018e+06,2.40088e+24,7.25318
4.70488e+06,2.40809e+24,7.26043
4.70958e+06,2.41532e+24,7.26769
4.71429e+06,2.42258e+24,7.27496
4.71901e+06,2.42985e+24,7.28223
4.72373e+06,2.43715e+24,7.28952
4.72845e+06,2.44447e+24,7.29681
4.73318e+06,2.45181e+24,7.3041
4.73791e+06,2.45917e+24,7.31141
4.74265e+06,2.46656e+24,7.31872
4.74739e+06,2.47396e+24,7.32604
4.75214e+06,2.48139e+24,7.33336
4.75689e+06,2.48884e+24,7.3407
4.76165e+06,2.49632e+24,7.34804
4.76641e+06,2.50381e+24,7.35538
4.77118e+06,2.51133e+24,7.36274
4.77595e+06,2.51887e+24,7.3701
4.78072e+06,2.52644e+24,7.37747
4.78551e+06,2.53403e+24,7.38485
4.79029e+06,2.54164e+24,7.39223
4.79508e+06,2.54927e+24,7.39963
4.79988e+06,2.55692e+24,7.40703
4.80468e+06,2.5646e+24,7.41443
4.80948e+06,2.5723e+24,7.42185
4.81429e+06,2.58003e+24,7.42927
4.8191e+06,2.58778e+24,7.4367
4.82392e+06,2.59555e+24,7.44414
4.82875e+06,2.60334e+24,7.45158
4.83358e+06,2.61116e+24,7.45903
4.83841e+06,2.619e+24,7.46649
4.84325e+06,2.62687e+24,7.47396
4.84809e+06,2.63475e+24,7.48143
4.85294e+06,2.64267e+24,7.48891
4.85779e+06,2.6506e+24,7.4964
4.86265e+06,2.65856e+24,7.5039
4.86751e+06,2.66655e+24,7.5114
4.87238e+06,2.67455e+24,7.51891
4.87725e+06,2.68258e+24,7.52643
4.88213e+06,2.69064e+24,7.53396
4.88701e+06,2.69872e+24,7.54149
4.8919e+06,2.70682e+24,7.54903
4.89679e+06,2.71495e+24,7.55658
4.90169e+06,2.72311e+24,7.56414
4.90659e+06,2.73128e+24,7.5717
4.9115e+06,2.73949e+24,7.57928
4.91641e+06,2.74771e+24,7.58685
4.92132e+06,2.75596e+24,7.59444
4.92625e+06,2.76424e+24,7.60204
4.93117e+06,2.77254e+24,7.60964
4.9361e+06,2.78087e+24,7.61725
4.94104e+06,2.78922e+24,7.62486
4.94598e+06,2.79759e+24,7.63249
4.95093e+06,2.806e+24,7.64012
4.95588e+06,2.81442e+24,7.64776
4.96083e+06,2.82287e+24,7.65541
4.96579e+06,2.83135e+24,7.66307
4.97076e+06,2.83985e+24,7.67073
4.97573e+06,2.84838e+24,7.6784
4.98071e+06,2.85693e+24,7.68608
4.98569e+06,2.86551e+24,7.69376
4.99067e+06,2.87412e+24,7.70146
4.99566e+06,2.88275e+24,7.70916
5.00066e+06,2.89141e+24,7.71687
5.00566e+06,2.90009e+24,7.72459
5.01066e+06,2.9088e+24,7.73231
5.01568e+06,2.91753e+24,7.74004
5.02069e+06,2.9263e+24,7.74778
5.02571e+06,2.93508e+24,7.75553
5.03074e+06,2.9439e+24,7.76329
5.03577e+06,2.95274e+24,7.77105
5.0408e+06,2.96161e+24,7.77882
5.04584e+06,2.9705e+24,7.7866
5.05089e+06,2.97942e+24,7.79439
5.05594e+06,2.98837e+24,7.80218
5.061e+06,2.99734e+24,7.80998
5.06606e+06,3.00634e+24,7.81779
5.07112e+06,3.01537e+24,7.82561
5.0762e+06,3.02442e+24,7.83344
5.08127e+06,3.03351e+24,7.84127
5.08635e+06,3.04262e+24,7.84911
5.09144e+06,3.05175e+24,7.85696
5.09653e+06,3.06092e+24,7.86482
5.10163e+06,3.07011e+24,7.87268
5.10673e+06,3.07933e+24,7.88055
5.11184e+06,3.08858e+24,7.88843
5.11695e+06,3.09785e+24,7.89632
5.12206e+06,3.10715e+24,7.90422
5.12719e+06,3.11649e+24,7.91212
5.13231e+06,3.12584e+24,7.92004
5.13745e+06,3.13523e+24,7.92796
5.14258e+06,3.14465e+24,7.93588
5.14773e+06,3.15409e+24,7.94382
5.15287e+06,3.16356e+24,7.95176
5.15803e+06,3.17306e+24,7.95971
5.16318e+06,3.18259e+24,7.96767
5.16835e+06,3.19215e+24,7.97564
5.17352e+06,3.20173e+24,7.98362
5.17869e+06,3.21135e+24,7.9916
5.18387e+06,3.22099e+24,7.99959
5.18905e+06,3.23066e+24,8.00759
5.19424e+06,3.24037e+24,8.0156
5.19944e+06,3.2501e+24,8.02362
5.20464e+06,3.25986e+24,8.03164
5.20984e+06,3.26965e+24,8.03967
5.21505e+06,3.27947e+24,8.04771
5.22026e+06,3.28931e+24,8.05576
5.22549e+06,3.29919e+24,8.06381
5.23071e+06,3.3091e+24,8.07188
5.23594e+06,3.31904e+24,8.07995
5.24118e+06,3.329e+24,8.08803
5.24642e+06,3.339e+24,8.09612
5.25166e+06,3.34903e+24,8.10421
5.25692e+06,3.35908e+24,8.11232
5.26217e+06,3.36917e+24,8.12043
5.26744e+06,3.37929e+24,8.12855
5.2727e+06,3.38944e+24,8.13668
5.27798e+06,3.39962e+24,8.14482
5.28325e+06,3.40982e+24,8.15296
5.28854e+06,3.42006e+24,8.16111
5.29383e+06,3.43033e+24,8.16927
5.29912e+06,3.44064e+24,8.17744
5.30442e+06,3.45097e+24,8.18562
5.30972e+06,3.46133e+24,8.19381
5.31503e+06,3.47173e+24,8.202
5.32035e+06,3.48215e+24,8.2102
5.32567e+06,3.49261e+24,8.21841
5.33099e+06,3.5031e+24,8.22663
5.33632e+06,3.51362e+24,8.23486
5.34166e+06,3.52417e+24,8.24309
5.347e+06,3.53475e+24,8.25134
5.35235e+06,3.54537e+24,8.25959
5.3577e+06,3.55601e+24,8.26785
5.36306e+06,3.56669e+24,8.27611
5.36842e+06,3.5774e+24,8.28439
5.37379e+06,3.58815e+24,8.29268
5.37916e+06,3.59892e+24,8.30097
5.38454e+06,3.60973e+24,8.30927
5.38993e+06,3.62057e+24,8.31758
5.39532e+06,3.63144e+24,8.3259
5.40071e+06,3.64235e+24,8.33422
5.40611e+06,3.65328e+24,8.34256
5.41152e+06,3.66425e+24,8.3509
5.41693e+06,3.67526e+24,8.35925
5.42235e+06,3.6863e+24,8.36761
5.42777e+06,3.69737e+24,8.37598
5.4332e+06,3.70847e+24,8.38435
5.43863e+06,3.7196e+24,8.39274
5.44407e+06,3.73077e+24,8.40113
5.44952e+06,3.74198e+24,8.40953
5.45496e+06,3.75322e+24,8.41794
5.46042e+06,3.76449e+24,8.42636
5.46588e+06,3.77579e+24,8.43478
5.47135e+06,3.78713e+24,8.44322
5.47682e+06,3.7985e+24,8.45166
5.48229e+06,3.80991e+24,8.46011
5.48778e+06,3.82135e+24,8.46857
5.49326e+06,3.83283e+24,8.47704
5.49876e+06,3.84434e+24,8.48552
5.50426e+06,3.85588e+24,8.49401
5.50976e+06,3.86746e+24,8.5025
5.51527e+06,3.87907e+24,8.511
5.52079e+06,3.89072e+24,8.51951
5.52631e+06,3.90241e+24,8.52803
5.53183e+06,3.91413e+24,8.53656
5.53736e+06,3.92588e+24,8.5451
5.5429e+06,3.93767e+24,8.55364
5.54844e+06,3.94949e+24,8.5622
5.55399e+06,3.96135e+24,8.57076
5.55955e+06,3.97325e+24,8.57933
5.56511e+06,3.98518e+24,8.58791
5.57067e+06,3.99715e+24,8.5965
5.57624e+06,4.00915e+24,8.60509
5.58182e+06,4.02119e+24,8.6137
5.5874e+06,4.03327e+24,8.62231
5.59299e+06,4.04538e+24,8.63093
5.59858e+06,4.05753e+24,8.63956
5.60418e+06,4.06971e+24,8.6482
5.60978e+06,4.08193e+24,8.65685
5.61539e+06,4.09419e+24,8.66551
5.62101e+06,4.10649e+24,8.67417
5.62663e+06,4.11882e+24,8.68285
5.63226e+06,4.13119e+24,8.69153
5.63789e+06,4.14359e+24,8.70022
5.64353e+06,4.15604e+24,8.70892
5.64917e+06,4.16852e+24,8.71763
5.65482e+06,4.18104e+24,8.72635
5.66047e+06,4.19359e+24,8.73508
5.66613e+06,4.20618e+24,8.74381
5.6718e+06,4.21882e+24,8.75256
5.67747e+06,4.23148e+24,8.76131
5.68315e+06,4.24419e+24,8.77007
5.68883e+06,4.25694e+24,8.77884
5.69452e+06,4.26972e+24,8.78762
5.70022e+06,4.28254e+24,8.79641
5.70592e+06,4.2954e+24,8.8052
5.71162e+06,4.3083e+24,8.81401
5.71733e+06,4.32124e+24,8.82282
5.72305e+06,4.33422e+24,8.83164
5.72877e+06,4.34723e+24,8.84048
5.7345e+06,4.36029e+24,8.84932
5.74024e+06,4.37338e+24,8.85817
5.74598e+06,4.38651e+24,8.86702
5.75172e+06,4.39969e+24,8.87589
5.75748e+06,4.4129e+24,8.88477
5.76323e+06,4.42615e+24,8.89365
5.769e+06,4.43944e+24,8.90254
5.77477e+06,4.45278e+24,8.91145
5.78054e+06,4.46615e+24,8.92036
5.78632e+06,4.47956e+24,8.92928
5.79211e+06,4.49301e+24,8.93821
5.7979e+06,4.5065e+24,8.94715
5.8037e+06,4.52004e+24,8.95609
5.8095e+06,4.53361e+24,8.96505
5.81531e+06,4.54722e+24,8.97401
5.82113e+06,4.56088e+24,8.98299
5.82695e+06,4.57458e+24,8.99197
5.83277e+06,4.58831e+24,9.00096
5.83861e+06,4.60209e+24,9.00996
5.84445e+06,4.61591e+24,9.01897
5.85029e+06,4.62977e+24,9.02799
5.85614e+06,4.64368e+24,9.03702
5.862e+06,4.65762e+24,9.04606
5.86786e+06,4.67161e+24,9.0551
5.87373e+06,4.68564e+24,9.06416
5.8796e+06,4.69971e+24,9.07322
5.88548e+06,4.71382e+24,9.0823
5.89136e+06,4.72798e+24,9.09138
5.89726e+06,4.74218e+24,9.10047
5.90315e+06,4.75642e+24,9.10957
5.90906e+06,4.7707e+24,9.11868
5.91497e+06,4.78503e+24,9.1278
5.92088e+06,4.7994e+24,9.13693
5.9268e+06,4.81381e+24,9.14606
5.93273e+06,4.82826e+24,9.15521
5.93866e+06,4.84276e+24,9.16437
5.9446e+06,4.85731e+24,9.17353
5.95054e+06,4.87189e+24,9.1827
5.95649e+06,4.88652e+24,9.19189
5.96245e+06,4.9012e+24,9.20108
5.96841e+06,4.91592e+24,9.21028
5.97438e+06,4.93068e+24,9.21949
5.98036e+06,4.94548e+24,9.22871
5.98634e+06,4.96034e+24,9.23794
5.99232e+06,4.97523e+24,9.24718
5.99832e+06,4.99017e+24,9.25642
6.00431e+06,5.00516e+24,9.26568
6.01032e+06,5.02019e+24,9.27495
6.01633e+06,5.03526e+24,9.28422
6.02234e+06,5.05039e+24,9.2935
6.02837e+06,5.06555e+24,9.3028
6.0344e+06,5.08076e+24,9.3121
6.04043e+06,5.09602e+24,9.32141
6.04647e+06,5.11132e+24,9.33073
6.05252e+06,5.12667e+24,9.34006
6.05857e+06,5.14207e+24,9.3494
6.06463e+06,5.15751e+24,9.35875
6.07069e+06,5.173e+24,9.36811
6.07676e+06,5.18853e+24,9.37748
6.08284e+06,5.20411e+24,9.38686
6.08892e+06,5.21974e+24,9.39625
6.09501e+06,5.23542e+24,9.40564
6.10111e+06,5.25114e+24,9.41505
6.10721e+06,5.26691e+24,9.42446
6.11331e+06,5.28272e+24,9.43389
6.11943e+06,5.29859e+24,9.44332
6.12555e+06,5.3145e+24,9.45276
6.13167e+06,5.33046e+24,9.46222
6.1378e+06,5.34647e+24,9.47168
6.14394e+06,5.36252e+24,9.48115
6.15009e+06,5.37863e+24,9.49063
6.15624e+06,5.39478e+24,9.50012
6.16239e+06,5.41098e+24,9.50962
6.16856e+06,5.42723e+24,9.51913
6.17472e+06,5.44353e+24,9.52865
6.1809e+06,5.45987e+24,9.53818
6.18708e+06,5.47627e+24,9.54772
6.19327e+06,5.49271e+24,9.55727
6.19946e+06,5.50921e+24,9.56682
6.20566e+06,5.52575e+24,9.57639
6.21187e+06,5.54235e+24,9.58597
6.21808e+06,5.55899e+24,9.59555
6.22429e+06,5.57568e+24,9.60515
6.23052e+06,5.59243e+24,9.61475
6.23675e+06,5.60922e+24,9.62437
6.24299e+06,5.62607e+24,9.63399
6.24923e+06,5.64296e+24,9.64363
6.25548e+06,5.65991e+24,9.65327
6.26173e+06,5.6769e+24,9.66292
6.268e+06,5.69395e+24,9.67259
6.27426e+06,5.71105e+24,9.68226
6.28054e+06,5.7282e+24,9.69194
6.28682e+06,5.7454e+24,9.70163
6.29311e+06,5.76266e+24,9.71133
6.2994e+06,5.77996e+24,9.72105
6.3057e+06,5.79732e+24,9.73077
6.312e+06,5.81473e+24,9.7405
6.31832e+06,5.83219e+24,9.75024
6.32463e+06,5.8497e+24,9.75999
6.33096e+06,5.86727e+24,9.76975
6.33729e+06,5.88489e+24,9.77952
6.34363e+06,5.90256e+24,9.7893
6.34997e+06,5.92029e+24,9.79909
6.35632e+06,5.93807e+24,9.80889
6.36268e+06,5.9559e+24,9.81869
6.36904e+06,5.97378e+24,9.82851
